r,t,y,AccumulatedNewCapacity
RE1,MINCOA,2020,473.04
RE1,MINCOA,2021,473.04
RE1,MINCOA,2022,473.04
RE1,MINCOA,2023,473.04
RE1,MINCOA,2024,473.04
RE1,MINCOA,2025,473.04
RE1,MINCOA,2026,473.04
RE1,MINCOA,2027,473.04
RE1,MINCOA,2028,473.04
RE1,MINCOA,2029,473.04
RE1,MINCOA,2030,473.04
RE1,MINCOA,2031,473.04
RE1,MINCOA,2032,473.04
RE1,MINCOA,2033,473.04
RE1,MINCOA,2034,473.04
RE1,MINCOA,2035,473.04
RE1,MINGAS,2020,63.072
RE1,MINGAS,2021,63.072
RE1,MINGAS,2022,63.072
RE1,MINGAS,2023,63.072
RE1,MINGAS,2024,63.072
RE1,MINGAS,2025,63.072
RE1,MINGAS,2026,120.8074
RE1,MINGAS,2027,120.8074
RE1,MINGAS,2028,120.8074
RE1,MINGAS,2029,120.8074
RE1,MINGAS,2030,120.8074
RE1,MINGAS,2031,120.8074
RE1,MINGAS,2032,120.8074
RE1,MINGAS,2033,120.8074
RE1,MINGAS,2034,120.8074
RE1,MINGAS,2035,120.8074
RE1,PWRCOA,2020,0.0
RE1,PWRCOA,2021,0.0
RE1,PWRCOA,2022,0.0
RE1,PWRCOA,2023,0.0
RE1,PWRCOA,2024,0.0
RE1,PWRCOA,2025,0.0
RE1,PWRCOA,2026,0.0
RE1,PWRCOA,2027,0.0
RE1,PWRCOA,2028,0.0
RE1,PWRCOA,2029,0.0
RE1,PWRCOA,2030,0.0
RE1,PWRCOA,2031,0.0
RE1,PWRCOA,2032,0.0
RE1,PWRCOA,2033,0.0
RE1,PWRCOA,2034,0.0
RE1,PWRCOA,2035,0.0
RE1,PWRGAS,2020,0.0
RE1,PWRGAS,2021,0.0
RE1,PWRGAS,2022,0.0
RE1,PWRGAS,2023,0.0
RE1,PWRGAS,2024,0.0
RE1,PWRGAS,2025,0.0
RE1,PWRGAS,2026,0.9154
RE1,PWRGAS,2027,0.9154
RE1,PWRGAS,2028,0.9154
RE1,PWRGAS,2029,0.9154
RE1,PWRGAS,2030,0.9154
RE1,PWRGAS,2031,0.9154
RE1,PWRGAS,2032,0.9154
RE1,PWRGAS,2033,0.9154
RE1,PWRGAS,2034,0.9154
RE1,PWRGAS,2035,0.9154
RE1,PWRTRN,2020,2.209
RE1,PWRTRN,2021,2.6885
RE1,PWRTRN,2022,3.1376
RE1,PWRTRN,2023,3.6164
RE1,PWRTRN,2024,4.0659
RE1,PWRTRN,2025,4.5452
RE1,PWRTRN,2026,4.5452
RE1,PWRTRN,2027,5.007
RE1,PWRTRN,2028,5.4731
RE1,PWRTRN,2029,5.9355
RE1,PWRTRN,2030,6.4067
RE1,PWRTRN,2031,6.8923
RE1,PWRTRN,2032,7.3777
RE1,PWRTRN,2033,7.8724
RE1,PWRTRN,2034,8.3431
RE1,PWRTRN,2035,8.8286
RE1,RSCWND,2020,11.0425
RE1,RSCWND,2021,24.2876
RE1,RSCWND,2022,37.5328
RE1,RSCWND,2023,50.7779
RE1,RSCWND,2024,64.023
RE1,RSCWND,2025,77.2681
RE1,RSCWND,2026,90.5132
RE1,RSCWND,2027,103.7584
RE1,RSCWND,2028,117.0035
RE1,RSCWND,2029,130.2486
RE1,RSCWND,2030,143.4937
RE1,RSCWND,2031,156.7389
RE1,RSCWND,2032,169.984
RE1,RSCWND,2033,183.2291
RE1,RSCWND,2034,196.4742
RE1,RSCWND,2035,209.7193
RE1,RSCSOL,2020,0.0
RE1,RSCSOL,2021,0.0
RE1,RSCSOL,2022,3.5839
RE1,RSCSOL,2023,15.6614
RE1,RSCSOL,2024,28.7155
RE1,RSCSOL,2025,42.3453
RE1,RSCSOL,2026,77.779
RE1,RSCSOL,2027,93.1048
RE1,RSCSOL,2028,109.7978
RE1,RSCSOL,2029,129.4284
RE1,RSCSOL,2030,150.3687
RE1,RSCSOL,2031,172.3928
RE1,RSCSOL,2032,197.3546
RE1,RSCSOL,2033,222.6577
RE1,RSCSOL,2034,251.3313
RE1,RSCSOL,2035,281.0169
RE1,RSCHYD,2020,109.7642
RE1,RSCHYD,2021,109.7642
RE1,RSCHYD,2022,109.7642
RE1,RSCHYD,2023,109.7642
RE1,RSCHYD,2024,109.7642
RE1,RSCHYD,2025,109.7642
RE1,RSCHYD,2026,109.7642
RE1,RSCHYD,2027,109.7642
RE1,RSCHYD,2028,109.7642
RE1,RSCHYD,2029,109.7642
RE1,RSCHYD,2030,109.7642
RE1,RSCHYD,2031,109.7642
RE1,RSCHYD,2032,109.7642
RE1,RSCHYD,2033,109.7642
RE1,RSCHYD,2034,109.7642
RE1,RSCHYD,2035,109.7642
RE1,PWRWND,2020,0.8337
RE1,PWRWND,2021,1.8337
RE1,PWRWND,2022,2.8337
RE1,PWRWND,2023,3.8337
RE1,PWRWND,2024,4.8337
RE1,PWRWND,2025,5.8337
RE1,PWRWND,2026,6.8337
RE1,PWRWND,2027,7.8337
RE1,PWRWND,2028,8.8337
RE1,PWRWND,2029,9.8337
RE1,PWRWND,2030,10.8337
RE1,PWRWND,2031,11.8337
RE1,PWRWND,2032,12.8337
RE1,PWRWND,2033,13.8337
RE1,PWRWND,2034,14.8337
RE1,PWRWND,2035,15.8337
RE1,PWRSOL,2020,0.0
RE1,PWRSOL,2021,0.0
RE1,PWRSOL,2022,0.3666
RE1,PWRSOL,2023,1.602
RE1,PWRSOL,2024,2.9373
RE1,PWRSOL,2025,4.3315
RE1,PWRSOL,2026,7.956
RE1,PWRSOL,2027,9.5237
RE1,PWRSOL,2028,11.2312
RE1,PWRSOL,2029,13.2392
RE1,PWRSOL,2030,15.3812
RE1,PWRSOL,2031,17.634
RE1,PWRSOL,2032,20.1873
RE1,PWRSOL,2033,22.7756
RE1,PWRSOL,2034,25.7086
RE1,PWRSOL,2035,28.7451
RE1,PWRHYD,2020,0.0
RE1,PWRHYD,2021,0.0
RE1,PWRHYD,2022,0.0
RE1,PWRHYD,2023,0.0
RE1,PWRHYD,2024,0.0
RE1,PWRHYD,2025,0.0
RE1,PWRHYD,2026,0.0
RE1,PWRHYD,2027,0.0
RE1,PWRHYD,2028,0.0
RE1,PWRHYD,2029,0.0
RE1,PWRHYD,2030,0.0
RE1,PWRHYD,2031,0.0
RE1,PWRHYD,2032,0.0
RE1,PWRHYD,2033,0.0
RE1,PWRHYD,2034,0.0
RE1,PWRHYD,2035,0.0
RE1,RSCLND,2020,300.0
RE1,RSCLND,2021,300.0
RE1,RSCLND,2022,300.0
RE1,RSCLND,2023,300.0
RE1,RSCLND,2024,300.0
RE1,RSCLND,2025,300.0
RE1,RSCLND,2026,300.0
RE1,RSCLND,2027,300.0
RE1,RSCLND,2028,300.0
RE1,RSCLND,2029,300.0
RE1,RSCLND,2030,300.0
RE1,RSCLND,2031,300.0
RE1,RSCLND,2032,300.0
RE1,RSCLND,2033,300.0
RE1,RSCLND,2034,300.0
RE1,RSCLND,2035,300.0
RE1,LNDMAIRNF,2020,0.0
RE1,LNDMAIRNF,2021,0.3572
RE1,LNDMAIRNF,2022,0.7412
RE1,LNDMAIRNF,2023,1.111
RE1,LNDMAIRNF,2024,1.4826
RE1,LNDMAIRNF,2025,1.8947
RE1,LNDMAIRNF,2026,2.2635
RE1,LNDMAIRNF,2027,2.6337
RE1,LNDMAIRNF,2028,3.0444
RE1,LNDMAIRNF,2029,3.4434
RE1,LNDMAIRNF,2030,3.8437
RE1,LNDMAIRNF,2031,4.2522
RE1,LNDMAIRNF,2032,4.6489
RE1,LNDMAIRNF,2033,5.0436
RE1,LNDMAIRNF,2034,5.4462
RE1,LNDMAIRNF,2035,5.8396
RE1,LNDRICRNF,2020,0.0
RE1,LNDRICRNF,2021,0.1412
RE1,LNDRICRNF,2022,0.2597
RE1,LNDRICRNF,2023,0.378
RE1,LNDRICRNF,2024,0.5231
RE1,LNDRICRNF,2025,0.64
RE1,LNDRICRNF,2026,0.7563
RE1,LNDRICRNF,2027,0.87
RE1,LNDRICRNF,2028,0.9825
RE1,LNDRICRNF,2029,1.0937
RE1,LNDRICRNF,2030,1.2361
RE1,LNDRICRNF,2031,1.3426
RE1,LNDRICRNF,2032,1.4457
RE1,LNDRICRNF,2033,1.5469
RE1,LNDRICRNF,2034,1.6426
RE1,LNDRICRNF,2035,1.7344
RE1,LNDMAIIRR,2020,0.0
RE1,LNDMAIIRR,2021,0.04
RE1,LNDMAIIRR,2022,0.0797
RE1,LNDMAIIRR,2023,0.1214
RE1,LNDMAIIRR,2024,0.1641
RE1,LNDMAIIRR,2025,0.2067
RE1,LNDMAIIRR,2026,0.2513
RE1,LNDMAIIRR,2027,0.296
RE1,LNDMAIIRR,2028,0.3429
RE1,LNDMAIIRR,2029,0.3899
RE1,LNDMAIIRR,2030,0.4392
RE1,LNDMAIIRR,2031,0.4898
RE1,LNDMAIIRR,2032,0.5408
RE1,LNDMAIIRR,2033,0.5942
RE1,LNDMAIIRR,2034,0.6482
RE1,LNDMAIIRR,2035,0.7048
RE1,LNDRICIRR,2020,0.0
RE1,LNDRICIRR,2021,0.0616
RE1,LNDRICIRR,2022,0.1254
RE1,LNDRICIRR,2023,0.1897
RE1,LNDRICIRR,2024,0.2564
RE1,LNDRICIRR,2025,0.3237
RE1,LNDRICIRR,2026,0.3926
RE1,LNDRICIRR,2027,0.4642
RE1,LNDRICIRR,2028,0.5365
RE1,LNDRICIRR,2029,0.6118
RE1,LNDRICIRR,2030,0.6879
RE1,LNDRICIRR,2031,0.7662
RE1,LNDRICIRR,2032,0.8476
RE1,LNDRICIRR,2033,0.9303
RE1,LNDRICIRR,2034,1.0163
RE1,LNDRICIRR,2035,1.1039
RE1,LNDFOR,2020,0.0
RE1,LNDFOR,2021,0.0
RE1,LNDFOR,2022,0.0
RE1,LNDFOR,2023,0.0
RE1,LNDFOR,2024,0.0
RE1,LNDFOR,2025,0.0
RE1,LNDFOR,2026,0.0
RE1,LNDFOR,2027,0.0
RE1,LNDFOR,2028,0.0
RE1,LNDFOR,2029,0.0
RE1,LNDFOR,2030,0.0
RE1,LNDFOR,2031,0.0
RE1,LNDFOR,2032,0.0
RE1,LNDFOR,2033,0.0
RE1,LNDFOR,2034,0.0
RE1,LNDFOR,2035,0.0
RE1,LNDBLT,2020,0.0
RE1,LNDBLT,2021,0.15
RE1,LNDBLT,2022,0.3
RE1,LNDBLT,2023,0.45
RE1,LNDBLT,2024,0.61
RE1,LNDBLT,2025,0.77
RE1,LNDBLT,2026,0.92
RE1,LNDBLT,2027,1.08
RE1,LNDBLT,2028,1.24
RE1,LNDBLT,2029,1.41
RE1,LNDBLT,2030,1.57
RE1,LNDBLT,2031,1.74
RE1,LNDBLT,2032,1.9
RE1,LNDBLT,2033,2.07
RE1,LNDBLT,2034,2.24
RE1,LNDBLT,2035,2.41
RE1,LNDWAT,2020,0.021
RE1,LNDWAT,2021,0.8597
RE1,LNDWAT,2022,1.6546
RE1,LNDWAT,2023,2.4447
RE1,LNDWAT,2024,3.3378
RE1,LNDWAT,2025,4.2404
RE1,LNDWAT,2026,5.0415
RE1,LNDWAT,2027,9.0167
RE1,LNDWAT,2028,9.0167
RE1,LNDWAT,2029,10.9474
RE1,LNDWAT,2030,10.9474
RE1,LNDWAT,2031,10.9474
RE1,LNDWAT,2032,10.9474
RE1,LNDWAT,2033,14.7548
RE1,LNDWAT,2034,14.7548
RE1,LNDWAT,2035,14.7548
RE1,RSCPRC,2020,360.0
RE1,RSCPRC,2021,360.0
RE1,RSCPRC,2022,360.0
RE1,RSCPRC,2023,360.0
RE1,RSCPRC,2024,360.0
RE1,RSCPRC,2025,360.0
RE1,RSCPRC,2026,360.0
RE1,RSCPRC,2027,360.0
RE1,RSCPRC,2028,360.0
RE1,RSCPRC,2029,360.0
RE1,RSCPRC,2030,360.0
RE1,RSCPRC,2031,360.0
RE1,RSCPRC,2032,360.0
RE1,RSCPRC,2033,360.0
RE1,RSCPRC,2034,360.0
RE1,RSCPRC,2035,360.0
RE1,UPSWTRSUR,2020,0.0
RE1,UPSWTRSUR,2021,0.0
RE1,UPSWTRSUR,2022,0.0
RE1,UPSWTRSUR,2023,0.0
RE1,UPSWTRSUR,2024,0.0
RE1,UPSWTRSUR,2025,0.0
RE1,UPSWTRSUR,2026,0.0
RE1,UPSWTRSUR,2027,0.0
RE1,UPSWTRSUR,2028,0.0
RE1,UPSWTRSUR,2029,0.0
RE1,UPSWTRSUR,2030,0.0
RE1,UPSWTRSUR,2031,0.0
RE1,UPSWTRSUR,2032,0.0
RE1,UPSWTRSUR,2033,0.0
RE1,UPSWTRSUR,2034,0.0
RE1,UPSWTRSUR,2035,0.0
RE1,DEMPUBSURWAT,2020,0.0
RE1,DEMPUBSURWAT,2021,0.2478
RE1,DEMPUBSURWAT,2022,0.488
RE1,DEMPUBSURWAT,2023,0.7418
RE1,DEMPUBSURWAT,2024,0.9909
RE1,DEMPUBSURWAT,2025,1.257
RE1,DEMPUBSURWAT,2026,1.5184
RE1,DEMPUBSURWAT,2027,1.7951
RE1,DEMPUBSURWAT,2028,2.0705
RE1,DEMPUBSURWAT,2029,2.3613
RE1,DEMPUBSURWAT,2030,2.6509
RE1,DEMPUBSURWAT,2031,2.9675
RE1,DEMPUBSURWAT,2032,3.2711
RE1,DEMPUBSURWAT,2033,3.5935
RE1,DEMPUBSURWAT,2034,3.9148
RE1,DEMPUBSURWAT,2035,4.2566
RE1,DEMPUBGWTWAT,2020,0.0
RE1,DEMPUBGWTWAT,2021,0.0
RE1,DEMPUBGWTWAT,2022,0.0
RE1,DEMPUBGWTWAT,2023,0.0
RE1,DEMPUBGWTWAT,2024,0.0
RE1,DEMPUBGWTWAT,2025,0.0
RE1,DEMPUBGWTWAT,2026,0.0
RE1,DEMPUBGWTWAT,2027,0.0
RE1,DEMPUBGWTWAT,2028,0.0
RE1,DEMPUBGWTWAT,2029,0.0
RE1,DEMPUBGWTWAT,2030,0.0
RE1,DEMPUBGWTWAT,2031,0.0
RE1,DEMPUBGWTWAT,2032,0.0
RE1,DEMPUBGWTWAT,2033,0.0
RE1,DEMPUBGWTWAT,2034,0.0
RE1,DEMPUBGWTWAT,2035,0.0
RE1,DEMAGRSURWAT,2020,0.0
RE1,DEMAGRSURWAT,2021,0.0
RE1,DEMAGRSURWAT,2022,0.0
RE1,DEMAGRSURWAT,2023,0.0
RE1,DEMAGRSURWAT,2024,0.0
RE1,DEMAGRSURWAT,2025,0.0
RE1,DEMAGRSURWAT,2026,0.0
RE1,DEMAGRSURWAT,2027,0.0596
RE1,DEMAGRSURWAT,2028,0.2393
RE1,DEMAGRSURWAT,2029,0.4056
RE1,DEMAGRSURWAT,2030,0.5761
RE1,DEMAGRSURWAT,2031,0.7299
RE1,DEMAGRSURWAT,2032,0.8864
RE1,DEMAGRSURWAT,2033,1.0457
RE1,DEMAGRSURWAT,2034,1.2326
RE1,DEMAGRSURWAT,2035,1.3993
RE1,DEMAGRGWTWAT,2020,0.0
RE1,DEMAGRGWTWAT,2021,0.0
RE1,DEMAGRGWTWAT,2022,0.0
RE1,DEMAGRGWTWAT,2023,0.0
RE1,DEMAGRGWTWAT,2024,0.0
RE1,DEMAGRGWTWAT,2025,0.0
RE1,DEMAGRGWTWAT,2026,0.0
RE1,DEMAGRGWTWAT,2027,0.0
RE1,DEMAGRGWTWAT,2028,0.0
RE1,DEMAGRGWTWAT,2029,0.0
RE1,DEMAGRGWTWAT,2030,0.0
RE1,DEMAGRGWTWAT,2031,0.0
RE1,DEMAGRGWTWAT,2032,0.0
RE1,DEMAGRGWTWAT,2033,0.0
RE1,DEMAGRGWTWAT,2034,0.0
RE1,DEMAGRGWTWAT,2035,0.0
RE1,DEMPWRSURWAT,2020,0.0059
RE1,DEMPWRSURWAT,2021,0.0059
RE1,DEMPWRSURWAT,2022,0.0059
RE1,DEMPWRSURWAT,2023,0.0059
RE1,DEMPWRSURWAT,2024,0.0059
RE1,DEMPWRSURWAT,2025,0.0059
RE1,DEMPWRSURWAT,2026,0.0059
RE1,DEMPWRSURWAT,2027,0.0059
RE1,DEMPWRSURWAT,2028,0.0059
RE1,DEMPWRSURWAT,2029,0.0059
RE1,DEMPWRSURWAT,2030,0.0059
RE1,DEMPWRSURWAT,2031,0.0059
RE1,DEMPWRSURWAT,2032,0.0059
RE1,DEMPWRSURWAT,2033,0.0059
RE1,DEMPWRSURWAT,2034,0.0059
RE1,DEMPWRSURWAT,2035,0.0059
RE1,IMPDSL,2020,2.3784
RE1,IMPDSL,2021,2.5106
RE1,IMPDSL,2022,2.6071
RE1,IMPDSL,2023,2.7537
RE1,IMPDSL,2024,2.8333
RE1,IMPDSL,2025,2.9103
RE1,IMPDSL,2026,3.4705
RE1,IMPDSL,2027,3.0537
RE1,IMPDSL,2028,3.1413
RE1,IMPDSL,2029,3.2455
RE1,IMPDSL,2030,3.3442
RE1,IMPDSL,2031,3.4312
RE1,IMPDSL,2032,3.5376
RE1,IMPDSL,2033,3.6178
RE1,IMPDSL,2034,3.7288
RE1,IMPDSL,2035,3.8166
RE1,DEMTRABIO,2020,1.1848
RE1,DEMTRABIO,2021,1.2204
RE1,DEMTRABIO,2022,1.2559
RE1,DEMTRABIO,2023,1.2915
RE1,DEMTRABIO,2024,1.327
RE1,DEMTRABIO,2025,1.3744
RE1,DEMTRABIO,2026,1.41
RE1,DEMTRABIO,2027,1.4455
RE1,DEMTRABIO,2028,1.4929
RE1,DEMTRABIO,2029,1.5403
RE1,DEMTRABIO,2030,1.5877
RE1,DEMTRABIO,2031,1.6351
RE1,DEMTRABIO,2032,1.6825
RE1,DEMTRABIO,2033,1.7299
RE1,DEMTRABIO,2034,1.7773
RE1,DEMTRABIO,2035,1.8246
RE1,STGIN,2020,0.0
RE1,STGIN,2021,0.3298
RE1,STGIN,2022,0.8408
RE1,STGIN,2023,0.7652
RE1,STGIN,2024,0.7652
RE1,STGIN,2025,0.7652
RE1,STGIN,2026,0.9251
RE1,STGIN,2027,1.1403
RE1,STGIN,2028,1.3676
RE1,STGIN,2029,1.6275
RE1,STGIN,2030,1.8975
RE1,STGIN,2031,2.1724
RE1,STGIN,2032,2.4758
RE1,STGIN,2033,2.7595
RE1,STGIN,2034,3.0893
RE1,STGIN,2035,3.4199
RE1,STGOUT,2020,0.0
RE1,STGOUT,2021,0.5709
RE1,STGOUT,2022,1.3247
RE1,STGOUT,2023,1.3247
RE1,STGOUT,2024,1.3247
RE1,STGOUT,2025,1.3247
RE1,STGOUT,2026,1.3247
RE1,STGOUT,2027,1.5049
RE1,STGOUT,2028,1.6885
RE1,STGOUT,2029,1.8889
RE1,STGOUT,2030,2.085
RE1,STGOUT,2031,2.275
RE1,STGOUT,2032,2.4758
RE1,STGOUT,2033,2.7595
RE1,STGOUT,2034,3.0893
RE1,STGOUT,2035,3.4199
