r,t,y,AnnualizedInvestmentCost
RE1,DEMAGRSURWAT,2027,0.6243943184598332
RE1,DEMAGRSURWAT,2028,2.5058842921513595
RE1,DEMAGRSURWAT,2029,4.246460640584871
RE1,DEMAGRSURWAT,2030,6.031812352670788
RE1,DEMAGRSURWAT,2031,7.642120592413582
RE1,DEMAGRSURWAT,2032,9.28059780133589
RE1,DEMAGRSURWAT,2033,10.948650135251338
RE1,DEMAGRSURWAT,2034,12.905392371425412
RE1,DEMAGRSURWAT,2035,14.64998849136962
RE1,DEMPUBSURWAT,2021,7.479121150300224
RE1,DEMPUBSURWAT,2022,14.731973489025021
RE1,DEMPUBSURWAT,2023,22.392970194806317
RE1,DEMPUBSURWAT,2024,29.911524845097397
RE1,DEMPUBSURWAT,2025,37.944503258641255
RE1,DEMPUBSURWAT,2026,45.83503197454374
RE1,DEMPUBSURWAT,2027,54.18684857667644
RE1,DEMPUBSURWAT,2028,62.502494877364036
RE1,DEMPUBSURWAT,2029,71.27942906428186
RE1,DEMPUBSURWAT,2030,80.02019294975459
RE1,DEMPUBSURWAT,2031,89.5772455693403
RE1,DEMPUBSURWAT,2032,98.74312703959815
RE1,DEMPUBSURWAT,2033,108.4765757922825
RE1,DEMPUBSURWAT,2034,118.17385424352175
RE1,DEMPUBSURWAT,2035,128.49183585421005
RE1,DEMPWRSURWAT,2020,0.17670946129622445
RE1,DEMPWRSURWAT,2021,0.17670946129622445
RE1,DEMPWRSURWAT,2022,0.17670946129622445
RE1,DEMPWRSURWAT,2023,0.17670946129622445
RE1,DEMPWRSURWAT,2024,0.17670946129622445
RE1,DEMPWRSURWAT,2025,0.17670946129622445
RE1,DEMPWRSURWAT,2026,0.17670946129622445
RE1,DEMPWRSURWAT,2027,0.17670946129622445
RE1,DEMPWRSURWAT,2028,0.17670946129622445
RE1,DEMPWRSURWAT,2029,0.17670946129622445
RE1,DEMPWRSURWAT,2030,0.17670946129622445
RE1,DEMPWRSURWAT,2031,0.17670946129622445
RE1,DEMPWRSURWAT,2032,0.17670946129622445
RE1,DEMPWRSURWAT,2033,0.17670946129622445
RE1,DEMPWRSURWAT,2034,0.17670946129622445
RE1,DEMPWRSURWAT,2035,0.17670946129622445
RE1,DEMTRABIO,2020,0.0001
RE1,DEMTRABIO,2021,0.0001
RE1,DEMTRABIO,2022,0.0001
RE1,DEMTRABIO,2023,0.0001
RE1,DEMTRABIO,2024,0.0001
RE1,DEMTRABIO,2025,0.0001
RE1,DEMTRABIO,2026,0.0001
RE1,DEMTRABIO,2027,0.0001
RE1,DEMTRABIO,2028,0.0001
RE1,DEMTRABIO,2029,0.0002
RE1,DEMTRABIO,2030,0.0002
RE1,DEMTRABIO,2031,0.0002
RE1,DEMTRABIO,2032,0.0002
RE1,DEMTRABIO,2033,0.0002
RE1,DEMTRABIO,2034,0.0002
RE1,DEMTRABIO,2035,0.0002
RE1,IMPDSL,2020,0.0002
RE1,IMPDSL,2021,0.0003
RE1,IMPDSL,2022,0.0003
RE1,IMPDSL,2023,0.0003
RE1,IMPDSL,2024,0.0003
RE1,IMPDSL,2025,0.0003
RE1,IMPDSL,2026,0.0003
RE1,IMPDSL,2027,0.0003
RE1,IMPDSL,2028,0.0003
RE1,IMPDSL,2029,0.0003
RE1,IMPDSL,2030,0.0003
RE1,IMPDSL,2031,0.0003
RE1,IMPDSL,2032,0.0004
RE1,IMPDSL,2033,0.0004
RE1,IMPDSL,2034,0.0004
RE1,IMPDSL,2035,0.0004
RE1,LNDBLT,2021,33.2892104573954
RE1,LNDBLT,2022,66.5784209147908
RE1,LNDBLT,2023,99.8676313721862
RE1,LNDBLT,2024,135.37612252674128
RE1,LNDBLT,2025,170.88461368129637
RE1,LNDBLT,2026,204.17382413869177
RE1,LNDBLT,2027,239.68231529324686
RE1,LNDBLT,2028,275.19080644780195
RE1,LNDBLT,2029,312.91857829951675
RE1,LNDBLT,2030,348.4270694540718
RE1,LNDBLT,2031,386.1548413057866
RE1,LNDBLT,2032,421.6633324603417
RE1,LNDBLT,2033,459.3911043120564
RE1,LNDBLT,2034,497.11887616377123
RE1,LNDBLT,2035,534.846648015486
RE1,LNDMAIIRR,2021,0.18694991524174814
RE1,LNDMAIIRR,2022,0.373184144918399
RE1,LNDMAIIRR,2023,0.5682635141431749
RE1,LNDMAIIRR,2024,0.7677104004062364
RE1,LNDMAIIRR,2025,0.9670655321096701
RE1,LNDMAIIRR,2026,1.1759264361905493
RE1,LNDMAIIRR,2027,1.3851635339659025
RE1,LNDMAIIRR,2028,1.6044018787406917
RE1,LNDMAIIRR,2029,1.824539418199834
RE1,LNDMAIIRR,2030,2.0552103811042532
RE1,LNDMAIIRR,2031,2.292038074959702
RE1,LNDMAIIRR,2032,2.5306458072719304
RE1,LNDMAIIRR,2033,2.780713684081678
RE1,LNDMAIIRR,2034,3.033222232177526
RE1,LNDMAIIRR,2035,3.2978974348800274
RE1,LNDMAIRNF,2021,1.4420146591113194
RE1,LNDMAIRNF,2022,2.992281347671579
RE1,LNDMAIRNF,2023,4.485439998319462
RE1,LNDMAIRNF,2024,5.985370135467882
RE1,LNDMAIRNF,2025,7.649128038831831
RE1,LNDMAIRNF,2026,9.138065979736835
RE1,LNDMAIRNF,2027,10.63297714247361
RE1,LNDMAIRNF,2028,12.29087192947734
RE1,LNDMAIRNF,2029,13.901880136511236
RE1,LNDMAIRNF,2030,15.51791649341274
RE1,LNDMAIRNF,2031,17.1671496499876
RE1,LNDMAIRNF,2032,18.768468575524796
RE1,LNDMAIRNF,2033,20.36186908256611
RE1,LNDMAIRNF,2034,21.98732863274139
RE1,LNDMAIRNF,2035,23.575563358075655
RE1,LNDRICIRR,2021,0.44050446531735393
RE1,LNDRICIRR,2022,0.897662383207163
RE1,LNDRICIRR,2023,1.3576463415335098
RE1,LNDRICIRR,2024,1.835256350764367
RE1,LNDRICIRR,2025,2.316710876043631
RE1,LNDRICIRR,2026,2.8097173003800417
RE1,LNDRICIRR,2027,3.322001357694264
RE1,LNDRICIRR,2028,3.83986409223386
RE1,LNDRICIRR,2029,4.378252321762206
RE1,LNDRICIRR,2030,4.923512967806679
RE1,LNDRICIRR,2031,5.483518571583347
RE1,LNDRICIRR,2032,6.066150849764243
RE1,LNDRICIRR,2033,6.65787600480426
RE1,LNDRICIRR,2034,7.273824363586029
RE1,LNDRICIRR,2035,7.900526356756183
RE1,LNDRICRNF,2021,0.777509787374491
RE1,LNDRICRNF,2022,1.4294534598982667
RE1,LNDRICRNF,2023,2.0810392896394934
RE1,LNDRICRNF,2024,2.8800655212467157
RE1,LNDRICRNF,2025,3.5235494233728035
RE1,LNDRICRNF,2026,4.163867793191731
RE1,LNDRICRNF,2027,4.789321924350945
RE1,LNDRICRNF,2028,5.408848710958201
RE1,LNDRICRNF,2029,6.0210351327952285
RE1,LNDRICRNF,2030,6.805206301198702
RE1,LNDRICRNF,2031,7.391389480837195
RE1,LNDRICRNF,2032,7.958836379399682
RE1,LNDRICRNF,2033,8.516245329138883
RE1,LNDRICRNF,2034,9.042999080506418
RE1,LNDRICRNF,2035,9.548117106713704
RE1,LNDWAT,2021,4.798394101858203e-06
RE1,LNDWAT,2022,9.596788203716406e-06
RE1,LNDWAT,2023,1.4395182305574608e-05
RE1,LNDWAT,2024,1.9193576407432812e-05
RE1,LNDWAT,2025,2.3991970509291016e-05
RE1,LNDWAT,2026,2.8790364611149216e-05
RE1,LNDWAT,2027,4.798394101858203e-05
RE1,LNDWAT,2028,4.798394101858203e-05
RE1,LNDWAT,2029,5.758072922229843e-05
RE1,LNDWAT,2030,5.758072922229843e-05
RE1,LNDWAT,2031,5.758072922229843e-05
RE1,LNDWAT,2032,5.758072922229843e-05
RE1,LNDWAT,2033,7.677430562973125e-05
RE1,LNDWAT,2034,7.677430562973125e-05
RE1,LNDWAT,2035,7.677430562973125e-05
RE1,MINCOA,2020,0.0029304122659972237
RE1,MINCOA,2021,0.0029304122659972237
RE1,MINCOA,2022,0.0029304122659972237
RE1,MINCOA,2023,0.0029304122659972237
RE1,MINCOA,2024,0.0029304122659972237
RE1,MINCOA,2025,0.0029304122659972237
RE1,MINCOA,2026,0.0029304122659972237
RE1,MINCOA,2027,0.0029304122659972237
RE1,MINCOA,2028,0.0029304122659972237
RE1,MINCOA,2029,0.0029304122659972237
RE1,MINCOA,2030,0.0029304122659972237
RE1,MINCOA,2031,0.0029304122659972237
RE1,MINCOA,2032,0.0029304122659972237
RE1,MINCOA,2033,0.0029304122659972237
RE1,MINCOA,2034,0.0029304122659972237
RE1,MINCOA,2035,0.0029304122659972237
RE1,MINGAS,2020,0.0003903086104816598
RE1,MINGAS,2021,0.0003903086104816598
RE1,MINGAS,2022,0.0003903086104816598
RE1,MINGAS,2023,0.0003903086104816598
RE1,MINGAS,2024,0.0003903086104816598
RE1,MINGAS,2025,0.0003903086104816598
RE1,MINGAS,2026,0.0007496403471155688
RE1,MINGAS,2027,0.0007496403471155688
RE1,MINGAS,2028,0.0007496403471155688
RE1,MINGAS,2029,0.0007496403471155688
RE1,MINGAS,2030,0.0007496403471155688
RE1,MINGAS,2031,0.0007496403471155688
RE1,MINGAS,2032,0.0007496403471155688
RE1,MINGAS,2033,0.0007496403471155688
RE1,MINGAS,2034,0.0007496403471155688
RE1,MINGAS,2035,0.0007496403471155688
RE1,PWRGAS,2026,54.27311856019852
RE1,PWRGAS,2027,54.27311856019852
RE1,PWRGAS,2028,54.27311856019852
RE1,PWRGAS,2029,54.27311856019852
RE1,PWRGAS,2030,54.27311856019852
RE1,PWRGAS,2031,54.27311856019852
RE1,PWRGAS,2032,54.27311856019852
RE1,PWRGAS,2033,54.27311856019852
RE1,PWRGAS,2034,54.27311856019852
RE1,PWRGAS,2035,54.27311856019852
RE1,PWRSOL,2022,39.064675403658185
RE1,PWRSOL,2023,170.7093637016103
RE1,PWRSOL,2024,313.00030171567806
RE1,PWRSOL,2025,461.565599332233
RE1,PWRSOL,2026,847.792994293702
RE1,PWRSOL,2027,1014.8449866492308
RE1,PWRSOL,2028,1196.7995565089273
RE1,PWRSOL,2029,1410.7740968801995
RE1,PWRSOL,2030,1639.023400257992
RE1,PWRSOL,2031,1879.086527485595
RE1,PWRSOL,2032,2151.1714280788315
RE1,PWRSOL,2033,2426.9761865680753
RE1,PWRSOL,2034,2739.518712042031
RE1,PWRSOL,2035,3063.092728026023
RE1,PWRTRN,2020,271.2804365504668
RE1,PWRTRN,2021,330.1552282911693
RE1,PWRTRN,2022,385.31460275001746
RE1,PWRTRN,2023,444.1101247292242
RE1,PWRTRN,2024,499.31021656145015
RE1,PWRTRN,2025,558.1700151271255
RE1,PWRTRN,2026,558.1700151271255
RE1,PWRTRN,2027,614.8862278777895
RE1,PWRTRN,2028,672.1245307364479
RE1,PWRTRN,2029,728.9097569569919
RE1,PWRTRN,2030,786.7685915425607
RE1,PWRTRN,2031,846.3992031131593
RE1,PWRTRN,2032,906.0150875671601
RE1,PWRTRN,2033,966.7699577241958
RE1,PWRTRN,2034,1024.573133929679
RE1,PWRTRN,2035,1084.1871455410094
RE1,PWRWND,2020,69.10925066996275
RE1,PWRWND,2021,152.00336508654382
RE1,PWRWND,2022,234.89747950312488
RE1,PWRWND,2023,317.791593919706
RE1,PWRWND,2024,400.68570833628706
RE1,PWRWND,2025,483.57982275286815
RE1,PWRWND,2026,566.4739371694492
RE1,PWRWND,2027,649.3680515860303
RE1,PWRWND,2028,732.2621660026114
RE1,PWRWND,2029,815.1562804191924
RE1,PWRWND,2030,898.0503948357735
RE1,PWRWND,2031,980.9445092523546
RE1,PWRWND,2032,1063.8386236689357
RE1,PWRWND,2033,1146.7327380855168
RE1,PWRWND,2034,1229.6268525020978
RE1,PWRWND,2035,1312.5209669186788
RE1,RSCHYD,2020,0.0005278233512044022
RE1,RSCHYD,2021,0.0005278233512044022
RE1,RSCHYD,2022,0.0005278233512044022
RE1,RSCHYD,2023,0.0005278233512044022
RE1,RSCHYD,2024,0.0005278233512044022
RE1,RSCHYD,2025,0.0005278233512044022
RE1,RSCHYD,2026,0.0005278233512044022
RE1,RSCHYD,2027,0.0005278233512044022
RE1,RSCHYD,2028,0.0005278233512044022
RE1,RSCHYD,2029,0.0005278233512044022
RE1,RSCHYD,2030,0.0005278233512044022
RE1,RSCHYD,2031,0.0005278233512044022
RE1,RSCHYD,2032,0.0005278233512044022
RE1,RSCHYD,2033,0.0005278233512044022
RE1,RSCHYD,2034,0.0005278233512044022
RE1,RSCHYD,2035,0.0005278233512044022
RE1,RSCLND,2020,0.0014395182305574608
RE1,RSCLND,2021,0.0014395182305574608
RE1,RSCLND,2022,0.0014395182305574608
RE1,RSCLND,2023,0.0014395182305574608
RE1,RSCLND,2024,0.0014395182305574608
RE1,RSCLND,2025,0.0014395182305574608
RE1,RSCLND,2026,0.0014395182305574608
RE1,RSCLND,2027,0.0014395182305574608
RE1,RSCLND,2028,0.0014395182305574608
RE1,RSCLND,2029,0.0014395182305574608
RE1,RSCLND,2030,0.0014395182305574608
RE1,RSCLND,2031,0.0014395182305574608
RE1,RSCLND,2032,0.0014395182305574608
RE1,RSCLND,2033,0.0014395182305574608
RE1,RSCLND,2034,0.0014395182305574608
RE1,RSCLND,2035,0.0014395182305574608
RE1,RSCPRC,2020,0.0017274218766689527
RE1,RSCPRC,2021,0.0017274218766689527
RE1,RSCPRC,2022,0.0017274218766689527
RE1,RSCPRC,2023,0.0017274218766689527
RE1,RSCPRC,2024,0.0017274218766689527
RE1,RSCPRC,2025,0.0017274218766689527
RE1,RSCPRC,2026,0.0017274218766689527
RE1,RSCPRC,2027,0.0017274218766689527
RE1,RSCPRC,2028,0.0017274218766689527
RE1,RSCPRC,2029,0.0017274218766689527
RE1,RSCPRC,2030,0.0017274218766689527
RE1,RSCPRC,2031,0.0017274218766689527
RE1,RSCPRC,2032,0.0017274218766689527
RE1,RSCPRC,2033,0.0017274218766689527
RE1,RSCPRC,2034,0.0017274218766689527
RE1,RSCPRC,2035,0.0017274218766689527
RE1,RSCSOL,2022,1.9193576407432812e-05
RE1,RSCSOL,2023,7.677430562973123e-05
RE1,RSCSOL,2024,0.00013915342895388786
RE1,RSCSOL,2025,0.0002063309463799027
RE1,RSCSOL,2026,0.0003742747399449398
RE1,RSCSOL,2027,0.00044625065147281285
RE1,RSCSOL,2028,0.0005278233512044023
RE1,RSCSOL,2029,0.0006237912332415663
RE1,RSCSOL,2030,0.0007245575093805886
RE1,RSCSOL,2031,0.000830122179621469
RE1,RSCSOL,2032,0.0009500820321679241
RE1,RSCSOL,2033,0.001070041884714379
RE1,RSCSOL,2034,0.001209195313668267
RE1,RSCSOL,2035,0.001353147136724013
RE1,RSCWND,2020,5.278233512044023e-05
RE1,RSCWND,2021,0.00011516145844459686
RE1,RSCWND,2022,0.0001775405817687535
RE1,RSCWND,2023,0.00023991970509291012
RE1,RSCWND,2024,0.0003022988284170667
RE1,RSCWND,2025,0.00036467795174122337
RE1,RSCWND,2026,0.00042705707506537997
RE1,RSCWND,2027,0.0004894361983895366
RE1,RSCWND,2028,0.0005518153217136932
RE1,RSCWND,2029,0.0006141944450378499
RE1,RSCWND,2030,0.0006765735683620065
RE1,RSCWND,2031,0.0007389526916861631
RE1,RSCWND,2032,0.0008013318150103197
RE1,RSCWND,2033,0.0008637109383344764
RE1,RSCWND,2034,0.000926090061658633
RE1,RSCWND,2035,0.0009884691849827896
RE1,STGIN,2021,0.033
RE1,STGIN,2022,0.0841
RE1,STGIN,2023,0.0765
RE1,STGIN,2024,0.0765
RE1,STGIN,2025,0.0765
RE1,STGIN,2026,0.0925
RE1,STGIN,2027,0.114
RE1,STGIN,2028,0.1368
RE1,STGIN,2029,0.1627
RE1,STGIN,2030,0.1897
RE1,STGIN,2031,0.2172
RE1,STGIN,2032,0.2476
RE1,STGIN,2033,0.276
RE1,STGIN,2034,0.3089
RE1,STGIN,2035,0.342
RE1,STGOUT,2021,0.0571
RE1,STGOUT,2022,0.1325
RE1,STGOUT,2023,0.1325
RE1,STGOUT,2024,0.1325
RE1,STGOUT,2025,0.1325
RE1,STGOUT,2026,0.1325
RE1,STGOUT,2027,0.1505
RE1,STGOUT,2028,0.1689
RE1,STGOUT,2029,0.1889
RE1,STGOUT,2030,0.2085
RE1,STGOUT,2031,0.2275
RE1,STGOUT,2032,0.2476
RE1,STGOUT,2033,0.276
RE1,STGOUT,2034,0.3089
RE1,STGOUT,2035,0.342
