r,l,f,y,Demand
RE1,SD,COA,2020,0.0
RE1,SD,COA,2021,0.0
RE1,SD,COA,2022,0.0
RE1,SD,COA,2023,0.0
RE1,SD,COA,2024,0.0
RE1,SD,COA,2025,0.0
RE1,SD,COA,2026,0.0
RE1,SD,COA,2027,0.0
RE1,SD,COA,2028,0.0
RE1,SD,COA,2029,0.0
RE1,SD,COA,2030,0.0
RE1,SD,COA,2031,0.0
RE1,SD,COA,2032,0.0
RE1,SD,COA,2033,0.0
RE1,SD,COA,2034,0.0
RE1,SD,COA,2035,0.0
RE1,SD,GAS,2020,0.0
RE1,SD,GAS,2021,0.0
RE1,SD,GAS,2022,0.0
RE1,SD,GAS,2023,0.0
RE1,SD,GAS,2024,0.0
RE1,SD,GAS,2025,0.0
RE1,SD,GAS,2026,0.0
RE1,SD,GAS,2027,0.0
RE1,SD,GAS,2028,0.0
RE1,SD,GAS,2029,0.0
RE1,SD,GAS,2030,0.0
RE1,SD,GAS,2031,0.0
RE1,SD,GAS,2032,0.0
RE1,SD,GAS,2033,0.0
RE1,SD,GAS,2034,0.0
RE1,SD,GAS,2035,0.0
RE1,SD,ELC001,2020,0.0
RE1,SD,ELC001,2021,0.0
RE1,SD,ELC001,2022,0.0
RE1,SD,ELC001,2023,0.0
RE1,SD,ELC001,2024,0.0
RE1,SD,ELC001,2025,0.0
RE1,SD,ELC001,2026,0.0
RE1,SD,ELC001,2027,0.0
RE1,SD,ELC001,2028,0.0
RE1,SD,ELC001,2029,0.0
RE1,SD,ELC001,2030,0.0
RE1,SD,ELC001,2031,0.0
RE1,SD,ELC001,2032,0.0
RE1,SD,ELC001,2033,0.0
RE1,SD,ELC001,2034,0.0
RE1,SD,ELC001,2035,0.0
RE1,SD,ELC002,2020,50.868
RE1,SD,ELC002,2021,54.636
RE1,SD,ELC002,2022,59.346
RE1,SD,ELC002,2023,64.37
RE1,SD,ELC002,2024,69.394
RE1,SD,ELC002,2025,74.732
RE1,SD,ELC002,2026,80.698
RE1,SD,ELC002,2027,86.664
RE1,SD,ELC002,2028,92.944
RE1,SD,ELC002,2029,99.852
RE1,SD,ELC002,2030,107.074
RE1,SD,ELC002,2031,114.61
RE1,SD,ELC002,2032,122.774
RE1,SD,ELC002,2033,131.252
RE1,SD,ELC002,2034,140.358
RE1,SD,ELC002,2035,149.778
RE1,SD,WND,2020,0.0
RE1,SD,WND,2021,0.0
RE1,SD,WND,2022,0.0
RE1,SD,WND,2023,0.0
RE1,SD,WND,2024,0.0
RE1,SD,WND,2025,0.0
RE1,SD,WND,2026,0.0
RE1,SD,WND,2027,0.0
RE1,SD,WND,2028,0.0
RE1,SD,WND,2029,0.0
RE1,SD,WND,2030,0.0
RE1,SD,WND,2031,0.0
RE1,SD,WND,2032,0.0
RE1,SD,WND,2033,0.0
RE1,SD,WND,2034,0.0
RE1,SD,WND,2035,0.0
RE1,SD,SOL,2020,0.0
RE1,SD,SOL,2021,0.0
RE1,SD,SOL,2022,0.0
RE1,SD,SOL,2023,0.0
RE1,SD,SOL,2024,0.0
RE1,SD,SOL,2025,0.0
RE1,SD,SOL,2026,0.0
RE1,SD,SOL,2027,0.0
RE1,SD,SOL,2028,0.0
RE1,SD,SOL,2029,0.0
RE1,SD,SOL,2030,0.0
RE1,SD,SOL,2031,0.0
RE1,SD,SOL,2032,0.0
RE1,SD,SOL,2033,0.0
RE1,SD,SOL,2034,0.0
RE1,SD,SOL,2035,0.0
RE1,SD,HYD,2020,0.0
RE1,SD,HYD,2021,0.0
RE1,SD,HYD,2022,0.0
RE1,SD,HYD,2023,0.0
RE1,SD,HYD,2024,0.0
RE1,SD,HYD,2025,0.0
RE1,SD,HYD,2026,0.0
RE1,SD,HYD,2027,0.0
RE1,SD,HYD,2028,0.0
RE1,SD,HYD,2029,0.0
RE1,SD,HYD,2030,0.0
RE1,SD,HYD,2031,0.0
RE1,SD,HYD,2032,0.0
RE1,SD,HYD,2033,0.0
RE1,SD,HYD,2034,0.0
RE1,SD,HYD,2035,0.0
RE1,SD,LND,2020,0.0
RE1,SD,LND,2021,0.0
RE1,SD,LND,2022,0.0
RE1,SD,LND,2023,0.0
RE1,SD,LND,2024,0.0
RE1,SD,LND,2025,0.0
RE1,SD,LND,2026,0.0
RE1,SD,LND,2027,0.0
RE1,SD,LND,2028,0.0
RE1,SD,LND,2029,0.0
RE1,SD,LND,2030,0.0
RE1,SD,LND,2031,0.0
RE1,SD,LND,2032,0.0
RE1,SD,LND,2033,0.0
RE1,SD,LND,2034,0.0
RE1,SD,LND,2035,0.0
RE1,SD,CRPMAI,2020,0.0
RE1,SD,CRPMAI,2021,0.0
RE1,SD,CRPMAI,2022,0.0
RE1,SD,CRPMAI,2023,0.0
RE1,SD,CRPMAI,2024,0.0
RE1,SD,CRPMAI,2025,0.0
RE1,SD,CRPMAI,2026,0.0
RE1,SD,CRPMAI,2027,0.0
RE1,SD,CRPMAI,2028,0.0
RE1,SD,CRPMAI,2029,0.0
RE1,SD,CRPMAI,2030,0.0
RE1,SD,CRPMAI,2031,0.0
RE1,SD,CRPMAI,2032,0.0
RE1,SD,CRPMAI,2033,0.0
RE1,SD,CRPMAI,2034,0.0
RE1,SD,CRPMAI,2035,0.0
RE1,SD,CRPRIC,2020,0.0
RE1,SD,CRPRIC,2021,0.0
RE1,SD,CRPRIC,2022,0.0
RE1,SD,CRPRIC,2023,0.0
RE1,SD,CRPRIC,2024,0.0
RE1,SD,CRPRIC,2025,0.0
RE1,SD,CRPRIC,2026,0.0
RE1,SD,CRPRIC,2027,0.0
RE1,SD,CRPRIC,2028,0.0
RE1,SD,CRPRIC,2029,0.0
RE1,SD,CRPRIC,2030,0.0
RE1,SD,CRPRIC,2031,0.0
RE1,SD,CRPRIC,2032,0.0
RE1,SD,CRPRIC,2033,0.0
RE1,SD,CRPRIC,2034,0.0
RE1,SD,CRPRIC,2035,0.0
RE1,SD,LBLT,2020,0.0
RE1,SD,LBLT,2021,0.0
RE1,SD,LBLT,2022,0.0
RE1,SD,LBLT,2023,0.0
RE1,SD,LBLT,2024,0.0
RE1,SD,LBLT,2025,0.0
RE1,SD,LBLT,2026,0.0
RE1,SD,LBLT,2027,0.0
RE1,SD,LBLT,2028,0.0
RE1,SD,LBLT,2029,0.0
RE1,SD,LBLT,2030,0.0
RE1,SD,LBLT,2031,0.0
RE1,SD,LBLT,2032,0.0
RE1,SD,LBLT,2033,0.0
RE1,SD,LBLT,2034,0.0
RE1,SD,LBLT,2035,0.0
RE1,SD,LWAT,2020,0.0
RE1,SD,LWAT,2021,0.0
RE1,SD,LWAT,2022,0.0
RE1,SD,LWAT,2023,0.0
RE1,SD,LWAT,2024,0.0
RE1,SD,LWAT,2025,0.0
RE1,SD,LWAT,2026,0.0
RE1,SD,LWAT,2027,0.0
RE1,SD,LWAT,2028,0.0
RE1,SD,LWAT,2029,0.0
RE1,SD,LWAT,2030,0.0
RE1,SD,LWAT,2031,0.0
RE1,SD,LWAT,2032,0.0
RE1,SD,LWAT,2033,0.0
RE1,SD,LWAT,2034,0.0
RE1,SD,LWAT,2035,0.0
RE1,SD,WTRPRC,2020,0.0
RE1,SD,WTRPRC,2021,0.0
RE1,SD,WTRPRC,2022,0.0
RE1,SD,WTRPRC,2023,0.0
RE1,SD,WTRPRC,2024,0.0
RE1,SD,WTRPRC,2025,0.0
RE1,SD,WTRPRC,2026,0.0
RE1,SD,WTRPRC,2027,0.0
RE1,SD,WTRPRC,2028,0.0
RE1,SD,WTRPRC,2029,0.0
RE1,SD,WTRPRC,2030,0.0
RE1,SD,WTRPRC,2031,0.0
RE1,SD,WTRPRC,2032,0.0
RE1,SD,WTRPRC,2033,0.0
RE1,SD,WTRPRC,2034,0.0
RE1,SD,WTRPRC,2035,0.0
RE1,SD,WTREVT,2020,0.0
RE1,SD,WTREVT,2021,0.0
RE1,SD,WTREVT,2022,0.0
RE1,SD,WTREVT,2023,0.0
RE1,SD,WTREVT,2024,0.0
RE1,SD,WTREVT,2025,0.0
RE1,SD,WTREVT,2026,0.0
RE1,SD,WTREVT,2027,0.0
RE1,SD,WTREVT,2028,0.0
RE1,SD,WTREVT,2029,0.0
RE1,SD,WTREVT,2030,0.0
RE1,SD,WTREVT,2031,0.0
RE1,SD,WTREVT,2032,0.0
RE1,SD,WTREVT,2033,0.0
RE1,SD,WTREVT,2034,0.0
RE1,SD,WTREVT,2035,0.0
RE1,SD,WTRGWT,2020,0.0
RE1,SD,WTRGWT,2021,0.0
RE1,SD,WTRGWT,2022,0.0
RE1,SD,WTRGWT,2023,0.0
RE1,SD,WTRGWT,2024,0.0
RE1,SD,WTRGWT,2025,0.0
RE1,SD,WTRGWT,2026,0.0
RE1,SD,WTRGWT,2027,0.0
RE1,SD,WTRGWT,2028,0.0
RE1,SD,WTRGWT,2029,0.0
RE1,SD,WTRGWT,2030,0.0
RE1,SD,WTRGWT,2031,0.0
RE1,SD,WTRGWT,2032,0.0
RE1,SD,WTRGWT,2033,0.0
RE1,SD,WTRGWT,2034,0.0
RE1,SD,WTRGWT,2035,0.0
RE1,SD,WTRRUN,2020,0.0
RE1,SD,WTRRUN,2021,0.0
RE1,SD,WTRRUN,2022,0.0
RE1,SD,WTRRUN,2023,0.0
RE1,SD,WTRRUN,2024,0.0
RE1,SD,WTRRUN,2025,0.0
RE1,SD,WTRRUN,2026,0.0
RE1,SD,WTRRUN,2027,0.0
RE1,SD,WTRRUN,2028,0.0
RE1,SD,WTRRUN,2029,0.0
RE1,SD,WTRRUN,2030,0.0
RE1,SD,WTRRUN,2031,0.0
RE1,SD,WTRRUN,2032,0.0
RE1,SD,WTRRUN,2033,0.0
RE1,SD,WTRRUN,2034,0.0
RE1,SD,WTRRUN,2035,0.0
RE1,SD,WTRSUR,2020,0.0
RE1,SD,WTRSUR,2021,0.0
RE1,SD,WTRSUR,2022,0.0
RE1,SD,WTRSUR,2023,0.0
RE1,SD,WTRSUR,2024,0.0
RE1,SD,WTRSUR,2025,0.0
RE1,SD,WTRSUR,2026,0.0
RE1,SD,WTRSUR,2027,0.0
RE1,SD,WTRSUR,2028,0.0
RE1,SD,WTRSUR,2029,0.0
RE1,SD,WTRSUR,2030,0.0
RE1,SD,WTRSUR,2031,0.0
RE1,SD,WTRSUR,2032,0.0
RE1,SD,WTRSUR,2033,0.0
RE1,SD,WTRSUR,2034,0.0
RE1,SD,WTRSUR,2035,0.0
RE1,SD,PUBWAT,2020,0.439
RE1,SD,PUBWAT,2021,0.47
RE1,SD,PUBWAT,2022,0.5028
RE1,SD,PUBWAT,2023,0.5365
RE1,SD,PUBWAT,2024,0.5715
RE1,SD,PUBWAT,2025,0.6082
RE1,SD,PUBWAT,2026,0.6463
RE1,SD,PUBWAT,2027,0.6858
RE1,SD,PUBWAT,2028,0.7274
RE1,SD,PUBWAT,2029,0.7704
RE1,SD,PUBWAT,2030,0.8156
RE1,SD,PUBWAT,2031,0.8625
RE1,SD,PUBWAT,2032,0.9113
RE1,SD,PUBWAT,2033,0.9622
RE1,SD,PUBWAT,2034,1.0154
RE1,SD,PUBWAT,2035,1.0712
RE1,SD,AGRWAT,2020,0.0
RE1,SD,AGRWAT,2021,0.0
RE1,SD,AGRWAT,2022,0.0
RE1,SD,AGRWAT,2023,0.0
RE1,SD,AGRWAT,2024,0.0
RE1,SD,AGRWAT,2025,0.0
RE1,SD,AGRWAT,2026,0.0
RE1,SD,AGRWAT,2027,0.0
RE1,SD,AGRWAT,2028,0.0
RE1,SD,AGRWAT,2029,0.0
RE1,SD,AGRWAT,2030,0.0
RE1,SD,AGRWAT,2031,0.0
RE1,SD,AGRWAT,2032,0.0
RE1,SD,AGRWAT,2033,0.0
RE1,SD,AGRWAT,2034,0.0
RE1,SD,AGRWAT,2035,0.0
RE1,SD,PWRWAT,2020,0.0
RE1,SD,PWRWAT,2021,0.0
RE1,SD,PWRWAT,2022,0.0
RE1,SD,PWRWAT,2023,0.0
RE1,SD,PWRWAT,2024,0.0
RE1,SD,PWRWAT,2025,0.0
RE1,SD,PWRWAT,2026,0.0
RE1,SD,PWRWAT,2027,0.0
RE1,SD,PWRWAT,2028,0.0
RE1,SD,PWRWAT,2029,0.0
RE1,SD,PWRWAT,2030,0.0
RE1,SD,PWRWAT,2031,0.0
RE1,SD,PWRWAT,2032,0.0
RE1,SD,PWRWAT,2033,0.0
RE1,SD,PWRWAT,2034,0.0
RE1,SD,PWRWAT,2035,0.0
RE1,SD,DSL,2020,0.0
RE1,SD,DSL,2021,0.0
RE1,SD,DSL,2022,0.0
RE1,SD,DSL,2023,0.0
RE1,SD,DSL,2024,0.0
RE1,SD,DSL,2025,0.0
RE1,SD,DSL,2026,0.0
RE1,SD,DSL,2027,0.0
RE1,SD,DSL,2028,0.0
RE1,SD,DSL,2029,0.0
RE1,SD,DSL,2030,0.0
RE1,SD,DSL,2031,0.0
RE1,SD,DSL,2032,0.0
RE1,SD,DSL,2033,0.0
RE1,SD,DSL,2034,0.0
RE1,SD,DSL,2035,0.0
RE1,SD,TRABIO,2020,0.0
RE1,SD,TRABIO,2021,0.0
RE1,SD,TRABIO,2022,0.0
RE1,SD,TRABIO,2023,0.0
RE1,SD,TRABIO,2024,0.0
RE1,SD,TRABIO,2025,0.0
RE1,SD,TRABIO,2026,0.0
RE1,SD,TRABIO,2027,0.0
RE1,SD,TRABIO,2028,0.0
RE1,SD,TRABIO,2029,0.0
RE1,SD,TRABIO,2030,0.0
RE1,SD,TRABIO,2031,0.0
RE1,SD,TRABIO,2032,0.0
RE1,SD,TRABIO,2033,0.0
RE1,SD,TRABIO,2034,0.0
RE1,SD,TRABIO,2035,0.0
RE1,SN,COA,2020,0.0
RE1,SN,COA,2021,0.0
RE1,SN,COA,2022,0.0
RE1,SN,COA,2023,0.0
RE1,SN,COA,2024,0.0
RE1,SN,COA,2025,0.0
RE1,SN,COA,2026,0.0
RE1,SN,COA,2027,0.0
RE1,SN,COA,2028,0.0
RE1,SN,COA,2029,0.0
RE1,SN,COA,2030,0.0
RE1,SN,COA,2031,0.0
RE1,SN,COA,2032,0.0
RE1,SN,COA,2033,0.0
RE1,SN,COA,2034,0.0
RE1,SN,COA,2035,0.0
RE1,SN,GAS,2020,0.0
RE1,SN,GAS,2021,0.0
RE1,SN,GAS,2022,0.0
RE1,SN,GAS,2023,0.0
RE1,SN,GAS,2024,0.0
RE1,SN,GAS,2025,0.0
RE1,SN,GAS,2026,0.0
RE1,SN,GAS,2027,0.0
RE1,SN,GAS,2028,0.0
RE1,SN,GAS,2029,0.0
RE1,SN,GAS,2030,0.0
RE1,SN,GAS,2031,0.0
RE1,SN,GAS,2032,0.0
RE1,SN,GAS,2033,0.0
RE1,SN,GAS,2034,0.0
RE1,SN,GAS,2035,0.0
RE1,SN,ELC001,2020,0.0
RE1,SN,ELC001,2021,0.0
RE1,SN,ELC001,2022,0.0
RE1,SN,ELC001,2023,0.0
RE1,SN,ELC001,2024,0.0
RE1,SN,ELC001,2025,0.0
RE1,SN,ELC001,2026,0.0
RE1,SN,ELC001,2027,0.0
RE1,SN,ELC001,2028,0.0
RE1,SN,ELC001,2029,0.0
RE1,SN,ELC001,2030,0.0
RE1,SN,ELC001,2031,0.0
RE1,SN,ELC001,2032,0.0
RE1,SN,ELC001,2033,0.0
RE1,SN,ELC001,2034,0.0
RE1,SN,ELC001,2035,0.0
RE1,SN,ELC002,2020,18.954
RE1,SN,ELC002,2021,20.358
RE1,SN,ELC002,2022,22.113
RE1,SN,ELC002,2023,23.985
RE1,SN,ELC002,2024,25.857
RE1,SN,ELC002,2025,27.846
RE1,SN,ELC002,2026,30.069
RE1,SN,ELC002,2027,32.292
RE1,SN,ELC002,2028,34.632
RE1,SN,ELC002,2029,37.206
RE1,SN,ELC002,2030,39.897
RE1,SN,ELC002,2031,42.705
RE1,SN,ELC002,2032,45.747
RE1,SN,ELC002,2033,48.906
RE1,SN,ELC002,2034,52.299
RE1,SN,ELC002,2035,55.809
RE1,SN,WND,2020,0.0
RE1,SN,WND,2021,0.0
RE1,SN,WND,2022,0.0
RE1,SN,WND,2023,0.0
RE1,SN,WND,2024,0.0
RE1,SN,WND,2025,0.0
RE1,SN,WND,2026,0.0
RE1,SN,WND,2027,0.0
RE1,SN,WND,2028,0.0
RE1,SN,WND,2029,0.0
RE1,SN,WND,2030,0.0
RE1,SN,WND,2031,0.0
RE1,SN,WND,2032,0.0
RE1,SN,WND,2033,0.0
RE1,SN,WND,2034,0.0
RE1,SN,WND,2035,0.0
RE1,SN,SOL,2020,0.0
RE1,SN,SOL,2021,0.0
RE1,SN,SOL,2022,0.0
RE1,SN,SOL,2023,0.0
RE1,SN,SOL,2024,0.0
RE1,SN,SOL,2025,0.0
RE1,SN,SOL,2026,0.0
RE1,SN,SOL,2027,0.0
RE1,SN,SOL,2028,0.0
RE1,SN,SOL,2029,0.0
RE1,SN,SOL,2030,0.0
RE1,SN,SOL,2031,0.0
RE1,SN,SOL,2032,0.0
RE1,SN,SOL,2033,0.0
RE1,SN,SOL,2034,0.0
RE1,SN,SOL,2035,0.0
RE1,SN,HYD,2020,0.0
RE1,SN,HYD,2021,0.0
RE1,SN,HYD,2022,0.0
RE1,SN,HYD,2023,0.0
RE1,SN,HYD,2024,0.0
RE1,SN,HYD,2025,0.0
RE1,SN,HYD,2026,0.0
RE1,SN,HYD,2027,0.0
RE1,SN,HYD,2028,0.0
RE1,SN,HYD,2029,0.0
RE1,SN,HYD,2030,0.0
RE1,SN,HYD,2031,0.0
RE1,SN,HYD,2032,0.0
RE1,SN,HYD,2033,0.0
RE1,SN,HYD,2034,0.0
RE1,SN,HYD,2035,0.0
RE1,SN,LND,2020,0.0
RE1,SN,LND,2021,0.0
RE1,SN,LND,2022,0.0
RE1,SN,LND,2023,0.0
RE1,SN,LND,2024,0.0
RE1,SN,LND,2025,0.0
RE1,SN,LND,2026,0.0
RE1,SN,LND,2027,0.0
RE1,SN,LND,2028,0.0
RE1,SN,LND,2029,0.0
RE1,SN,LND,2030,0.0
RE1,SN,LND,2031,0.0
RE1,SN,LND,2032,0.0
RE1,SN,LND,2033,0.0
RE1,SN,LND,2034,0.0
RE1,SN,LND,2035,0.0
RE1,SN,CRPMAI,2020,0.0
RE1,SN,CRPMAI,2021,0.0
RE1,SN,CRPMAI,2022,0.0
RE1,SN,CRPMAI,2023,0.0
RE1,SN,CRPMAI,2024,0.0
RE1,SN,CRPMAI,2025,0.0
RE1,SN,CRPMAI,2026,0.0
RE1,SN,CRPMAI,2027,0.0
RE1,SN,CRPMAI,2028,0.0
RE1,SN,CRPMAI,2029,0.0
RE1,SN,CRPMAI,2030,0.0
RE1,SN,CRPMAI,2031,0.0
RE1,SN,CRPMAI,2032,0.0
RE1,SN,CRPMAI,2033,0.0
RE1,SN,CRPMAI,2034,0.0
RE1,SN,CRPMAI,2035,0.0
RE1,SN,CRPRIC,2020,0.0
RE1,SN,CRPRIC,2021,0.0
RE1,SN,CRPRIC,2022,0.0
RE1,SN,CRPRIC,2023,0.0
RE1,SN,CRPRIC,2024,0.0
RE1,SN,CRPRIC,2025,0.0
RE1,SN,CRPRIC,2026,0.0
RE1,SN,CRPRIC,2027,0.0
RE1,SN,CRPRIC,2028,0.0
RE1,SN,CRPRIC,2029,0.0
RE1,SN,CRPRIC,2030,0.0
RE1,SN,CRPRIC,2031,0.0
RE1,SN,CRPRIC,2032,0.0
RE1,SN,CRPRIC,2033,0.0
RE1,SN,CRPRIC,2034,0.0
RE1,SN,CRPRIC,2035,0.0
RE1,SN,LBLT,2020,0.0
RE1,SN,LBLT,2021,0.0
RE1,SN,LBLT,2022,0.0
RE1,SN,LBLT,2023,0.0
RE1,SN,LBLT,2024,0.0
RE1,SN,LBLT,2025,0.0
RE1,SN,LBLT,2026,0.0
RE1,SN,LBLT,2027,0.0
RE1,SN,LBLT,2028,0.0
RE1,SN,LBLT,2029,0.0
RE1,SN,LBLT,2030,0.0
RE1,SN,LBLT,2031,0.0
RE1,SN,LBLT,2032,0.0
RE1,SN,LBLT,2033,0.0
RE1,SN,LBLT,2034,0.0
RE1,SN,LBLT,2035,0.0
RE1,SN,LWAT,2020,0.0
RE1,SN,LWAT,2021,0.0
RE1,SN,LWAT,2022,0.0
RE1,SN,LWAT,2023,0.0
RE1,SN,LWAT,2024,0.0
RE1,SN,LWAT,2025,0.0
RE1,SN,LWAT,2026,0.0
RE1,SN,LWAT,2027,0.0
RE1,SN,LWAT,2028,0.0
RE1,SN,LWAT,2029,0.0
RE1,SN,LWAT,2030,0.0
RE1,SN,LWAT,2031,0.0
RE1,SN,LWAT,2032,0.0
RE1,SN,LWAT,2033,0.0
RE1,SN,LWAT,2034,0.0
RE1,SN,LWAT,2035,0.0
RE1,SN,WTRPRC,2020,0.0
RE1,SN,WTRPRC,2021,0.0
RE1,SN,WTRPRC,2022,0.0
RE1,SN,WTRPRC,2023,0.0
RE1,SN,WTRPRC,2024,0.0
RE1,SN,WTRPRC,2025,0.0
RE1,SN,WTRPRC,2026,0.0
RE1,SN,WTRPRC,2027,0.0
RE1,SN,WTRPRC,2028,0.0
RE1,SN,WTRPRC,2029,0.0
RE1,SN,WTRPRC,2030,0.0
RE1,SN,WTRPRC,2031,0.0
RE1,SN,WTRPRC,2032,0.0
RE1,SN,WTRPRC,2033,0.0
RE1,SN,WTRPRC,2034,0.0
RE1,SN,WTRPRC,2035,0.0
RE1,SN,WTREVT,2020,0.0
RE1,SN,WTREVT,2021,0.0
RE1,SN,WTREVT,2022,0.0
RE1,SN,WTREVT,2023,0.0
RE1,SN,WTREVT,2024,0.0
RE1,SN,WTREVT,2025,0.0
RE1,SN,WTREVT,2026,0.0
RE1,SN,WTREVT,2027,0.0
RE1,SN,WTREVT,2028,0.0
RE1,SN,WTREVT,2029,0.0
RE1,SN,WTREVT,2030,0.0
RE1,SN,WTREVT,2031,0.0
RE1,SN,WTREVT,2032,0.0
RE1,SN,WTREVT,2033,0.0
RE1,SN,WTREVT,2034,0.0
RE1,SN,WTREVT,2035,0.0
RE1,SN,WTRGWT,2020,0.0
RE1,SN,WTRGWT,2021,0.0
RE1,SN,WTRGWT,2022,0.0
RE1,SN,WTRGWT,2023,0.0
RE1,SN,WTRGWT,2024,0.0
RE1,SN,WTRGWT,2025,0.0
RE1,SN,WTRGWT,2026,0.0
RE1,SN,WTRGWT,2027,0.0
RE1,SN,WTRGWT,2028,0.0
RE1,SN,WTRGWT,2029,0.0
RE1,SN,WTRGWT,2030,0.0
RE1,SN,WTRGWT,2031,0.0
RE1,SN,WTRGWT,2032,0.0
RE1,SN,WTRGWT,2033,0.0
RE1,SN,WTRGWT,2034,0.0
RE1,SN,WTRGWT,2035,0.0
RE1,SN,WTRRUN,2020,0.0
RE1,SN,WTRRUN,2021,0.0
RE1,SN,WTRRUN,2022,0.0
RE1,SN,WTRRUN,2023,0.0
RE1,SN,WTRRUN,2024,0.0
RE1,SN,WTRRUN,2025,0.0
RE1,SN,WTRRUN,2026,0.0
RE1,SN,WTRRUN,2027,0.0
RE1,SN,WTRRUN,2028,0.0
RE1,SN,WTRRUN,2029,0.0
RE1,SN,WTRRUN,2030,0.0
RE1,SN,WTRRUN,2031,0.0
RE1,SN,WTRRUN,2032,0.0
RE1,SN,WTRRUN,2033,0.0
RE1,SN,WTRRUN,2034,0.0
RE1,SN,WTRRUN,2035,0.0
RE1,SN,WTRSUR,2020,0.0
RE1,SN,WTRSUR,2021,0.0
RE1,SN,WTRSUR,2022,0.0
RE1,SN,WTRSUR,2023,0.0
RE1,SN,WTRSUR,2024,0.0
RE1,SN,WTRSUR,2025,0.0
RE1,SN,WTRSUR,2026,0.0
RE1,SN,WTRSUR,2027,0.0
RE1,SN,WTRSUR,2028,0.0
RE1,SN,WTRSUR,2029,0.0
RE1,SN,WTRSUR,2030,0.0
RE1,SN,WTRSUR,2031,0.0
RE1,SN,WTRSUR,2032,0.0
RE1,SN,WTRSUR,2033,0.0
RE1,SN,WTRSUR,2034,0.0
RE1,SN,WTRSUR,2035,0.0
RE1,SN,PUBWAT,2020,0.0605
RE1,SN,PUBWAT,2021,0.0647
RE1,SN,PUBWAT,2022,0.0692
RE1,SN,PUBWAT,2023,0.0739
RE1,SN,PUBWAT,2024,0.0787
RE1,SN,PUBWAT,2025,0.0838
RE1,SN,PUBWAT,2026,0.089
RE1,SN,PUBWAT,2027,0.0944
RE1,SN,PUBWAT,2028,0.1002
RE1,SN,PUBWAT,2029,0.1061
RE1,SN,PUBWAT,2030,0.1123
RE1,SN,PUBWAT,2031,0.1188
RE1,SN,PUBWAT,2032,0.1255
RE1,SN,PUBWAT,2033,0.1325
RE1,SN,PUBWAT,2034,0.1398
RE1,SN,PUBWAT,2035,0.1475
RE1,SN,AGRWAT,2020,0.0
RE1,SN,AGRWAT,2021,0.0
RE1,SN,AGRWAT,2022,0.0
RE1,SN,AGRWAT,2023,0.0
RE1,SN,AGRWAT,2024,0.0
RE1,SN,AGRWAT,2025,0.0
RE1,SN,AGRWAT,2026,0.0
RE1,SN,AGRWAT,2027,0.0
RE1,SN,AGRWAT,2028,0.0
RE1,SN,AGRWAT,2029,0.0
RE1,SN,AGRWAT,2030,0.0
RE1,SN,AGRWAT,2031,0.0
RE1,SN,AGRWAT,2032,0.0
RE1,SN,AGRWAT,2033,0.0
RE1,SN,AGRWAT,2034,0.0
RE1,SN,AGRWAT,2035,0.0
RE1,SN,PWRWAT,2020,0.0
RE1,SN,PWRWAT,2021,0.0
RE1,SN,PWRWAT,2022,0.0
RE1,SN,PWRWAT,2023,0.0
RE1,SN,PWRWAT,2024,0.0
RE1,SN,PWRWAT,2025,0.0
RE1,SN,PWRWAT,2026,0.0
RE1,SN,PWRWAT,2027,0.0
RE1,SN,PWRWAT,2028,0.0
RE1,SN,PWRWAT,2029,0.0
RE1,SN,PWRWAT,2030,0.0
RE1,SN,PWRWAT,2031,0.0
RE1,SN,PWRWAT,2032,0.0
RE1,SN,PWRWAT,2033,0.0
RE1,SN,PWRWAT,2034,0.0
RE1,SN,PWRWAT,2035,0.0
RE1,SN,DSL,2020,0.0
RE1,SN,DSL,2021,0.0
RE1,SN,DSL,2022,0.0
RE1,SN,DSL,2023,0.0
RE1,SN,DSL,2024,0.0
RE1,SN,DSL,2025,0.0
RE1,SN,DSL,2026,0.0
RE1,SN,DSL,2027,0.0
RE1,SN,DSL,2028,0.0
RE1,SN,DSL,2029,0.0
RE1,SN,DSL,2030,0.0
RE1,SN,DSL,2031,0.0
RE1,SN,DSL,2032,0.0
RE1,SN,DSL,2033,0.0
RE1,SN,DSL,2034,0.0
RE1,SN,DSL,2035,0.0
RE1,SN,TRABIO,2020,0.0
RE1,SN,TRABIO,2021,0.0
RE1,SN,TRABIO,2022,0.0
RE1,SN,TRABIO,2023,0.0
RE1,SN,TRABIO,2024,0.0
RE1,SN,TRABIO,2025,0.0
RE1,SN,TRABIO,2026,0.0
RE1,SN,TRABIO,2027,0.0
RE1,SN,TRABIO,2028,0.0
RE1,SN,TRABIO,2029,0.0
RE1,SN,TRABIO,2030,0.0
RE1,SN,TRABIO,2031,0.0
RE1,SN,TRABIO,2032,0.0
RE1,SN,TRABIO,2033,0.0
RE1,SN,TRABIO,2034,0.0
RE1,SN,TRABIO,2035,0.0
RE1,WD,COA,2020,0.0
RE1,WD,COA,2021,0.0
RE1,WD,COA,2022,0.0
RE1,WD,COA,2023,0.0
RE1,WD,COA,2024,0.0
RE1,WD,COA,2025,0.0
RE1,WD,COA,2026,0.0
RE1,WD,COA,2027,0.0
RE1,WD,COA,2028,0.0
RE1,WD,COA,2029,0.0
RE1,WD,COA,2030,0.0
RE1,WD,COA,2031,0.0
RE1,WD,COA,2032,0.0
RE1,WD,COA,2033,0.0
RE1,WD,COA,2034,0.0
RE1,WD,COA,2035,0.0
RE1,WD,GAS,2020,0.0
RE1,WD,GAS,2021,0.0
RE1,WD,GAS,2022,0.0
RE1,WD,GAS,2023,0.0
RE1,WD,GAS,2024,0.0
RE1,WD,GAS,2025,0.0
RE1,WD,GAS,2026,0.0
RE1,WD,GAS,2027,0.0
RE1,WD,GAS,2028,0.0
RE1,WD,GAS,2029,0.0
RE1,WD,GAS,2030,0.0
RE1,WD,GAS,2031,0.0
RE1,WD,GAS,2032,0.0
RE1,WD,GAS,2033,0.0
RE1,WD,GAS,2034,0.0
RE1,WD,GAS,2035,0.0
RE1,WD,ELC001,2020,0.0
RE1,WD,ELC001,2021,0.0
RE1,WD,ELC001,2022,0.0
RE1,WD,ELC001,2023,0.0
RE1,WD,ELC001,2024,0.0
RE1,WD,ELC001,2025,0.0
RE1,WD,ELC001,2026,0.0
RE1,WD,ELC001,2027,0.0
RE1,WD,ELC001,2028,0.0
RE1,WD,ELC001,2029,0.0
RE1,WD,ELC001,2030,0.0
RE1,WD,ELC001,2031,0.0
RE1,WD,ELC001,2032,0.0
RE1,WD,ELC001,2033,0.0
RE1,WD,ELC001,2034,0.0
RE1,WD,ELC001,2035,0.0
RE1,WD,ELC002,2020,61.236
RE1,WD,ELC002,2021,65.772
RE1,WD,ELC002,2022,71.442
RE1,WD,ELC002,2023,77.49
RE1,WD,ELC002,2024,83.538
RE1,WD,ELC002,2025,89.964
RE1,WD,ELC002,2026,97.146
RE1,WD,ELC002,2027,104.328
RE1,WD,ELC002,2028,111.888
RE1,WD,ELC002,2029,120.204
RE1,WD,ELC002,2030,128.898
RE1,WD,ELC002,2031,137.97
RE1,WD,ELC002,2032,147.798
RE1,WD,ELC002,2033,158.004
RE1,WD,ELC002,2034,168.966
RE1,WD,ELC002,2035,180.306
RE1,WD,WND,2020,0.0
RE1,WD,WND,2021,0.0
RE1,WD,WND,2022,0.0
RE1,WD,WND,2023,0.0
RE1,WD,WND,2024,0.0
RE1,WD,WND,2025,0.0
RE1,WD,WND,2026,0.0
RE1,WD,WND,2027,0.0
RE1,WD,WND,2028,0.0
RE1,WD,WND,2029,0.0
RE1,WD,WND,2030,0.0
RE1,WD,WND,2031,0.0
RE1,WD,WND,2032,0.0
RE1,WD,WND,2033,0.0
RE1,WD,WND,2034,0.0
RE1,WD,WND,2035,0.0
RE1,WD,SOL,2020,0.0
RE1,WD,SOL,2021,0.0
RE1,WD,SOL,2022,0.0
RE1,WD,SOL,2023,0.0
RE1,WD,SOL,2024,0.0
RE1,WD,SOL,2025,0.0
RE1,WD,SOL,2026,0.0
RE1,WD,SOL,2027,0.0
RE1,WD,SOL,2028,0.0
RE1,WD,SOL,2029,0.0
RE1,WD,SOL,2030,0.0
RE1,WD,SOL,2031,0.0
RE1,WD,SOL,2032,0.0
RE1,WD,SOL,2033,0.0
RE1,WD,SOL,2034,0.0
RE1,WD,SOL,2035,0.0
RE1,WD,HYD,2020,0.0
RE1,WD,HYD,2021,0.0
RE1,WD,HYD,2022,0.0
RE1,WD,HYD,2023,0.0
RE1,WD,HYD,2024,0.0
RE1,WD,HYD,2025,0.0
RE1,WD,HYD,2026,0.0
RE1,WD,HYD,2027,0.0
RE1,WD,HYD,2028,0.0
RE1,WD,HYD,2029,0.0
RE1,WD,HYD,2030,0.0
RE1,WD,HYD,2031,0.0
RE1,WD,HYD,2032,0.0
RE1,WD,HYD,2033,0.0
RE1,WD,HYD,2034,0.0
RE1,WD,HYD,2035,0.0
RE1,WD,LND,2020,0.0
RE1,WD,LND,2021,0.0
RE1,WD,LND,2022,0.0
RE1,WD,LND,2023,0.0
RE1,WD,LND,2024,0.0
RE1,WD,LND,2025,0.0
RE1,WD,LND,2026,0.0
RE1,WD,LND,2027,0.0
RE1,WD,LND,2028,0.0
RE1,WD,LND,2029,0.0
RE1,WD,LND,2030,0.0
RE1,WD,LND,2031,0.0
RE1,WD,LND,2032,0.0
RE1,WD,LND,2033,0.0
RE1,WD,LND,2034,0.0
RE1,WD,LND,2035,0.0
RE1,WD,CRPMAI,2020,0.0
RE1,WD,CRPMAI,2021,0.0
RE1,WD,CRPMAI,2022,0.0
RE1,WD,CRPMAI,2023,0.0
RE1,WD,CRPMAI,2024,0.0
RE1,WD,CRPMAI,2025,0.0
RE1,WD,CRPMAI,2026,0.0
RE1,WD,CRPMAI,2027,0.0
RE1,WD,CRPMAI,2028,0.0
RE1,WD,CRPMAI,2029,0.0
RE1,WD,CRPMAI,2030,0.0
RE1,WD,CRPMAI,2031,0.0
RE1,WD,CRPMAI,2032,0.0
RE1,WD,CRPMAI,2033,0.0
RE1,WD,CRPMAI,2034,0.0
RE1,WD,CRPMAI,2035,0.0
RE1,WD,CRPRIC,2020,0.0
RE1,WD,CRPRIC,2021,0.0
RE1,WD,CRPRIC,2022,0.0
RE1,WD,CRPRIC,2023,0.0
RE1,WD,CRPRIC,2024,0.0
RE1,WD,CRPRIC,2025,0.0
RE1,WD,CRPRIC,2026,0.0
RE1,WD,CRPRIC,2027,0.0
RE1,WD,CRPRIC,2028,0.0
RE1,WD,CRPRIC,2029,0.0
RE1,WD,CRPRIC,2030,0.0
RE1,WD,CRPRIC,2031,0.0
RE1,WD,CRPRIC,2032,0.0
RE1,WD,CRPRIC,2033,0.0
RE1,WD,CRPRIC,2034,0.0
RE1,WD,CRPRIC,2035,0.0
RE1,WD,LBLT,2020,0.0
RE1,WD,LBLT,2021,0.0
RE1,WD,LBLT,2022,0.0
RE1,WD,LBLT,2023,0.0
RE1,WD,LBLT,2024,0.0
RE1,WD,LBLT,2025,0.0
RE1,WD,LBLT,2026,0.0
RE1,WD,LBLT,2027,0.0
RE1,WD,LBLT,2028,0.0
RE1,WD,LBLT,2029,0.0
RE1,WD,LBLT,2030,0.0
RE1,WD,LBLT,2031,0.0
RE1,WD,LBLT,2032,0.0
RE1,WD,LBLT,2033,0.0
RE1,WD,LBLT,2034,0.0
RE1,WD,LBLT,2035,0.0
RE1,WD,LWAT,2020,0.0
RE1,WD,LWAT,2021,0.0
RE1,WD,LWAT,2022,0.0
RE1,WD,LWAT,2023,0.0
RE1,WD,LWAT,2024,0.0
RE1,WD,LWAT,2025,0.0
RE1,WD,LWAT,2026,0.0
RE1,WD,LWAT,2027,0.0
RE1,WD,LWAT,2028,0.0
RE1,WD,LWAT,2029,0.0
RE1,WD,LWAT,2030,0.0
RE1,WD,LWAT,2031,0.0
RE1,WD,LWAT,2032,0.0
RE1,WD,LWAT,2033,0.0
RE1,WD,LWAT,2034,0.0
RE1,WD,LWAT,2035,0.0
RE1,WD,WTRPRC,2020,0.0
RE1,WD,WTRPRC,2021,0.0
RE1,WD,WTRPRC,2022,0.0
RE1,WD,WTRPRC,2023,0.0
RE1,WD,WTRPRC,2024,0.0
RE1,WD,WTRPRC,2025,0.0
RE1,WD,WTRPRC,2026,0.0
RE1,WD,WTRPRC,2027,0.0
RE1,WD,WTRPRC,2028,0.0
RE1,WD,WTRPRC,2029,0.0
RE1,WD,WTRPRC,2030,0.0
RE1,WD,WTRPRC,2031,0.0
RE1,WD,WTRPRC,2032,0.0
RE1,WD,WTRPRC,2033,0.0
RE1,WD,WTRPRC,2034,0.0
RE1,WD,WTRPRC,2035,0.0
RE1,WD,WTREVT,2020,0.0
RE1,WD,WTREVT,2021,0.0
RE1,WD,WTREVT,2022,0.0
RE1,WD,WTREVT,2023,0.0
RE1,WD,WTREVT,2024,0.0
RE1,WD,WTREVT,2025,0.0
RE1,WD,WTREVT,2026,0.0
RE1,WD,WTREVT,2027,0.0
RE1,WD,WTREVT,2028,0.0
RE1,WD,WTREVT,2029,0.0
RE1,WD,WTREVT,2030,0.0
RE1,WD,WTREVT,2031,0.0
RE1,WD,WTREVT,2032,0.0
RE1,WD,WTREVT,2033,0.0
RE1,WD,WTREVT,2034,0.0
RE1,WD,WTREVT,2035,0.0
RE1,WD,WTRGWT,2020,0.0
RE1,WD,WTRGWT,2021,0.0
RE1,WD,WTRGWT,2022,0.0
RE1,WD,WTRGWT,2023,0.0
RE1,WD,WTRGWT,2024,0.0
RE1,WD,WTRGWT,2025,0.0
RE1,WD,WTRGWT,2026,0.0
RE1,WD,WTRGWT,2027,0.0
RE1,WD,WTRGWT,2028,0.0
RE1,WD,WTRGWT,2029,0.0
RE1,WD,WTRGWT,2030,0.0
RE1,WD,WTRGWT,2031,0.0
RE1,WD,WTRGWT,2032,0.0
RE1,WD,WTRGWT,2033,0.0
RE1,WD,WTRGWT,2034,0.0
RE1,WD,WTRGWT,2035,0.0
RE1,WD,WTRRUN,2020,0.0
RE1,WD,WTRRUN,2021,0.0
RE1,WD,WTRRUN,2022,0.0
RE1,WD,WTRRUN,2023,0.0
RE1,WD,WTRRUN,2024,0.0
RE1,WD,WTRRUN,2025,0.0
RE1,WD,WTRRUN,2026,0.0
RE1,WD,WTRRUN,2027,0.0
RE1,WD,WTRRUN,2028,0.0
RE1,WD,WTRRUN,2029,0.0
RE1,WD,WTRRUN,2030,0.0
RE1,WD,WTRRUN,2031,0.0
RE1,WD,WTRRUN,2032,0.0
RE1,WD,WTRRUN,2033,0.0
RE1,WD,WTRRUN,2034,0.0
RE1,WD,WTRRUN,2035,0.0
RE1,WD,WTRSUR,2020,0.0
RE1,WD,WTRSUR,2021,0.0
RE1,WD,WTRSUR,2022,0.0
RE1,WD,WTRSUR,2023,0.0
RE1,WD,WTRSUR,2024,0.0
RE1,WD,WTRSUR,2025,0.0
RE1,WD,WTRSUR,2026,0.0
RE1,WD,WTRSUR,2027,0.0
RE1,WD,WTRSUR,2028,0.0
RE1,WD,WTRSUR,2029,0.0
RE1,WD,WTRSUR,2030,0.0
RE1,WD,WTRSUR,2031,0.0
RE1,WD,WTRSUR,2032,0.0
RE1,WD,WTRSUR,2033,0.0
RE1,WD,WTRSUR,2034,0.0
RE1,WD,WTRSUR,2035,0.0
RE1,WD,PUBWAT,2020,0.4033
RE1,WD,PUBWAT,2021,0.4318
RE1,WD,PUBWAT,2022,0.4619
RE1,WD,PUBWAT,2023,0.4929
RE1,WD,PUBWAT,2024,0.525
RE1,WD,PUBWAT,2025,0.5588
RE1,WD,PUBWAT,2026,0.5938
RE1,WD,PUBWAT,2027,0.63
RE1,WD,PUBWAT,2028,0.6683
RE1,WD,PUBWAT,2029,0.7078
RE1,WD,PUBWAT,2030,0.7493
RE1,WD,PUBWAT,2031,0.7924
RE1,WD,PUBWAT,2032,0.8372
RE1,WD,PUBWAT,2033,0.884
RE1,WD,PUBWAT,2034,0.9328
RE1,WD,PUBWAT,2035,0.9841
RE1,WD,AGRWAT,2020,0.0
RE1,WD,AGRWAT,2021,0.0
RE1,WD,AGRWAT,2022,0.0
RE1,WD,AGRWAT,2023,0.0
RE1,WD,AGRWAT,2024,0.0
RE1,WD,AGRWAT,2025,0.0
RE1,WD,AGRWAT,2026,0.0
RE1,WD,AGRWAT,2027,0.0
RE1,WD,AGRWAT,2028,0.0
RE1,WD,AGRWAT,2029,0.0
RE1,WD,AGRWAT,2030,0.0
RE1,WD,AGRWAT,2031,0.0
RE1,WD,AGRWAT,2032,0.0
RE1,WD,AGRWAT,2033,0.0
RE1,WD,AGRWAT,2034,0.0
RE1,WD,AGRWAT,2035,0.0
RE1,WD,PWRWAT,2020,0.0
RE1,WD,PWRWAT,2021,0.0
RE1,WD,PWRWAT,2022,0.0
RE1,WD,PWRWAT,2023,0.0
RE1,WD,PWRWAT,2024,0.0
RE1,WD,PWRWAT,2025,0.0
RE1,WD,PWRWAT,2026,0.0
RE1,WD,PWRWAT,2027,0.0
RE1,WD,PWRWAT,2028,0.0
RE1,WD,PWRWAT,2029,0.0
RE1,WD,PWRWAT,2030,0.0
RE1,WD,PWRWAT,2031,0.0
RE1,WD,PWRWAT,2032,0.0
RE1,WD,PWRWAT,2033,0.0
RE1,WD,PWRWAT,2034,0.0
RE1,WD,PWRWAT,2035,0.0
RE1,WD,DSL,2020,0.0
RE1,WD,DSL,2021,0.0
RE1,WD,DSL,2022,0.0
RE1,WD,DSL,2023,0.0
RE1,WD,DSL,2024,0.0
RE1,WD,DSL,2025,0.0
RE1,WD,DSL,2026,0.0
RE1,WD,DSL,2027,0.0
RE1,WD,DSL,2028,0.0
RE1,WD,DSL,2029,0.0
RE1,WD,DSL,2030,0.0
RE1,WD,DSL,2031,0.0
RE1,WD,DSL,2032,0.0
RE1,WD,DSL,2033,0.0
RE1,WD,DSL,2034,0.0
RE1,WD,DSL,2035,0.0
RE1,WD,TRABIO,2020,0.0
RE1,WD,TRABIO,2021,0.0
RE1,WD,TRABIO,2022,0.0
RE1,WD,TRABIO,2023,0.0
RE1,WD,TRABIO,2024,0.0
RE1,WD,TRABIO,2025,0.0
RE1,WD,TRABIO,2026,0.0
RE1,WD,TRABIO,2027,0.0
RE1,WD,TRABIO,2028,0.0
RE1,WD,TRABIO,2029,0.0
RE1,WD,TRABIO,2030,0.0
RE1,WD,TRABIO,2031,0.0
RE1,WD,TRABIO,2032,0.0
RE1,WD,TRABIO,2033,0.0
RE1,WD,TRABIO,2034,0.0
RE1,WD,TRABIO,2035,0.0
RE1,WN,COA,2020,0.0
RE1,WN,COA,2021,0.0
RE1,WN,COA,2022,0.0
RE1,WN,COA,2023,0.0
RE1,WN,COA,2024,0.0
RE1,WN,COA,2025,0.0
RE1,WN,COA,2026,0.0
RE1,WN,COA,2027,0.0
RE1,WN,COA,2028,0.0
RE1,WN,COA,2029,0.0
RE1,WN,COA,2030,0.0
RE1,WN,COA,2031,0.0
RE1,WN,COA,2032,0.0
RE1,WN,COA,2033,0.0
RE1,WN,COA,2034,0.0
RE1,WN,COA,2035,0.0
RE1,WN,GAS,2020,0.0
RE1,WN,GAS,2021,0.0
RE1,WN,GAS,2022,0.0
RE1,WN,GAS,2023,0.0
RE1,WN,GAS,2024,0.0
RE1,WN,GAS,2025,0.0
RE1,WN,GAS,2026,0.0
RE1,WN,GAS,2027,0.0
RE1,WN,GAS,2028,0.0
RE1,WN,GAS,2029,0.0
RE1,WN,GAS,2030,0.0
RE1,WN,GAS,2031,0.0
RE1,WN,GAS,2032,0.0
RE1,WN,GAS,2033,0.0
RE1,WN,GAS,2034,0.0
RE1,WN,GAS,2035,0.0
RE1,WN,ELC001,2020,0.0
RE1,WN,ELC001,2021,0.0
RE1,WN,ELC001,2022,0.0
RE1,WN,ELC001,2023,0.0
RE1,WN,ELC001,2024,0.0
RE1,WN,ELC001,2025,0.0
RE1,WN,ELC001,2026,0.0
RE1,WN,ELC001,2027,0.0
RE1,WN,ELC001,2028,0.0
RE1,WN,ELC001,2029,0.0
RE1,WN,ELC001,2030,0.0
RE1,WN,ELC001,2031,0.0
RE1,WN,ELC001,2032,0.0
RE1,WN,ELC001,2033,0.0
RE1,WN,ELC001,2034,0.0
RE1,WN,ELC001,2035,0.0
RE1,WN,ELC002,2020,30.942
RE1,WN,ELC002,2021,33.234
RE1,WN,ELC002,2022,36.099
RE1,WN,ELC002,2023,39.155
RE1,WN,ELC002,2024,42.211
RE1,WN,ELC002,2025,45.458
RE1,WN,ELC002,2026,49.087
RE1,WN,ELC002,2027,52.716
RE1,WN,ELC002,2028,56.536
RE1,WN,ELC002,2029,60.738
RE1,WN,ELC002,2030,65.131
RE1,WN,ELC002,2031,69.715
RE1,WN,ELC002,2032,74.681
RE1,WN,ELC002,2033,79.838
RE1,WN,ELC002,2034,85.377
RE1,WN,ELC002,2035,91.107
RE1,WN,WND,2020,0.0
RE1,WN,WND,2021,0.0
RE1,WN,WND,2022,0.0
RE1,WN,WND,2023,0.0
RE1,WN,WND,2024,0.0
RE1,WN,WND,2025,0.0
RE1,WN,WND,2026,0.0
RE1,WN,WND,2027,0.0
RE1,WN,WND,2028,0.0
RE1,WN,WND,2029,0.0
RE1,WN,WND,2030,0.0
RE1,WN,WND,2031,0.0
RE1,WN,WND,2032,0.0
RE1,WN,WND,2033,0.0
RE1,WN,WND,2034,0.0
RE1,WN,WND,2035,0.0
RE1,WN,SOL,2020,0.0
RE1,WN,SOL,2021,0.0
RE1,WN,SOL,2022,0.0
RE1,WN,SOL,2023,0.0
RE1,WN,SOL,2024,0.0
RE1,WN,SOL,2025,0.0
RE1,WN,SOL,2026,0.0
RE1,WN,SOL,2027,0.0
RE1,WN,SOL,2028,0.0
RE1,WN,SOL,2029,0.0
RE1,WN,SOL,2030,0.0
RE1,WN,SOL,2031,0.0
RE1,WN,SOL,2032,0.0
RE1,WN,SOL,2033,0.0
RE1,WN,SOL,2034,0.0
RE1,WN,SOL,2035,0.0
RE1,WN,HYD,2020,0.0
RE1,WN,HYD,2021,0.0
RE1,WN,HYD,2022,0.0
RE1,WN,HYD,2023,0.0
RE1,WN,HYD,2024,0.0
RE1,WN,HYD,2025,0.0
RE1,WN,HYD,2026,0.0
RE1,WN,HYD,2027,0.0
RE1,WN,HYD,2028,0.0
RE1,WN,HYD,2029,0.0
RE1,WN,HYD,2030,0.0
RE1,WN,HYD,2031,0.0
RE1,WN,HYD,2032,0.0
RE1,WN,HYD,2033,0.0
RE1,WN,HYD,2034,0.0
RE1,WN,HYD,2035,0.0
RE1,WN,LND,2020,0.0
RE1,WN,LND,2021,0.0
RE1,WN,LND,2022,0.0
RE1,WN,LND,2023,0.0
RE1,WN,LND,2024,0.0
RE1,WN,LND,2025,0.0
RE1,WN,LND,2026,0.0
RE1,WN,LND,2027,0.0
RE1,WN,LND,2028,0.0
RE1,WN,LND,2029,0.0
RE1,WN,LND,2030,0.0
RE1,WN,LND,2031,0.0
RE1,WN,LND,2032,0.0
RE1,WN,LND,2033,0.0
RE1,WN,LND,2034,0.0
RE1,WN,LND,2035,0.0
RE1,WN,CRPMAI,2020,0.0
RE1,WN,CRPMAI,2021,0.0
RE1,WN,CRPMAI,2022,0.0
RE1,WN,CRPMAI,2023,0.0
RE1,WN,CRPMAI,2024,0.0
RE1,WN,CRPMAI,2025,0.0
RE1,WN,CRPMAI,2026,0.0
RE1,WN,CRPMAI,2027,0.0
RE1,WN,CRPMAI,2028,0.0
RE1,WN,CRPMAI,2029,0.0
RE1,WN,CRPMAI,2030,0.0
RE1,WN,CRPMAI,2031,0.0
RE1,WN,CRPMAI,2032,0.0
RE1,WN,CRPMAI,2033,0.0
RE1,WN,CRPMAI,2034,0.0
RE1,WN,CRPMAI,2035,0.0
RE1,WN,CRPRIC,2020,0.0
RE1,WN,CRPRIC,2021,0.0
RE1,WN,CRPRIC,2022,0.0
RE1,WN,CRPRIC,2023,0.0
RE1,WN,CRPRIC,2024,0.0
RE1,WN,CRPRIC,2025,0.0
RE1,WN,CRPRIC,2026,0.0
RE1,WN,CRPRIC,2027,0.0
RE1,WN,CRPRIC,2028,0.0
RE1,WN,CRPRIC,2029,0.0
RE1,WN,CRPRIC,2030,0.0
RE1,WN,CRPRIC,2031,0.0
RE1,WN,CRPRIC,2032,0.0
RE1,WN,CRPRIC,2033,0.0
RE1,WN,CRPRIC,2034,0.0
RE1,WN,CRPRIC,2035,0.0
RE1,WN,LBLT,2020,0.0
RE1,WN,LBLT,2021,0.0
RE1,WN,LBLT,2022,0.0
RE1,WN,LBLT,2023,0.0
RE1,WN,LBLT,2024,0.0
RE1,WN,LBLT,2025,0.0
RE1,WN,LBLT,2026,0.0
RE1,WN,LBLT,2027,0.0
RE1,WN,LBLT,2028,0.0
RE1,WN,LBLT,2029,0.0
RE1,WN,LBLT,2030,0.0
RE1,WN,LBLT,2031,0.0
RE1,WN,LBLT,2032,0.0
RE1,WN,LBLT,2033,0.0
RE1,WN,LBLT,2034,0.0
RE1,WN,LBLT,2035,0.0
RE1,WN,LWAT,2020,0.0
RE1,WN,LWAT,2021,0.0
RE1,WN,LWAT,2022,0.0
RE1,WN,LWAT,2023,0.0
RE1,WN,LWAT,2024,0.0
RE1,WN,LWAT,2025,0.0
RE1,WN,LWAT,2026,0.0
RE1,WN,LWAT,2027,0.0
RE1,WN,LWAT,2028,0.0
RE1,WN,LWAT,2029,0.0
RE1,WN,LWAT,2030,0.0
RE1,WN,LWAT,2031,0.0
RE1,WN,LWAT,2032,0.0
RE1,WN,LWAT,2033,0.0
RE1,WN,LWAT,2034,0.0
RE1,WN,LWAT,2035,0.0
RE1,WN,WTRPRC,2020,0.0
RE1,WN,WTRPRC,2021,0.0
RE1,WN,WTRPRC,2022,0.0
RE1,WN,WTRPRC,2023,0.0
RE1,WN,WTRPRC,2024,0.0
RE1,WN,WTRPRC,2025,0.0
RE1,WN,WTRPRC,2026,0.0
RE1,WN,WTRPRC,2027,0.0
RE1,WN,WTRPRC,2028,0.0
RE1,WN,WTRPRC,2029,0.0
RE1,WN,WTRPRC,2030,0.0
RE1,WN,WTRPRC,2031,0.0
RE1,WN,WTRPRC,2032,0.0
RE1,WN,WTRPRC,2033,0.0
RE1,WN,WTRPRC,2034,0.0
RE1,WN,WTRPRC,2035,0.0
RE1,WN,WTREVT,2020,0.0
RE1,WN,WTREVT,2021,0.0
RE1,WN,WTREVT,2022,0.0
RE1,WN,WTREVT,2023,0.0
RE1,WN,WTREVT,2024,0.0
RE1,WN,WTREVT,2025,0.0
RE1,WN,WTREVT,2026,0.0
RE1,WN,WTREVT,2027,0.0
RE1,WN,WTREVT,2028,0.0
RE1,WN,WTREVT,2029,0.0
RE1,WN,WTREVT,2030,0.0
RE1,WN,WTREVT,2031,0.0
RE1,WN,WTREVT,2032,0.0
RE1,WN,WTREVT,2033,0.0
RE1,WN,WTREVT,2034,0.0
RE1,WN,WTREVT,2035,0.0
RE1,WN,WTRGWT,2020,0.0
RE1,WN,WTRGWT,2021,0.0
RE1,WN,WTRGWT,2022,0.0
RE1,WN,WTRGWT,2023,0.0
RE1,WN,WTRGWT,2024,0.0
RE1,WN,WTRGWT,2025,0.0
RE1,WN,WTRGWT,2026,0.0
RE1,WN,WTRGWT,2027,0.0
RE1,WN,WTRGWT,2028,0.0
RE1,WN,WTRGWT,2029,0.0
RE1,WN,WTRGWT,2030,0.0
RE1,WN,WTRGWT,2031,0.0
RE1,WN,WTRGWT,2032,0.0
RE1,WN,WTRGWT,2033,0.0
RE1,WN,WTRGWT,2034,0.0
RE1,WN,WTRGWT,2035,0.0
RE1,WN,WTRRUN,2020,0.0
RE1,WN,WTRRUN,2021,0.0
RE1,WN,WTRRUN,2022,0.0
RE1,WN,WTRRUN,2023,0.0
RE1,WN,WTRRUN,2024,0.0
RE1,WN,WTRRUN,2025,0.0
RE1,WN,WTRRUN,2026,0.0
RE1,WN,WTRRUN,2027,0.0
RE1,WN,WTRRUN,2028,0.0
RE1,WN,WTRRUN,2029,0.0
RE1,WN,WTRRUN,2030,0.0
RE1,WN,WTRRUN,2031,0.0
RE1,WN,WTRRUN,2032,0.0
RE1,WN,WTRRUN,2033,0.0
RE1,WN,WTRRUN,2034,0.0
RE1,WN,WTRRUN,2035,0.0
RE1,WN,WTRSUR,2020,0.0
RE1,WN,WTRSUR,2021,0.0
RE1,WN,WTRSUR,2022,0.0
RE1,WN,WTRSUR,2023,0.0
RE1,WN,WTRSUR,2024,0.0
RE1,WN,WTRSUR,2025,0.0
RE1,WN,WTRSUR,2026,0.0
RE1,WN,WTRSUR,2027,0.0
RE1,WN,WTRSUR,2028,0.0
RE1,WN,WTRSUR,2029,0.0
RE1,WN,WTRSUR,2030,0.0
RE1,WN,WTRSUR,2031,0.0
RE1,WN,WTRSUR,2032,0.0
RE1,WN,WTRSUR,2033,0.0
RE1,WN,WTRSUR,2034,0.0
RE1,WN,WTRSUR,2035,0.0
RE1,WN,PUBWAT,2020,0.0882
RE1,WN,PUBWAT,2021,0.0944
RE1,WN,PUBWAT,2022,0.101
RE1,WN,PUBWAT,2023,0.1078
RE1,WN,PUBWAT,2024,0.1148
RE1,WN,PUBWAT,2025,0.1222
RE1,WN,PUBWAT,2026,0.1299
RE1,WN,PUBWAT,2027,0.1378
RE1,WN,PUBWAT,2028,0.1461
RE1,WN,PUBWAT,2029,0.1548
RE1,WN,PUBWAT,2030,0.1638
RE1,WN,PUBWAT,2031,0.1733
RE1,WN,PUBWAT,2032,0.1831
RE1,WN,PUBWAT,2033,0.1933
RE1,WN,PUBWAT,2034,0.204
RE1,WN,PUBWAT,2035,0.2152
RE1,WN,AGRWAT,2020,0.0
RE1,WN,AGRWAT,2021,0.0
RE1,WN,AGRWAT,2022,0.0
RE1,WN,AGRWAT,2023,0.0
RE1,WN,AGRWAT,2024,0.0
RE1,WN,AGRWAT,2025,0.0
RE1,WN,AGRWAT,2026,0.0
RE1,WN,AGRWAT,2027,0.0
RE1,WN,AGRWAT,2028,0.0
RE1,WN,AGRWAT,2029,0.0
RE1,WN,AGRWAT,2030,0.0
RE1,WN,AGRWAT,2031,0.0
RE1,WN,AGRWAT,2032,0.0
RE1,WN,AGRWAT,2033,0.0
RE1,WN,AGRWAT,2034,0.0
RE1,WN,AGRWAT,2035,0.0
RE1,WN,PWRWAT,2020,0.0
RE1,WN,PWRWAT,2021,0.0
RE1,WN,PWRWAT,2022,0.0
RE1,WN,PWRWAT,2023,0.0
RE1,WN,PWRWAT,2024,0.0
RE1,WN,PWRWAT,2025,0.0
RE1,WN,PWRWAT,2026,0.0
RE1,WN,PWRWAT,2027,0.0
RE1,WN,PWRWAT,2028,0.0
RE1,WN,PWRWAT,2029,0.0
RE1,WN,PWRWAT,2030,0.0
RE1,WN,PWRWAT,2031,0.0
RE1,WN,PWRWAT,2032,0.0
RE1,WN,PWRWAT,2033,0.0
RE1,WN,PWRWAT,2034,0.0
RE1,WN,PWRWAT,2035,0.0
RE1,WN,DSL,2020,0.0
RE1,WN,DSL,2021,0.0
RE1,WN,DSL,2022,0.0
RE1,WN,DSL,2023,0.0
RE1,WN,DSL,2024,0.0
RE1,WN,DSL,2025,0.0
RE1,WN,DSL,2026,0.0
RE1,WN,DSL,2027,0.0
RE1,WN,DSL,2028,0.0
RE1,WN,DSL,2029,0.0
RE1,WN,DSL,2030,0.0
RE1,WN,DSL,2031,0.0
RE1,WN,DSL,2032,0.0
RE1,WN,DSL,2033,0.0
RE1,WN,DSL,2034,0.0
RE1,WN,DSL,2035,0.0
RE1,WN,TRABIO,2020,0.0
RE1,WN,TRABIO,2021,0.0
RE1,WN,TRABIO,2022,0.0
RE1,WN,TRABIO,2023,0.0
RE1,WN,TRABIO,2024,0.0
RE1,WN,TRABIO,2025,0.0
RE1,WN,TRABIO,2026,0.0
RE1,WN,TRABIO,2027,0.0
RE1,WN,TRABIO,2028,0.0
RE1,WN,TRABIO,2029,0.0
RE1,WN,TRABIO,2030,0.0
RE1,WN,TRABIO,2031,0.0
RE1,WN,TRABIO,2032,0.0
RE1,WN,TRABIO,2033,0.0
RE1,WN,TRABIO,2034,0.0
RE1,WN,TRABIO,2035,0.0
