r,t,y,DiscountedSalvageValue
RE1,MINCOA,2020,0.0101
RE1,MINCOA,2021,0.0
RE1,MINCOA,2022,0.0
RE1,MINCOA,2023,0.0
RE1,MINCOA,2024,0.0
RE1,MINCOA,2025,0.0
RE1,MINCOA,2026,0.0
RE1,MINCOA,2027,0.0
RE1,MINCOA,2028,0.0
RE1,MINCOA,2029,0.0
RE1,MINCOA,2030,0.0
RE1,MINCOA,2031,0.0
RE1,MINCOA,2032,0.0
RE1,MINCOA,2033,0.0
RE1,MINCOA,2034,0.0
RE1,MINCOA,2035,0.0
RE1,MINGAS,2020,0.0013
RE1,MINGAS,2021,0.0
RE1,MINGAS,2022,0.0
RE1,MINGAS,2023,0.0
RE1,MINGAS,2024,0.0
RE1,MINGAS,2025,0.0
RE1,MINGAS,2026,0.0018
RE1,MINGAS,2027,0.0
RE1,MINGAS,2028,0.0
RE1,MINGAS,2029,0.0
RE1,MINGAS,2030,0.0
RE1,MINGAS,2031,0.0
RE1,MINGAS,2032,0.0
RE1,MINGAS,2033,0.0
RE1,MINGAS,2034,0.0
RE1,MINGAS,2035,0.0
RE1,PWRCOA,2020,0.0
RE1,PWRCOA,2021,0.0
RE1,PWRCOA,2022,0.0
RE1,PWRCOA,2023,0.0
RE1,PWRCOA,2024,0.0
RE1,PWRCOA,2025,0.0
RE1,PWRCOA,2026,0.0
RE1,PWRCOA,2027,0.0
RE1,PWRCOA,2028,0.0
RE1,PWRCOA,2029,0.0
RE1,PWRCOA,2030,0.0
RE1,PWRCOA,2031,0.0
RE1,PWRCOA,2032,0.0
RE1,PWRCOA,2033,0.0
RE1,PWRCOA,2034,0.0
RE1,PWRCOA,2035,0.0
RE1,PWRGAS,2020,0.0
RE1,PWRGAS,2021,0.0
RE1,PWRGAS,2022,0.0
RE1,PWRGAS,2023,0.0
RE1,PWRGAS,2024,0.0
RE1,PWRGAS,2025,0.0
RE1,PWRGAS,2026,267.7453
RE1,PWRGAS,2027,0.0
RE1,PWRGAS,2028,0.0
RE1,PWRGAS,2029,0.0
RE1,PWRGAS,2030,0.0
RE1,PWRGAS,2031,0.0
RE1,PWRGAS,2032,0.0
RE1,PWRGAS,2033,0.0
RE1,PWRGAS,2034,0.0
RE1,PWRGAS,2035,0.0
RE1,PWRTRN,2020,1620.8951
RE1,PWRTRN,2021,362.122
RE1,PWRTRN,2022,348.963
RE1,PWRTRN,2023,382.2993
RE1,PWRTRN,2024,368.6217
RE1,PWRTRN,2025,403.4046
RE1,PWRTRN,2026,0.0
RE1,PWRTRN,2027,408.6473
RE1,PWRTRN,2028,422.4678
RE1,PWRTRN,2029,429.1028
RE1,PWRTRN,2030,447.3834
RE1,PWRTRN,2031,471.5625
RE1,PWRTRN,2032,481.9227
RE1,PWRTRN,2033,501.8067
RE1,PWRTRN,2034,487.5851
RE1,PWRTRN,2035,513.3363
RE1,RSCWND,2020,0.0004
RE1,RSCWND,2021,0.0005
RE1,RSCWND,2022,0.0005
RE1,RSCWND,2023,0.0005
RE1,RSCWND,2024,0.0005
RE1,RSCWND,2025,0.0005
RE1,RSCWND,2026,0.0005
RE1,RSCWND,2027,0.0006
RE1,RSCWND,2028,0.0006
RE1,RSCWND,2029,0.0006
RE1,RSCWND,2030,0.0006
RE1,RSCWND,2031,0.0006
RE1,RSCWND,2032,0.0006
RE1,RSCWND,2033,0.0006
RE1,RSCWND,2034,0.0006
RE1,RSCWND,2035,0.0006
RE1,RSCSOL,2020,0.0
RE1,RSCSOL,2021,0.0
RE1,RSCSOL,2022,0.0001
RE1,RSCSOL,2023,0.0005
RE1,RSCSOL,2024,0.0005
RE1,RSCSOL,2025,0.0006
RE1,RSCSOL,2026,0.0015
RE1,RSCSOL,2027,0.0006
RE1,RSCSOL,2028,0.0007
RE1,RSCSOL,2029,0.0008
RE1,RSCSOL,2030,0.0009
RE1,RSCSOL,2031,0.001
RE1,RSCSOL,2032,0.0011
RE1,RSCSOL,2033,0.0011
RE1,RSCSOL,2034,0.0013
RE1,RSCSOL,2035,0.0013
RE1,RSCHYD,2020,0.0042
RE1,RSCHYD,2021,0.0
RE1,RSCHYD,2022,0.0
RE1,RSCHYD,2023,0.0
RE1,RSCHYD,2024,0.0
RE1,RSCHYD,2025,0.0
RE1,RSCHYD,2026,0.0
RE1,RSCHYD,2027,0.0
RE1,RSCHYD,2028,0.0
RE1,RSCHYD,2029,0.0
RE1,RSCHYD,2030,0.0
RE1,RSCHYD,2031,0.0
RE1,RSCHYD,2032,0.0
RE1,RSCHYD,2033,0.0
RE1,RSCHYD,2034,0.0
RE1,RSCHYD,2035,0.0
RE1,PWRWND,2020,238.6555
RE1,PWRWND,2021,306.7059
RE1,PWRWND,2022,327.153
RE1,PWRWND,2023,347.6
RE1,PWRWND,2024,368.0471
RE1,PWRWND,2025,388.4942
RE1,PWRWND,2026,408.9412
RE1,PWRWND,2027,429.3883
RE1,PWRWND,2028,449.8353
RE1,PWRWND,2029,470.2824
RE1,PWRWND,2030,490.7295
RE1,PWRWND,2031,511.1765
RE1,PWRWND,2032,531.6236
RE1,PWRWND,2033,552.0706
RE1,PWRWND,2034,572.5177
RE1,PWRWND,2035,592.9648
RE1,PWRSOL,2020,0.0
RE1,PWRSOL,2021,0.0
RE1,PWRSOL,2022,154.1741
RE1,PWRSOL,2023,552.0259
RE1,PWRSOL,2024,631.767
RE1,PWRSOL,2025,696.2708
RE1,PWRSOL,2026,1905.3741
RE1,PWRSOL,2027,865.3228
RE1,PWRSOL,2028,987.3994
RE1,PWRSOL,2029,1213.9397
RE1,PWRSOL,2030,1351.2257
RE1,PWRSOL,2031,1480.3782
RE1,PWRSOL,2032,1744.958
RE1,PWRSOL,2033,1836.8459
RE1,PWRSOL,2034,2158.6108
RE1,PWRSOL,2035,2314.6154
RE1,PWRHYD,2020,0.0
RE1,PWRHYD,2021,0.0
RE1,PWRHYD,2022,0.0
RE1,PWRHYD,2023,0.0
RE1,PWRHYD,2024,0.0
RE1,PWRHYD,2025,0.0
RE1,PWRHYD,2026,0.0
RE1,PWRHYD,2027,0.0
RE1,PWRHYD,2028,0.0
RE1,PWRHYD,2029,0.0
RE1,PWRHYD,2030,0.0
RE1,PWRHYD,2031,0.0
RE1,PWRHYD,2032,0.0
RE1,PWRHYD,2033,0.0
RE1,PWRHYD,2034,0.0
RE1,PWRHYD,2035,0.0
RE1,RSCLND,2020,0.0115
RE1,RSCLND,2021,0.0
RE1,RSCLND,2022,0.0
RE1,RSCLND,2023,0.0
RE1,RSCLND,2024,0.0
RE1,RSCLND,2025,0.0
RE1,RSCLND,2026,0.0
RE1,RSCLND,2027,0.0
RE1,RSCLND,2028,0.0
RE1,RSCLND,2029,0.0
RE1,RSCLND,2030,0.0
RE1,RSCLND,2031,0.0
RE1,RSCLND,2032,0.0
RE1,RSCLND,2033,0.0
RE1,RSCLND,2034,0.0
RE1,RSCLND,2035,0.0
RE1,LNDMAIRNF,2020,0.0
RE1,LNDMAIRNF,2021,0.0
RE1,LNDMAIRNF,2022,0.5163
RE1,LNDMAIRNF,2023,0.9945
RE1,LNDMAIRNF,2024,1.4985
RE1,LNDMAIRNF,2025,2.2162
RE1,LNDMAIRNF,2026,2.4792
RE1,LNDMAIRNF,2027,2.987
RE1,LNDMAIRNF,2028,3.8647
RE1,LNDMAIRNF,2029,4.2919
RE1,LNDMAIRNF,2030,4.8435
RE1,LNDMAIRNF,2031,5.4922
RE1,LNDMAIRNF,2032,5.8659
RE1,LNDMAIRNF,2033,6.3675
RE1,LNDMAIRNF,2034,7.037
RE1,LNDMAIRNF,2035,7.4047
RE1,LNDRICRNF,2020,0.0
RE1,LNDRICRNF,2021,0.0
RE1,LNDRICRNF,2022,0.2171
RE1,LNDRICRNF,2023,0.434
RE1,LNDRICRNF,2024,0.7983
RE1,LNDRICRNF,2025,0.8572
RE1,LNDRICRNF,2026,1.0662
RE1,LNDRICRNF,2027,1.2497
RE1,LNDRICRNF,2028,1.4442
RE1,LNDRICRNF,2029,1.631
RE1,LNDRICRNF,2030,2.3503
RE1,LNDRICRNF,2031,1.9521
RE1,LNDRICRNF,2032,2.0787
RE1,LNDRICRNF,2033,2.2275
RE1,LNDRICRNF,2034,2.2804
RE1,LNDRICRNF,2035,2.355
RE1,LNDMAIIRR,2020,0.0
RE1,LNDMAIIRR,2021,0.0
RE1,LNDMAIIRR,2022,0.062
RE1,LNDMAIIRR,2023,0.1299
RE1,LNDMAIIRR,2024,0.1993
RE1,LNDMAIIRR,2025,0.2656
RE1,LNDMAIIRR,2026,0.3478
RE1,LNDMAIIRR,2027,0.4181
RE1,LNDMAIIRR,2028,0.5111
RE1,LNDMAIIRR,2029,0.5865
RE1,LNDMAIIRR,2030,0.6914
RE1,LNDMAIIRR,2031,0.7887
RE1,LNDMAIIRR,2032,0.8741
RE1,LNDMAIIRR,2033,0.9993
RE1,LNDMAIIRR,2034,1.0932
RE1,LNDMAIIRR,2035,1.234
RE1,LNDRICIRR,2020,0.0
RE1,LNDRICIRR,2021,0.0
RE1,LNDRICIRR,2022,0.1522
RE1,LNDRICIRR,2023,0.3064
RE1,LNDRICIRR,2024,0.4772
RE1,LNDRICIRR,2025,0.6413
RE1,LNDRICIRR,2026,0.8209
RE1,LNDRICIRR,2027,1.0236
RE1,LNDRICIRR,2028,1.2072
RE1,LNDRICIRR,2029,1.4343
RE1,LNDRICIRR,2030,1.6342
RE1,LNDRICIRR,2031,1.8649
RE1,LNDRICIRR,2032,2.1343
RE1,LNDRICIRR,2033,2.3647
RE1,LNDRICIRR,2034,2.6666
RE1,LNDRICIRR,2035,2.9218
RE1,LNDFOR,2020,0.0
RE1,LNDFOR,2021,0.0
RE1,LNDFOR,2022,0.0
RE1,LNDFOR,2023,0.0
RE1,LNDFOR,2024,0.0
RE1,LNDFOR,2025,0.0
RE1,LNDFOR,2026,0.0
RE1,LNDFOR,2027,0.0
RE1,LNDFOR,2028,0.0
RE1,LNDFOR,2029,0.0
RE1,LNDFOR,2030,0.0
RE1,LNDFOR,2031,0.0
RE1,LNDFOR,2032,0.0
RE1,LNDFOR,2033,0.0
RE1,LNDFOR,2034,0.0
RE1,LNDFOR,2035,0.0
RE1,LNDBLT,2020,0.0
RE1,LNDBLT,2021,49.8742
RE1,LNDBLT,2022,59.8491
RE1,LNDBLT,2023,69.8239
RE1,LNDBLT,2024,85.1187
RE1,LNDBLT,2025,95.7585
RE1,LNDBLT,2026,99.7484
RE1,LNDBLT,2027,117.0382
RE1,LNDBLT,2028,127.678
RE1,LNDBLT,2029,146.9627
RE1,LNDBLT,2030,148.9577
RE1,LNDBLT,2031,169.5724
RE1,LNDBLT,2032,170.2374
RE1,LNDBLT,2033,192.182
RE1,LNDBLT,2034,203.4868
RE1,LNDBLT,2035,214.7916
RE1,LNDWAT,2020,0.0
RE1,LNDWAT,2021,0.0
RE1,LNDWAT,2022,0.0
RE1,LNDWAT,2023,0.0
RE1,LNDWAT,2024,0.0
RE1,LNDWAT,2025,0.0
RE1,LNDWAT,2026,0.0
RE1,LNDWAT,2027,0.0002
RE1,LNDWAT,2028,0.0
RE1,LNDWAT,2029,0.0001
RE1,LNDWAT,2030,0.0
RE1,LNDWAT,2031,0.0
RE1,LNDWAT,2032,0.0
RE1,LNDWAT,2033,0.0002
RE1,LNDWAT,2034,0.0
RE1,LNDWAT,2035,0.0
RE1,RSCPRC,2020,0.0139
RE1,RSCPRC,2021,0.0
RE1,RSCPRC,2022,0.0
RE1,RSCPRC,2023,0.0
RE1,RSCPRC,2024,0.0
RE1,RSCPRC,2025,0.0
RE1,RSCPRC,2026,0.0
RE1,RSCPRC,2027,0.0
RE1,RSCPRC,2028,0.0
RE1,RSCPRC,2029,0.0
RE1,RSCPRC,2030,0.0
RE1,RSCPRC,2031,0.0
RE1,RSCPRC,2032,0.0
RE1,RSCPRC,2033,0.0
RE1,RSCPRC,2034,0.0
RE1,RSCPRC,2035,0.0
RE1,UPSWTRSUR,2020,0.0
RE1,UPSWTRSUR,2021,0.0
RE1,UPSWTRSUR,2022,0.0
RE1,UPSWTRSUR,2023,0.0
RE1,UPSWTRSUR,2024,0.0
RE1,UPSWTRSUR,2025,0.0
RE1,UPSWTRSUR,2026,0.0
RE1,UPSWTRSUR,2027,0.0
RE1,UPSWTRSUR,2028,0.0
RE1,UPSWTRSUR,2029,0.0
RE1,UPSWTRSUR,2030,0.0
RE1,UPSWTRSUR,2031,0.0
RE1,UPSWTRSUR,2032,0.0
RE1,UPSWTRSUR,2033,0.0
RE1,UPSWTRSUR,2034,0.0
RE1,UPSWTRSUR,2035,0.0
RE1,DEMPUBSURWAT,2020,0.0
RE1,DEMPUBSURWAT,2021,11.2053
RE1,DEMPUBSURWAT,2022,13.0396
RE1,DEMPUBSURWAT,2023,16.0689
RE1,DEMPUBSURWAT,2024,18.023
RE1,DEMPUBSURWAT,2025,21.6632
RE1,DEMPUBSURWAT,2026,23.6433
RE1,DEMPUBSURWAT,2027,27.5281
RE1,DEMPUBSURWAT,2028,29.9006
RE1,DEMPUBSURWAT,2029,34.1892
RE1,DEMPUBSURWAT,2030,36.6674
RE1,DEMPUBSURWAT,2031,42.9554
RE1,DEMPUBSURWAT,2032,43.9437
RE1,DEMPUBSURWAT,2033,49.5813
RE1,DEMPUBSURWAT,2034,52.3028
RE1,DEMPUBSURWAT,2035,58.7423
RE1,DEMPUBGWTWAT,2020,0.0
RE1,DEMPUBGWTWAT,2021,0.0
RE1,DEMPUBGWTWAT,2022,0.0
RE1,DEMPUBGWTWAT,2023,0.0
RE1,DEMPUBGWTWAT,2024,0.0
RE1,DEMPUBGWTWAT,2025,0.0
RE1,DEMPUBGWTWAT,2026,0.0
RE1,DEMPUBGWTWAT,2027,0.0
RE1,DEMPUBGWTWAT,2028,0.0
RE1,DEMPUBGWTWAT,2029,0.0
RE1,DEMPUBGWTWAT,2030,0.0
RE1,DEMPUBGWTWAT,2031,0.0
RE1,DEMPUBGWTWAT,2032,0.0
RE1,DEMPUBGWTWAT,2033,0.0
RE1,DEMPUBGWTWAT,2034,0.0
RE1,DEMPUBGWTWAT,2035,0.0
RE1,DEMAGRSURWAT,2020,0.0
RE1,DEMAGRSURWAT,2021,0.0
RE1,DEMAGRSURWAT,2022,0.0
RE1,DEMAGRSURWAT,2023,0.0
RE1,DEMAGRSURWAT,2024,0.0
RE1,DEMAGRSURWAT,2025,0.0
RE1,DEMAGRSURWAT,2026,0.0
RE1,DEMAGRSURWAT,2027,2.058
RE1,DEMAGRSURWAT,2028,6.7653
RE1,DEMAGRSURWAT,2029,6.7801
RE1,DEMAGRSURWAT,2030,7.4895
RE1,DEMAGRSURWAT,2031,7.2377
RE1,DEMAGRSURWAT,2032,7.8553
RE1,DEMAGRSURWAT,2033,8.4969
RE1,DEMAGRSURWAT,2034,10.5538
RE1,DEMAGRSURWAT,2035,9.9323
RE1,DEMAGRGWTWAT,2020,0.0
RE1,DEMAGRGWTWAT,2021,0.0
RE1,DEMAGRGWTWAT,2022,0.0
RE1,DEMAGRGWTWAT,2023,0.0
RE1,DEMAGRGWTWAT,2024,0.0
RE1,DEMAGRGWTWAT,2025,0.0
RE1,DEMAGRGWTWAT,2026,0.0
RE1,DEMAGRGWTWAT,2027,0.0
RE1,DEMAGRGWTWAT,2028,0.0
RE1,DEMAGRGWTWAT,2029,0.0
RE1,DEMAGRGWTWAT,2030,0.0
RE1,DEMAGRGWTWAT,2031,0.0
RE1,DEMAGRGWTWAT,2032,0.0
RE1,DEMAGRGWTWAT,2033,0.0
RE1,DEMAGRGWTWAT,2034,0.0
RE1,DEMAGRGWTWAT,2035,0.0
RE1,DEMPWRSURWAT,2020,0.2118
RE1,DEMPWRSURWAT,2021,0.0
RE1,DEMPWRSURWAT,2022,0.0
RE1,DEMPWRSURWAT,2023,0.0
RE1,DEMPWRSURWAT,2024,0.0
RE1,DEMPWRSURWAT,2025,0.0
RE1,DEMPWRSURWAT,2026,0.0
RE1,DEMPWRSURWAT,2027,0.0
RE1,DEMPWRSURWAT,2028,0.0
RE1,DEMPWRSURWAT,2029,0.0
RE1,DEMPWRSURWAT,2030,0.0
RE1,DEMPWRSURWAT,2031,0.0
RE1,DEMPWRSURWAT,2032,0.0
RE1,DEMPWRSURWAT,2033,0.0
RE1,DEMPWRSURWAT,2034,0.0
RE1,DEMPWRSURWAT,2035,0.0
RE1,IMPDSL,2020,0.0
RE1,IMPDSL,2021,0.0
RE1,IMPDSL,2022,0.0
RE1,IMPDSL,2023,0.0
RE1,IMPDSL,2024,0.0
RE1,IMPDSL,2025,0.0
RE1,IMPDSL,2026,0.0
RE1,IMPDSL,2027,0.0
RE1,IMPDSL,2028,0.0
RE1,IMPDSL,2029,0.0
RE1,IMPDSL,2030,0.0
RE1,IMPDSL,2031,0.0
RE1,IMPDSL,2032,0.0
RE1,IMPDSL,2033,0.0
RE1,IMPDSL,2034,0.0
RE1,IMPDSL,2035,0.0
RE1,DEMTRABIO,2020,0.0
RE1,DEMTRABIO,2021,0.0
RE1,DEMTRABIO,2022,0.0
RE1,DEMTRABIO,2023,0.0
RE1,DEMTRABIO,2024,0.0
RE1,DEMTRABIO,2025,0.0
RE1,DEMTRABIO,2026,0.0
RE1,DEMTRABIO,2027,0.0
RE1,DEMTRABIO,2028,0.0
RE1,DEMTRABIO,2029,0.0
RE1,DEMTRABIO,2030,0.0
RE1,DEMTRABIO,2031,0.0
RE1,DEMTRABIO,2032,0.0
RE1,DEMTRABIO,2033,0.0
RE1,DEMTRABIO,2034,0.0
RE1,DEMTRABIO,2035,0.0
RE1,STGIN,2020,0.0
RE1,STGIN,2021,0.0
RE1,STGIN,2022,0.0
RE1,STGIN,2023,0.0
RE1,STGIN,2024,0.0
RE1,STGIN,2025,0.0
RE1,STGIN,2026,0.0
RE1,STGIN,2027,0.0
RE1,STGIN,2028,0.0
RE1,STGIN,2029,0.0
RE1,STGIN,2030,0.0
RE1,STGIN,2031,0.0
RE1,STGIN,2032,0.0
RE1,STGIN,2033,0.0
RE1,STGIN,2034,0.0
RE1,STGIN,2035,0.0
RE1,STGOUT,2020,0.0
RE1,STGOUT,2021,0.0
RE1,STGOUT,2022,0.0
RE1,STGOUT,2023,0.0
RE1,STGOUT,2024,0.0
RE1,STGOUT,2025,0.0
RE1,STGOUT,2026,0.0
RE1,STGOUT,2027,0.0
RE1,STGOUT,2028,0.0
RE1,STGOUT,2029,0.0
RE1,STGOUT,2030,0.0
RE1,STGOUT,2031,0.0
RE1,STGOUT,2032,0.0
RE1,STGOUT,2033,0.0
RE1,STGOUT,2034,0.0
RE1,STGOUT,2035,0.0
