r,t,e,m,y,EmissionByActivityChange
RE1,LNDFOR,CO2,1,2020,0.0
RE1,LNDFOR,CO2,1,2021,18409.318
RE1,LNDFOR,CO2,1,2022,17446.934
RE1,LNDFOR,CO2,1,2023,17342.919
RE1,LNDFOR,CO2,1,2024,19603.199
RE1,LNDFOR,CO2,1,2025,19810.757
RE1,LNDFOR,CO2,1,2026,17584.214
RE1,LNDFOR,CO2,1,2027,67299.062
RE1,LNDFOR,CO2,1,2028,-29143.503
RE1,LNDFOR,CO2,1,2029,70960.834
RE1,LNDFOR,CO2,1,2030,-28585.973
RE1,LNDFOR,CO2,1,2031,20565.507
RE1,LNDFOR,CO2,1,2032,19986.153
RE1,LNDFOR,CO2,1,2033,71412.051
RE1,LNDFOR,CO2,1,2034,-30675.66
RE1,LNDFOR,CO2,1,2035,20319.066
RE1,LNDFOR,CO2EQ,1,2020,0.0
RE1,LNDFOR,CO2EQ,1,2021,18409.318
RE1,LNDFOR,CO2EQ,1,2022,17446.934
RE1,LNDFOR,CO2EQ,1,2023,17342.919
RE1,LNDFOR,CO2EQ,1,2024,19603.199
RE1,LNDFOR,CO2EQ,1,2025,19810.757
RE1,LNDFOR,CO2EQ,1,2026,17584.214
RE1,LNDFOR,CO2EQ,1,2027,67299.062
RE1,LNDFOR,CO2EQ,1,2028,-29143.503
RE1,LNDFOR,CO2EQ,1,2029,70960.834
RE1,LNDFOR,CO2EQ,1,2030,-28585.973
RE1,LNDFOR,CO2EQ,1,2031,20565.507
RE1,LNDFOR,CO2EQ,1,2032,19986.153
RE1,LNDFOR,CO2EQ,1,2033,71412.051
RE1,LNDFOR,CO2EQ,1,2034,-30675.66
RE1,LNDFOR,CO2EQ,1,2035,20319.066
