r,t,y,NewCapacity
RE1,MINCOA,2020,473.04
RE1,MINCOA,2021,0.0
RE1,MINCOA,2022,0.0
RE1,MINCOA,2023,0.0
RE1,MINCOA,2024,0.0
RE1,MINCOA,2025,0.0
RE1,MINCOA,2026,0.0
RE1,MINCOA,2027,0.0
RE1,MINCOA,2028,0.0
RE1,MINCOA,2029,0.0
RE1,MINCOA,2030,0.0
RE1,MINCOA,2031,0.0
RE1,MINCOA,2032,0.0
RE1,MINCOA,2033,0.0
RE1,MINCOA,2034,0.0
RE1,MINCOA,2035,0.0
RE1,MINGAS,2020,63.072
RE1,MINGAS,2021,0.0
RE1,MINGAS,2022,0.0
RE1,MINGAS,2023,0.0
RE1,MINGAS,2024,0.0
RE1,MINGAS,2025,0.0
RE1,MINGAS,2026,57.7354
RE1,MINGAS,2027,0.0
RE1,MINGAS,2028,0.0
RE1,MINGAS,2029,0.0
RE1,MINGAS,2030,0.0
RE1,MINGAS,2031,0.0
RE1,MINGAS,2032,0.0
RE1,MINGAS,2033,0.0
RE1,MINGAS,2034,0.0
RE1,MINGAS,2035,0.0
RE1,PWRCOA,2020,0.0
RE1,PWRCOA,2021,0.0
RE1,PWRCOA,2022,0.0
RE1,PWRCOA,2023,0.0
RE1,PWRCOA,2024,0.0
RE1,PWRCOA,2025,0.0
RE1,PWRCOA,2026,0.0
RE1,PWRCOA,2027,0.0
RE1,PWRCOA,2028,0.0
RE1,PWRCOA,2029,0.0
RE1,PWRCOA,2030,0.0
RE1,PWRCOA,2031,0.0
RE1,PWRCOA,2032,0.0
RE1,PWRCOA,2033,0.0
RE1,PWRCOA,2034,0.0
RE1,PWRCOA,2035,0.0
RE1,PWRGAS,2020,0.0
RE1,PWRGAS,2021,0.0
RE1,PWRGAS,2022,0.0
RE1,PWRGAS,2023,0.0
RE1,PWRGAS,2024,0.0
RE1,PWRGAS,2025,0.0
RE1,PWRGAS,2026,0.9154
RE1,PWRGAS,2027,0.0
RE1,PWRGAS,2028,0.0
RE1,PWRGAS,2029,0.0
RE1,PWRGAS,2030,0.0
RE1,PWRGAS,2031,0.0
RE1,PWRGAS,2032,0.0
RE1,PWRGAS,2033,0.0
RE1,PWRGAS,2034,0.0
RE1,PWRGAS,2035,0.0
RE1,PWRTRN,2020,2.209
RE1,PWRTRN,2021,0.4794
RE1,PWRTRN,2022,0.4492
RE1,PWRTRN,2023,0.4788
RE1,PWRTRN,2024,0.4495
RE1,PWRTRN,2025,0.4793
RE1,PWRTRN,2026,0.0
RE1,PWRTRN,2027,0.4618
RE1,PWRTRN,2028,0.4661
RE1,PWRTRN,2029,0.4624
RE1,PWRTRN,2030,0.4711
RE1,PWRTRN,2031,0.4856
RE1,PWRTRN,2032,0.4855
RE1,PWRTRN,2033,0.4947
RE1,PWRTRN,2034,0.4707
RE1,PWRTRN,2035,0.4854
RE1,RSCWND,2020,11.0425
RE1,RSCWND,2021,13.2451
RE1,RSCWND,2022,13.2451
RE1,RSCWND,2023,13.2451
RE1,RSCWND,2024,13.2451
RE1,RSCWND,2025,13.2451
RE1,RSCWND,2026,13.2451
RE1,RSCWND,2027,13.2451
RE1,RSCWND,2028,13.2451
RE1,RSCWND,2029,13.2451
RE1,RSCWND,2030,13.2451
RE1,RSCWND,2031,13.2451
RE1,RSCWND,2032,13.2451
RE1,RSCWND,2033,13.2451
RE1,RSCWND,2034,13.2451
RE1,RSCWND,2035,13.2451
RE1,RSCSOL,2020,0.0
RE1,RSCSOL,2021,0.0
RE1,RSCSOL,2022,3.5839
RE1,RSCSOL,2023,12.0775
RE1,RSCSOL,2024,13.0542
RE1,RSCSOL,2025,13.6298
RE1,RSCSOL,2026,35.4336
RE1,RSCSOL,2027,15.3258
RE1,RSCSOL,2028,16.693
RE1,RSCSOL,2029,19.6306
RE1,RSCSOL,2030,20.9402
RE1,RSCSOL,2031,22.0241
RE1,RSCSOL,2032,24.9618
RE1,RSCSOL,2033,25.3031
RE1,RSCSOL,2034,28.6735
RE1,RSCSOL,2035,29.6856
RE1,RSCHYD,2020,109.7642
RE1,RSCHYD,2021,0.0
RE1,RSCHYD,2022,0.0
RE1,RSCHYD,2023,0.0
RE1,RSCHYD,2024,0.0
RE1,RSCHYD,2025,0.0
RE1,RSCHYD,2026,0.0
RE1,RSCHYD,2027,0.0
RE1,RSCHYD,2028,0.0
RE1,RSCHYD,2029,0.0
RE1,RSCHYD,2030,0.0
RE1,RSCHYD,2031,0.0
RE1,RSCHYD,2032,0.0
RE1,RSCHYD,2033,0.0
RE1,RSCHYD,2034,0.0
RE1,RSCHYD,2035,0.0
RE1,PWRWND,2020,0.8337
RE1,PWRWND,2021,1.0
RE1,PWRWND,2022,1.0
RE1,PWRWND,2023,1.0
RE1,PWRWND,2024,1.0
RE1,PWRWND,2025,1.0
RE1,PWRWND,2026,1.0
RE1,PWRWND,2027,1.0
RE1,PWRWND,2028,1.0
RE1,PWRWND,2029,1.0
RE1,PWRWND,2030,1.0
RE1,PWRWND,2031,1.0
RE1,PWRWND,2032,1.0
RE1,PWRWND,2033,1.0
RE1,PWRWND,2034,1.0
RE1,PWRWND,2035,1.0
RE1,PWRSOL,2020,0.0
RE1,PWRSOL,2021,0.0
RE1,PWRSOL,2022,0.3666
RE1,PWRSOL,2023,1.2354
RE1,PWRSOL,2024,1.3353
RE1,PWRSOL,2025,1.3942
RE1,PWRSOL,2026,3.6245
RE1,PWRSOL,2027,1.5677
RE1,PWRSOL,2028,1.7075
RE1,PWRSOL,2029,2.008
RE1,PWRSOL,2030,2.142
RE1,PWRSOL,2031,2.2528
RE1,PWRSOL,2032,2.5533
RE1,PWRSOL,2033,2.5882
RE1,PWRSOL,2034,2.933
RE1,PWRSOL,2035,3.0365
RE1,PWRHYD,2020,0.0
RE1,PWRHYD,2021,0.0
RE1,PWRHYD,2022,0.0
RE1,PWRHYD,2023,0.0
RE1,PWRHYD,2024,0.0
RE1,PWRHYD,2025,0.0
RE1,PWRHYD,2026,0.0
RE1,PWRHYD,2027,0.0
RE1,PWRHYD,2028,0.0
RE1,PWRHYD,2029,0.0
RE1,PWRHYD,2030,0.0
RE1,PWRHYD,2031,0.0
RE1,PWRHYD,2032,0.0
RE1,PWRHYD,2033,0.0
RE1,PWRHYD,2034,0.0
RE1,PWRHYD,2035,0.0
RE1,RSCLND,2020,300.0
RE1,RSCLND,2021,0.0
RE1,RSCLND,2022,0.0
RE1,RSCLND,2023,0.0
RE1,RSCLND,2024,0.0
RE1,RSCLND,2025,0.0
RE1,RSCLND,2026,0.0
RE1,RSCLND,2027,0.0
RE1,RSCLND,2028,0.0
RE1,RSCLND,2029,0.0
RE1,RSCLND,2030,0.0
RE1,RSCLND,2031,0.0
RE1,RSCLND,2032,0.0
RE1,RSCLND,2033,0.0
RE1,RSCLND,2034,0.0
RE1,RSCLND,2035,0.0
RE1,LNDMAIRNF,2020,0.0
RE1,LNDMAIRNF,2021,0.3572
RE1,LNDMAIRNF,2022,0.384
RE1,LNDMAIRNF,2023,0.3698
RE1,LNDMAIRNF,2024,0.3715
RE1,LNDMAIRNF,2025,0.4121
RE1,LNDMAIRNF,2026,0.3688
RE1,LNDMAIRNF,2027,0.3703
RE1,LNDMAIRNF,2028,0.4107
RE1,LNDMAIRNF,2029,0.399
RE1,LNDMAIRNF,2030,0.4003
RE1,LNDMAIRNF,2031,0.4085
RE1,LNDMAIRNF,2032,0.3966
RE1,LNDMAIRNF,2033,0.3947
RE1,LNDMAIRNF,2034,0.4026
RE1,LNDMAIRNF,2035,0.3934
RE1,LNDRICRNF,2020,0.0
RE1,LNDRICRNF,2021,0.1412
RE1,LNDRICRNF,2022,0.1184
RE1,LNDRICRNF,2023,0.1184
RE1,LNDRICRNF,2024,0.1451
RE1,LNDRICRNF,2025,0.1169
RE1,LNDRICRNF,2026,0.1163
RE1,LNDRICRNF,2027,0.1136
RE1,LNDRICRNF,2028,0.1125
RE1,LNDRICRNF,2029,0.1112
RE1,LNDRICRNF,2030,0.1424
RE1,LNDRICRNF,2031,0.1065
RE1,LNDRICRNF,2032,0.1031
RE1,LNDRICRNF,2033,0.1012
RE1,LNDRICRNF,2034,0.0957
RE1,LNDRICRNF,2035,0.0918
RE1,LNDMAIIRR,2020,0.0
RE1,LNDMAIIRR,2021,0.04
RE1,LNDMAIIRR,2022,0.0398
RE1,LNDMAIIRR,2023,0.0417
RE1,LNDMAIIRR,2024,0.0426
RE1,LNDMAIIRR,2025,0.0426
RE1,LNDMAIIRR,2026,0.0446
RE1,LNDMAIIRR,2027,0.0447
RE1,LNDMAIIRR,2028,0.0469
RE1,LNDMAIIRR,2029,0.047
RE1,LNDMAIIRR,2030,0.0493
RE1,LNDMAIIRR,2031,0.0506
RE1,LNDMAIIRR,2032,0.051
RE1,LNDMAIIRR,2033,0.0534
RE1,LNDMAIIRR,2034,0.054
RE1,LNDMAIIRR,2035,0.0566
RE1,LNDRICIRR,2020,0.0
RE1,LNDRICIRR,2021,0.0616
RE1,LNDRICIRR,2022,0.0639
RE1,LNDRICIRR,2023,0.0643
RE1,LNDRICIRR,2024,0.0667
RE1,LNDRICIRR,2025,0.0673
RE1,LNDRICIRR,2026,0.0689
RE1,LNDRICIRR,2027,0.0716
RE1,LNDRICIRR,2028,0.0724
RE1,LNDRICIRR,2029,0.0752
RE1,LNDRICIRR,2030,0.0762
RE1,LNDRICIRR,2031,0.0782
RE1,LNDRICIRR,2032,0.0814
RE1,LNDRICIRR,2033,0.0827
RE1,LNDRICIRR,2034,0.0861
RE1,LNDRICIRR,2035,0.0876
RE1,LNDFOR,2020,0.0
RE1,LNDFOR,2021,0.0
RE1,LNDFOR,2022,0.0
RE1,LNDFOR,2023,0.0
RE1,LNDFOR,2024,0.0
RE1,LNDFOR,2025,0.0
RE1,LNDFOR,2026,0.0
RE1,LNDFOR,2027,0.0
RE1,LNDFOR,2028,0.0
RE1,LNDFOR,2029,0.0
RE1,LNDFOR,2030,0.0
RE1,LNDFOR,2031,0.0
RE1,LNDFOR,2032,0.0
RE1,LNDFOR,2033,0.0
RE1,LNDFOR,2034,0.0
RE1,LNDFOR,2035,0.0
RE1,LNDBLT,2020,0.0
RE1,LNDBLT,2021,0.15
RE1,LNDBLT,2022,0.15
RE1,LNDBLT,2023,0.15
RE1,LNDBLT,2024,0.16
RE1,LNDBLT,2025,0.16
RE1,LNDBLT,2026,0.15
RE1,LNDBLT,2027,0.16
RE1,LNDBLT,2028,0.16
RE1,LNDBLT,2029,0.17
RE1,LNDBLT,2030,0.16
RE1,LNDBLT,2031,0.17
RE1,LNDBLT,2032,0.16
RE1,LNDBLT,2033,0.17
RE1,LNDBLT,2034,0.17
RE1,LNDBLT,2035,0.17
RE1,LNDWAT,2020,0.021
RE1,LNDWAT,2021,0.8387
RE1,LNDWAT,2022,0.7949
RE1,LNDWAT,2023,0.7901
RE1,LNDWAT,2024,0.8931
RE1,LNDWAT,2025,0.9026
RE1,LNDWAT,2026,0.8011
RE1,LNDWAT,2027,3.9752
RE1,LNDWAT,2028,0.0
RE1,LNDWAT,2029,1.9307
RE1,LNDWAT,2030,0.0
RE1,LNDWAT,2031,0.0
RE1,LNDWAT,2032,0.0
RE1,LNDWAT,2033,3.8075
RE1,LNDWAT,2034,0.0
RE1,LNDWAT,2035,0.0
RE1,RSCPRC,2020,360.0
RE1,RSCPRC,2021,0.0
RE1,RSCPRC,2022,0.0
RE1,RSCPRC,2023,0.0
RE1,RSCPRC,2024,0.0
RE1,RSCPRC,2025,0.0
RE1,RSCPRC,2026,0.0
RE1,RSCPRC,2027,0.0
RE1,RSCPRC,2028,0.0
RE1,RSCPRC,2029,0.0
RE1,RSCPRC,2030,0.0
RE1,RSCPRC,2031,0.0
RE1,RSCPRC,2032,0.0
RE1,RSCPRC,2033,0.0
RE1,RSCPRC,2034,0.0
RE1,RSCPRC,2035,0.0
RE1,UPSWTRSUR,2020,0.0
RE1,UPSWTRSUR,2021,0.0
RE1,UPSWTRSUR,2022,0.0
RE1,UPSWTRSUR,2023,0.0
RE1,UPSWTRSUR,2024,0.0
RE1,UPSWTRSUR,2025,0.0
RE1,UPSWTRSUR,2026,0.0
RE1,UPSWTRSUR,2027,0.0
RE1,UPSWTRSUR,2028,0.0
RE1,UPSWTRSUR,2029,0.0
RE1,UPSWTRSUR,2030,0.0
RE1,UPSWTRSUR,2031,0.0
RE1,UPSWTRSUR,2032,0.0
RE1,UPSWTRSUR,2033,0.0
RE1,UPSWTRSUR,2034,0.0
RE1,UPSWTRSUR,2035,0.0
RE1,DEMPUBSURWAT,2020,0.0
RE1,DEMPUBSURWAT,2021,0.2478
RE1,DEMPUBSURWAT,2022,0.2403
RE1,DEMPUBSURWAT,2023,0.2538
RE1,DEMPUBSURWAT,2024,0.2491
RE1,DEMPUBSURWAT,2025,0.2661
RE1,DEMPUBSURWAT,2026,0.2614
RE1,DEMPUBSURWAT,2027,0.2767
RE1,DEMPUBSURWAT,2028,0.2755
RE1,DEMPUBSURWAT,2029,0.2908
RE1,DEMPUBSURWAT,2030,0.2896
RE1,DEMPUBSURWAT,2031,0.3166
RE1,DEMPUBSURWAT,2032,0.3036
RE1,DEMPUBSURWAT,2033,0.3224
RE1,DEMPUBSURWAT,2034,0.3212
RE1,DEMPUBSURWAT,2035,0.3418
RE1,DEMPUBGWTWAT,2020,0.0
RE1,DEMPUBGWTWAT,2021,0.0
RE1,DEMPUBGWTWAT,2022,0.0
RE1,DEMPUBGWTWAT,2023,0.0
RE1,DEMPUBGWTWAT,2024,0.0
RE1,DEMPUBGWTWAT,2025,0.0
RE1,DEMPUBGWTWAT,2026,0.0
RE1,DEMPUBGWTWAT,2027,0.0
RE1,DEMPUBGWTWAT,2028,0.0
RE1,DEMPUBGWTWAT,2029,0.0
RE1,DEMPUBGWTWAT,2030,0.0
RE1,DEMPUBGWTWAT,2031,0.0
RE1,DEMPUBGWTWAT,2032,0.0
RE1,DEMPUBGWTWAT,2033,0.0
RE1,DEMPUBGWTWAT,2034,0.0
RE1,DEMPUBGWTWAT,2035,0.0
RE1,DEMAGRSURWAT,2020,0.0
RE1,DEMAGRSURWAT,2021,0.0
RE1,DEMAGRSURWAT,2022,0.0
RE1,DEMAGRSURWAT,2023,0.0
RE1,DEMAGRSURWAT,2024,0.0
RE1,DEMAGRSURWAT,2025,0.0
RE1,DEMAGRSURWAT,2026,0.0
RE1,DEMAGRSURWAT,2027,0.0596
RE1,DEMAGRSURWAT,2028,0.1797
RE1,DEMAGRSURWAT,2029,0.1662
RE1,DEMAGRSURWAT,2030,0.1705
RE1,DEMAGRSURWAT,2031,0.1538
RE1,DEMAGRSURWAT,2032,0.1565
RE1,DEMAGRSURWAT,2033,0.1593
RE1,DEMAGRSURWAT,2034,0.1869
RE1,DEMAGRSURWAT,2035,0.1666
RE1,DEMAGRGWTWAT,2020,0.0
RE1,DEMAGRGWTWAT,2021,0.0
RE1,DEMAGRGWTWAT,2022,0.0
RE1,DEMAGRGWTWAT,2023,0.0
RE1,DEMAGRGWTWAT,2024,0.0
RE1,DEMAGRGWTWAT,2025,0.0
RE1,DEMAGRGWTWAT,2026,0.0
RE1,DEMAGRGWTWAT,2027,0.0
RE1,DEMAGRGWTWAT,2028,0.0
RE1,DEMAGRGWTWAT,2029,0.0
RE1,DEMAGRGWTWAT,2030,0.0
RE1,DEMAGRGWTWAT,2031,0.0
RE1,DEMAGRGWTWAT,2032,0.0
RE1,DEMAGRGWTWAT,2033,0.0
RE1,DEMAGRGWTWAT,2034,0.0
RE1,DEMAGRGWTWAT,2035,0.0
RE1,DEMPWRSURWAT,2020,0.0059
RE1,DEMPWRSURWAT,2021,0.0
RE1,DEMPWRSURWAT,2022,0.0
RE1,DEMPWRSURWAT,2023,0.0
RE1,DEMPWRSURWAT,2024,0.0
RE1,DEMPWRSURWAT,2025,0.0
RE1,DEMPWRSURWAT,2026,0.0
RE1,DEMPWRSURWAT,2027,0.0
RE1,DEMPWRSURWAT,2028,0.0
RE1,DEMPWRSURWAT,2029,0.0
RE1,DEMPWRSURWAT,2030,0.0
RE1,DEMPWRSURWAT,2031,0.0
RE1,DEMPWRSURWAT,2032,0.0
RE1,DEMPWRSURWAT,2033,0.0
RE1,DEMPWRSURWAT,2034,0.0
RE1,DEMPWRSURWAT,2035,0.0
RE1,IMPDSL,2020,2.3784
RE1,IMPDSL,2021,2.5106
RE1,IMPDSL,2022,2.6071
RE1,IMPDSL,2023,2.7537
RE1,IMPDSL,2024,2.8333
RE1,IMPDSL,2025,2.9103
RE1,IMPDSL,2026,3.4705
RE1,IMPDSL,2027,3.0537
RE1,IMPDSL,2028,3.1413
RE1,IMPDSL,2029,3.2455
RE1,IMPDSL,2030,3.3442
RE1,IMPDSL,2031,3.4312
RE1,IMPDSL,2032,3.5376
RE1,IMPDSL,2033,3.6178
RE1,IMPDSL,2034,3.7288
RE1,IMPDSL,2035,3.8166
RE1,DEMTRABIO,2020,1.1848
RE1,DEMTRABIO,2021,1.2204
RE1,DEMTRABIO,2022,1.2559
RE1,DEMTRABIO,2023,1.2915
RE1,DEMTRABIO,2024,1.327
RE1,DEMTRABIO,2025,1.3744
RE1,DEMTRABIO,2026,1.41
RE1,DEMTRABIO,2027,1.4455
RE1,DEMTRABIO,2028,1.4929
RE1,DEMTRABIO,2029,1.5403
RE1,DEMTRABIO,2030,1.5877
RE1,DEMTRABIO,2031,1.6351
RE1,DEMTRABIO,2032,1.6825
RE1,DEMTRABIO,2033,1.7299
RE1,DEMTRABIO,2034,1.7773
RE1,DEMTRABIO,2035,1.8246
RE1,STGIN,2020,0.0
RE1,STGIN,2021,0.3298
RE1,STGIN,2022,0.8408
RE1,STGIN,2023,0.7652
RE1,STGIN,2024,0.7652
RE1,STGIN,2025,0.7652
RE1,STGIN,2026,0.9251
RE1,STGIN,2027,1.1403
RE1,STGIN,2028,1.3676
RE1,STGIN,2029,1.6275
RE1,STGIN,2030,1.8975
RE1,STGIN,2031,2.1724
RE1,STGIN,2032,2.4758
RE1,STGIN,2033,2.7595
RE1,STGIN,2034,3.0893
RE1,STGIN,2035,3.4199
RE1,STGOUT,2020,0.0
RE1,STGOUT,2021,0.5709
RE1,STGOUT,2022,1.3247
RE1,STGOUT,2023,1.3247
RE1,STGOUT,2024,1.3247
RE1,STGOUT,2025,1.3247
RE1,STGOUT,2026,1.3247
RE1,STGOUT,2027,1.5049
RE1,STGOUT,2028,1.6885
RE1,STGOUT,2029,1.8889
RE1,STGOUT,2030,2.085
RE1,STGOUT,2031,2.275
RE1,STGOUT,2032,2.4758
RE1,STGOUT,2033,2.7595
RE1,STGOUT,2034,3.0893
RE1,STGOUT,2035,3.4199
