r,l,t,m,y,RateOfActivity
RE1,SD,MINCOA,1,2020,384.6612
RE1,SN,MINCOA,1,2020,245.1745
RE1,WD,MINCOA,1,2020,473.04
RE1,WN,MINCOA,1,2020,340.7538
RE1,SD,MINCOA,1,2021,426.3727
RE1,SN,MINCOA,1,2021,281.5855
RE1,WD,MINCOA,1,2021,473.04
RE1,WN,MINCOA,1,2021,278.8589
RE1,SD,MINCOA,1,2022,473.04
RE1,SN,MINCOA,1,2022,344.2463
RE1,WD,MINCOA,1,2022,473.04
RE1,WN,MINCOA,1,2022,209.7767
RE1,SD,MINCOA,1,2023,454.6487
RE1,SN,MINCOA,1,2023,342.5577
RE1,WD,MINCOA,1,2023,473.04
RE1,WN,MINCOA,1,2023,220.4258
RE1,SD,MINCOA,1,2024,428.8741
RE1,SN,MINCOA,1,2024,348.9999
RE1,WD,MINCOA,1,2024,473.04
RE1,WN,MINCOA,1,2024,233.9306
RE1,SD,MINCOA,1,2025,404.4239
RE1,SN,MINCOA,1,2025,357.7747
RE1,WD,MINCOA,1,2025,473.04
RE1,WN,MINCOA,1,2025,247.759
RE1,SD,MINCOA,1,2026,331.128
RE1,SN,MINCOA,1,2026,331.128
RE1,WD,MINCOA,1,2026,331.128
RE1,WN,MINCOA,1,2026,267.2595
RE1,SD,MINCOA,1,2027,331.128
RE1,SN,MINCOA,1,2027,331.128
RE1,WD,MINCOA,1,2027,331.128
RE1,WN,MINCOA,1,2027,271.3259
RE1,SD,MINCOA,1,2028,331.128
RE1,SN,MINCOA,1,2028,331.128
RE1,WD,MINCOA,1,2028,331.128
RE1,WN,MINCOA,1,2028,274.8644
RE1,SD,MINCOA,1,2029,331.128
RE1,SN,MINCOA,1,2029,331.128
RE1,WD,MINCOA,1,2029,331.128
RE1,WN,MINCOA,1,2029,286.0584
RE1,SD,MINCOA,1,2030,331.128
RE1,SN,MINCOA,1,2030,331.128
RE1,WD,MINCOA,1,2030,331.128
RE1,WN,MINCOA,1,2030,297.2201
RE1,SD,MINCOA,1,2031,331.128
RE1,SN,MINCOA,1,2031,331.128
RE1,WD,MINCOA,1,2031,331.128
RE1,WN,MINCOA,1,2031,312.0733
RE1,SD,MINCOA,1,2032,331.128
RE1,SN,MINCOA,1,2032,331.128
RE1,WD,MINCOA,1,2032,331.128
RE1,WN,MINCOA,1,2032,331.128
RE1,SD,MINCOA,1,2033,331.128
RE1,SN,MINCOA,1,2033,331.128
RE1,WD,MINCOA,1,2033,331.128
RE1,WN,MINCOA,1,2033,331.128
RE1,SD,MINCOA,1,2034,331.128
RE1,SN,MINCOA,1,2034,331.128
RE1,WD,MINCOA,1,2034,331.128
RE1,WN,MINCOA,1,2034,331.128
RE1,SD,MINCOA,1,2035,331.128
RE1,SN,MINCOA,1,2035,331.128
RE1,WD,MINCOA,1,2035,331.128
RE1,WN,MINCOA,1,2035,331.128
RE1,SD,MINGAS,1,2020,0.0
RE1,SN,MINGAS,1,2020,0.0
RE1,WD,MINGAS,1,2020,63.072
RE1,WN,MINGAS,1,2020,0.0
RE1,SD,MINGAS,1,2021,0.0
RE1,SN,MINGAS,1,2021,0.0
RE1,WD,MINGAS,1,2021,63.072
RE1,WN,MINGAS,1,2021,0.0
RE1,SD,MINGAS,1,2022,0.0
RE1,SN,MINGAS,1,2022,0.0
RE1,WD,MINGAS,1,2022,63.072
RE1,WN,MINGAS,1,2022,0.0
RE1,SD,MINGAS,1,2023,0.0
RE1,SN,MINGAS,1,2023,0.0
RE1,WD,MINGAS,1,2023,63.072
RE1,WN,MINGAS,1,2023,0.0
RE1,SD,MINGAS,1,2024,0.0
RE1,SN,MINGAS,1,2024,0.0
RE1,WD,MINGAS,1,2024,63.072
RE1,WN,MINGAS,1,2024,0.0
RE1,SD,MINGAS,1,2025,0.0
RE1,SN,MINGAS,1,2025,0.0
RE1,WD,MINGAS,1,2025,63.072
RE1,WN,MINGAS,1,2025,0.0
RE1,SD,MINGAS,1,2026,0.0
RE1,SN,MINGAS,1,2026,0.0
RE1,WD,MINGAS,1,2026,120.8074
RE1,WN,MINGAS,1,2026,0.0
RE1,SD,MINGAS,1,2027,0.0
RE1,SN,MINGAS,1,2027,0.0
RE1,WD,MINGAS,1,2027,120.8074
RE1,WN,MINGAS,1,2027,0.0
RE1,SD,MINGAS,1,2028,0.0
RE1,SN,MINGAS,1,2028,0.0
RE1,WD,MINGAS,1,2028,120.8074
RE1,WN,MINGAS,1,2028,0.0
RE1,SD,MINGAS,1,2029,0.0
RE1,SN,MINGAS,1,2029,0.0
RE1,WD,MINGAS,1,2029,120.8074
RE1,WN,MINGAS,1,2029,0.0
RE1,SD,MINGAS,1,2030,0.0
RE1,SN,MINGAS,1,2030,0.0
RE1,WD,MINGAS,1,2030,120.8074
RE1,WN,MINGAS,1,2030,0.0
RE1,SD,MINGAS,1,2031,0.0
RE1,SN,MINGAS,1,2031,0.0
RE1,WD,MINGAS,1,2031,120.8074
RE1,WN,MINGAS,1,2031,0.0
RE1,SD,MINGAS,1,2032,0.0
RE1,SN,MINGAS,1,2032,0.0015
RE1,WD,MINGAS,1,2032,120.8074
RE1,WN,MINGAS,1,2032,0.5721
RE1,SD,MINGAS,1,2033,0.0
RE1,SN,MINGAS,1,2033,14.3675
RE1,WD,MINGAS,1,2033,120.8074
RE1,WN,MINGAS,1,2033,10.2954
RE1,SD,MINGAS,1,2034,0.0
RE1,SN,MINGAS,1,2034,30.5468
RE1,WD,MINGAS,1,2034,120.8074
RE1,WN,MINGAS,1,2034,20.759
RE1,SD,MINGAS,1,2035,0.0
RE1,SN,MINGAS,1,2035,48.0958
RE1,WD,MINGAS,1,2035,120.8074
RE1,WN,MINGAS,1,2035,33.1815
RE1,SD,PWRCOA,1,2020,128.2204
RE1,SN,PWRCOA,1,2020,81.7248
RE1,WD,PWRCOA,1,2020,157.68
RE1,WN,PWRCOA,1,2020,113.5846
RE1,SD,PWRCOA,1,2021,142.1242
RE1,SN,PWRCOA,1,2021,93.8618
RE1,WD,PWRCOA,1,2021,157.68
RE1,WN,PWRCOA,1,2021,92.953
RE1,SD,PWRCOA,1,2022,157.68
RE1,SN,PWRCOA,1,2022,114.7488
RE1,WD,PWRCOA,1,2022,157.68
RE1,WN,PWRCOA,1,2022,69.9256
RE1,SD,PWRCOA,1,2023,151.5496
RE1,SN,PWRCOA,1,2023,114.1859
RE1,WD,PWRCOA,1,2023,157.68
RE1,WN,PWRCOA,1,2023,73.4753
RE1,SD,PWRCOA,1,2024,142.958
RE1,SN,PWRCOA,1,2024,116.3333
RE1,WD,PWRCOA,1,2024,157.68
RE1,WN,PWRCOA,1,2024,77.9768
RE1,SD,PWRCOA,1,2025,134.808
RE1,SN,PWRCOA,1,2025,119.2582
RE1,WD,PWRCOA,1,2025,157.68
RE1,WN,PWRCOA,1,2025,82.5863
RE1,SD,PWRCOA,1,2026,110.376
RE1,SN,PWRCOA,1,2026,110.376
RE1,WD,PWRCOA,1,2026,110.376
RE1,WN,PWRCOA,1,2026,89.0865
RE1,SD,PWRCOA,1,2027,110.376
RE1,SN,PWRCOA,1,2027,110.376
RE1,WD,PWRCOA,1,2027,110.376
RE1,WN,PWRCOA,1,2027,90.442
RE1,SD,PWRCOA,1,2028,110.376
RE1,SN,PWRCOA,1,2028,110.376
RE1,WD,PWRCOA,1,2028,110.376
RE1,WN,PWRCOA,1,2028,91.6215
RE1,SD,PWRCOA,1,2029,110.376
RE1,SN,PWRCOA,1,2029,110.376
RE1,WD,PWRCOA,1,2029,110.376
RE1,WN,PWRCOA,1,2029,95.3528
RE1,SD,PWRCOA,1,2030,110.376
RE1,SN,PWRCOA,1,2030,110.376
RE1,WD,PWRCOA,1,2030,110.376
RE1,WN,PWRCOA,1,2030,99.0734
RE1,SD,PWRCOA,1,2031,110.376
RE1,SN,PWRCOA,1,2031,110.376
RE1,WD,PWRCOA,1,2031,110.376
RE1,WN,PWRCOA,1,2031,104.0244
RE1,SD,PWRCOA,1,2032,110.376
RE1,SN,PWRCOA,1,2032,110.376
RE1,WD,PWRCOA,1,2032,110.376
RE1,WN,PWRCOA,1,2032,110.376
RE1,SD,PWRCOA,1,2033,110.376
RE1,SN,PWRCOA,1,2033,110.376
RE1,WD,PWRCOA,1,2033,110.376
RE1,WN,PWRCOA,1,2033,110.376
RE1,SD,PWRCOA,1,2034,110.376
RE1,SN,PWRCOA,1,2034,110.376
RE1,WD,PWRCOA,1,2034,110.376
RE1,WN,PWRCOA,1,2034,110.376
RE1,SD,PWRCOA,1,2035,110.376
RE1,SN,PWRCOA,1,2035,110.376
RE1,WD,PWRCOA,1,2035,110.376
RE1,WN,PWRCOA,1,2035,110.376
RE1,SD,PWRGAS,1,2020,0.0
RE1,SN,PWRGAS,1,2020,0.0
RE1,WD,PWRGAS,1,2020,31.536
RE1,WN,PWRGAS,1,2020,0.0
RE1,SD,PWRGAS,1,2021,0.0
RE1,SN,PWRGAS,1,2021,0.0
RE1,WD,PWRGAS,1,2021,31.536
RE1,WN,PWRGAS,1,2021,0.0
RE1,SD,PWRGAS,1,2022,0.0
RE1,SN,PWRGAS,1,2022,0.0
RE1,WD,PWRGAS,1,2022,31.536
RE1,WN,PWRGAS,1,2022,0.0
RE1,SD,PWRGAS,1,2023,0.0
RE1,SN,PWRGAS,1,2023,0.0
RE1,WD,PWRGAS,1,2023,31.536
RE1,WN,PWRGAS,1,2023,0.0
RE1,SD,PWRGAS,1,2024,0.0
RE1,SN,PWRGAS,1,2024,0.0
RE1,WD,PWRGAS,1,2024,31.536
RE1,WN,PWRGAS,1,2024,0.0
RE1,SD,PWRGAS,1,2025,0.0
RE1,SN,PWRGAS,1,2025,0.0
RE1,WD,PWRGAS,1,2025,31.536
RE1,WN,PWRGAS,1,2025,0.0
RE1,SD,PWRGAS,1,2026,0.0
RE1,SN,PWRGAS,1,2026,0.0
RE1,WD,PWRGAS,1,2026,60.4037
RE1,WN,PWRGAS,1,2026,0.0
RE1,SD,PWRGAS,1,2027,0.0
RE1,SN,PWRGAS,1,2027,0.0
RE1,WD,PWRGAS,1,2027,60.4037
RE1,WN,PWRGAS,1,2027,0.0
RE1,SD,PWRGAS,1,2028,0.0
RE1,SN,PWRGAS,1,2028,0.0
RE1,WD,PWRGAS,1,2028,60.4037
RE1,WN,PWRGAS,1,2028,0.0
RE1,SD,PWRGAS,1,2029,0.0
RE1,SN,PWRGAS,1,2029,0.0
RE1,WD,PWRGAS,1,2029,60.4037
RE1,WN,PWRGAS,1,2029,0.0
RE1,SD,PWRGAS,1,2030,0.0
RE1,SN,PWRGAS,1,2030,0.0
RE1,WD,PWRGAS,1,2030,60.4037
RE1,WN,PWRGAS,1,2030,0.0
RE1,SD,PWRGAS,1,2031,0.0
RE1,SN,PWRGAS,1,2031,0.0
RE1,WD,PWRGAS,1,2031,60.4037
RE1,WN,PWRGAS,1,2031,0.0
RE1,SD,PWRGAS,1,2032,0.0
RE1,SN,PWRGAS,1,2032,0.0008
RE1,WD,PWRGAS,1,2032,60.4037
RE1,WN,PWRGAS,1,2032,0.286
RE1,SD,PWRGAS,1,2033,0.0
RE1,SN,PWRGAS,1,2033,7.1838
RE1,WD,PWRGAS,1,2033,60.4037
RE1,WN,PWRGAS,1,2033,5.1477
RE1,SD,PWRGAS,1,2034,0.0
RE1,SN,PWRGAS,1,2034,15.2734
RE1,WD,PWRGAS,1,2034,60.4037
RE1,WN,PWRGAS,1,2034,10.3795
RE1,SD,PWRGAS,1,2035,0.0
RE1,SN,PWRGAS,1,2035,24.0479
RE1,WD,PWRGAS,1,2035,60.4037
RE1,WN,PWRGAS,1,2035,16.5907
RE1,SD,PWRTRN,1,2020,175.2657
RE1,SN,PWRTRN,1,2020,127.4555
RE1,WD,PWRTRN,1,2020,243.1125
RE1,WN,PWRTRN,1,2020,168.5322
RE1,SD,PWRTRN,1,2021,200.2071
RE1,SN,PWRTRN,1,2021,149.0534
RE1,WD,PWRTRN,1,2021,255.0779
RE1,WN,PWRTRN,1,2021,160.944
RE1,SD,PWRTRN,1,2022,226.8005
RE1,SN,PWRTRN,1,2022,179.4011
RE1,WD,PWRTRN,1,2022,266.0892
RE1,WN,PWRTRN,1,2022,150.0149
RE1,SD,PWRTRN,1,2023,231.7077
RE1,SN,PWRTRN,1,2023,188.299
RE1,WD,PWRTRN,1,2023,278.0342
RE1,WN,PWRTRN,1,2023,166.6113
RE1,SD,PWRTRN,1,2024,234.1537
RE1,SN,PWRTRN,1,2024,199.9072
RE1,WD,PWRTRN,1,2024,289.056
RE1,WN,PWRTRN,1,2024,183.2052
RE1,SD,PWRTRN,1,2025,237.0413
RE1,SN,PWRTRN,1,2025,212.293
RE1,WD,PWRTRN,1,2025,301.0175
RE1,WN,PWRTRN,1,2025,200.8684
RE1,SD,PWRTRN,1,2026,223.6469
RE1,SN,PWRTRN,1,2026,212.8715
RE1,WD,PWRTRN,1,2026,294.7103
RE1,WN,PWRTRN,1,2026,220.5924
RE1,SD,PWRTRN,1,2027,234.6845
RE1,SN,PWRTRN,1,2027,222.3323
RE1,WD,PWRTRN,1,2027,306.1214
RE1,WN,PWRTRN,1,2027,233.9821
RE1,SD,PWRTRN,1,2028,245.7221
RE1,SN,PWRTRN,1,2028,231.7931
RE1,WD,PWRTRN,1,2028,317.6665
RE1,WN,PWRTRN,1,2028,248.2826
RE1,SD,PWRTRN,1,2029,256.7597
RE1,SN,PWRTRN,1,2029,241.2539
RE1,WD,PWRTRN,1,2029,329.0953
RE1,WN,PWRTRN,1,2029,264.0494
RE1,SD,PWRTRN,1,2030,267.7973
RE1,SN,PWRTRN,1,2030,250.7147
RE1,WD,PWRTRN,1,2030,340.7998
RE1,WN,PWRTRN,1,2030,280.9997
RE1,SD,PWRTRN,1,2031,278.8349
RE1,SN,PWRTRN,1,2031,260.1755
RE1,WD,PWRTRN,1,2031,352.9593
RE1,WN,PWRTRN,1,2031,299.1819
RE1,SD,PWRTRN,1,2032,289.8725
RE1,SN,PWRTRN,1,2032,269.6371
RE1,WD,PWRTRN,1,2032,365.115
RE1,WN,PWRTRN,1,2032,319.0522
RE1,SD,PWRTRN,1,2033,300.8718
RE1,SN,PWRTRN,1,2033,286.2809
RE1,WD,PWRTRN,1,2033,377.5631
RE1,WN,PWRTRN,1,2033,337.0421
RE1,SD,PWRTRN,1,2034,311.9477
RE1,SN,PWRTRN,1,2034,303.8313
RE1,WD,PWRTRN,1,2034,389.2533
RE1,WN,PWRTRN,1,2034,355.5008
RE1,SD,PWRTRN,1,2035,322.9853
RE1,SN,PWRTRN,1,2035,322.0666
RE1,WD,PWRTRN,1,2035,401.4086
RE1,WN,PWRTRN,1,2035,374.9464
RE1,SD,RSCWND,1,2020,9.2021
RE1,SN,RSCWND,1,2020,7.8875
RE1,WD,RSCWND,1,2020,9.9909
RE1,WN,RSCWND,1,2020,11.0425
RE1,SD,RSCWND,1,2021,20.2397
RE1,SN,RSCWND,1,2021,17.3483
RE1,WD,RSCWND,1,2021,21.9745
RE1,WN,RSCWND,1,2021,24.2876
RE1,SD,RSCWND,1,2022,31.2773
RE1,SN,RSCWND,1,2022,26.8091
RE1,WD,RSCWND,1,2022,33.9582
RE1,WN,RSCWND,1,2022,37.5328
RE1,SD,RSCWND,1,2023,42.3149
RE1,SN,RSCWND,1,2023,36.2699
RE1,WD,RSCWND,1,2023,45.9419
RE1,WN,RSCWND,1,2023,50.7779
RE1,SD,RSCWND,1,2024,53.3525
RE1,SN,RSCWND,1,2024,45.7307
RE1,WD,RSCWND,1,2024,57.9256
RE1,WN,RSCWND,1,2024,64.023
RE1,SD,RSCWND,1,2025,64.3901
RE1,SN,RSCWND,1,2025,55.1915
RE1,WD,RSCWND,1,2025,69.9093
RE1,WN,RSCWND,1,2025,77.2681
RE1,SD,RSCWND,1,2026,75.4277
RE1,SN,RSCWND,1,2026,64.6523
RE1,WD,RSCWND,1,2026,81.8929
RE1,WN,RSCWND,1,2026,90.5132
RE1,SD,RSCWND,1,2027,86.4653
RE1,SN,RSCWND,1,2027,74.1131
RE1,WD,RSCWND,1,2027,93.8766
RE1,WN,RSCWND,1,2027,103.7584
RE1,SD,RSCWND,1,2028,97.5029
RE1,SN,RSCWND,1,2028,83.5739
RE1,WD,RSCWND,1,2028,105.8603
RE1,WN,RSCWND,1,2028,117.0035
RE1,SD,RSCWND,1,2029,108.5405
RE1,SN,RSCWND,1,2029,93.0347
RE1,WD,RSCWND,1,2029,117.844
RE1,WN,RSCWND,1,2029,130.2486
RE1,SD,RSCWND,1,2030,119.5781
RE1,SN,RSCWND,1,2030,102.4955
RE1,WD,RSCWND,1,2030,129.8277
RE1,WN,RSCWND,1,2030,143.4937
RE1,SD,RSCWND,1,2031,130.6157
RE1,SN,RSCWND,1,2031,111.9563
RE1,WD,RSCWND,1,2031,141.8113
RE1,WN,RSCWND,1,2031,156.7389
RE1,SD,RSCWND,1,2032,141.6533
RE1,SN,RSCWND,1,2032,121.4171
RE1,WD,RSCWND,1,2032,153.795
RE1,WN,RSCWND,1,2032,169.984
RE1,SD,RSCWND,1,2033,152.6909
RE1,SN,RSCWND,1,2033,130.8779
RE1,WD,RSCWND,1,2033,165.7787
RE1,WN,RSCWND,1,2033,183.2291
RE1,SD,RSCWND,1,2034,163.7285
RE1,SN,RSCWND,1,2034,140.3387
RE1,WD,RSCWND,1,2034,177.7624
RE1,WN,RSCWND,1,2034,196.4742
RE1,SD,RSCWND,1,2035,174.7661
RE1,SN,RSCWND,1,2035,149.7995
RE1,WD,RSCWND,1,2035,189.7461
RE1,WN,RSCWND,1,2035,209.7193
RE1,SD,RSCSOL,1,2020,0.0
RE1,SN,RSCSOL,1,2020,0.0
RE1,WD,RSCSOL,1,2020,0.0
RE1,WN,RSCSOL,1,2020,0.0
RE1,SD,RSCSOL,1,2021,0.0
RE1,SN,RSCSOL,1,2021,0.0
RE1,WD,RSCSOL,1,2021,0.0
RE1,WN,RSCSOL,1,2021,0.0
RE1,SD,RSCSOL,1,2022,3.5839
RE1,SN,RSCSOL,1,2022,0.2312
RE1,WD,RSCSOL,1,2022,3.1215
RE1,WN,RSCSOL,1,2022,0.0
RE1,SD,RSCSOL,1,2023,15.6614
RE1,SN,RSCSOL,1,2023,1.0104
RE1,WD,RSCSOL,1,2023,13.6405
RE1,WN,RSCSOL,1,2023,0.0
RE1,SD,RSCSOL,1,2024,28.7155
RE1,SN,RSCSOL,1,2024,1.8526
RE1,WD,RSCSOL,1,2024,25.0103
RE1,WN,RSCSOL,1,2024,0.0
RE1,SD,RSCSOL,1,2025,42.3453
RE1,SN,RSCSOL,1,2025,2.732
RE1,WD,RSCSOL,1,2025,36.8814
RE1,WN,RSCSOL,1,2025,0.0
RE1,SD,RSCSOL,1,2026,77.779
RE1,SN,RSCSOL,1,2026,5.018
RE1,WD,RSCSOL,1,2026,67.743
RE1,WN,RSCSOL,1,2026,0.0
RE1,SD,RSCSOL,1,2027,93.1048
RE1,SN,RSCSOL,1,2027,6.0068
RE1,WD,RSCSOL,1,2027,81.0913
RE1,WN,RSCSOL,1,2027,0.0
RE1,SD,RSCSOL,1,2028,109.7978
RE1,SN,RSCSOL,1,2028,7.0837
RE1,WD,RSCSOL,1,2028,95.6304
RE1,WN,RSCSOL,1,2028,0.0
RE1,SD,RSCSOL,1,2029,129.4284
RE1,SN,RSCSOL,1,2029,8.3502
RE1,WD,RSCSOL,1,2029,112.728
RE1,WN,RSCSOL,1,2029,0.0
RE1,SD,RSCSOL,1,2030,150.3687
RE1,SN,RSCSOL,1,2030,9.7012
RE1,WD,RSCSOL,1,2030,130.9663
RE1,WN,RSCSOL,1,2030,0.0
RE1,SD,RSCSOL,1,2031,172.3928
RE1,SN,RSCSOL,1,2031,11.1221
RE1,WD,RSCSOL,1,2031,150.1485
RE1,WN,RSCSOL,1,2031,0.0
RE1,SD,RSCSOL,1,2032,197.3546
RE1,SN,RSCSOL,1,2032,12.7326
RE1,WD,RSCSOL,1,2032,171.8895
RE1,WN,RSCSOL,1,2032,0.0
RE1,SD,RSCSOL,1,2033,222.6577
RE1,SN,RSCSOL,1,2033,14.365
RE1,WD,RSCSOL,1,2033,193.9277
RE1,WN,RSCSOL,1,2033,0.0
RE1,SD,RSCSOL,1,2034,251.3313
RE1,SN,RSCSOL,1,2034,16.2149
RE1,WD,RSCSOL,1,2034,218.9014
RE1,WN,RSCSOL,1,2034,0.0
RE1,SD,RSCSOL,1,2035,281.0169
RE1,SN,RSCSOL,1,2035,18.1301
RE1,WD,RSCSOL,1,2035,244.7566
RE1,WN,RSCSOL,1,2035,0.0
RE1,SD,RSCHYD,1,2020,94.608
RE1,SN,RSCHYD,1,2020,94.608
RE1,WD,RSCHYD,1,2020,109.7642
RE1,WN,RSCHYD,1,2020,109.7627
RE1,SD,RSCHYD,1,2021,94.608
RE1,SN,RSCHYD,1,2021,94.608
RE1,WD,RSCHYD,1,2021,109.7185
RE1,WN,RSCHYD,1,2021,109.2584
RE1,SD,RSCHYD,1,2022,94.608
RE1,SN,RSCHYD,1,2022,94.608
RE1,WD,RSCHYD,1,2022,107.2875
RE1,WN,RSCHYD,1,2022,106.3914
RE1,SD,RSCHYD,1,2023,94.608
RE1,SN,RSCHYD,1,2023,94.608
RE1,WD,RSCHYD,1,2023,107.1908
RE1,WN,RSCHYD,1,2023,105.8954
RE1,SD,RSCHYD,1,2024,94.608
RE1,SN,RSCHYD,1,2024,94.608
RE1,WD,RSCHYD,1,2024,104.786
RE1,WN,RSCHYD,1,2024,103.0132
RE1,SD,RSCHYD,1,2025,94.608
RE1,SN,RSCHYD,1,2025,94.608
RE1,WD,RSCHYD,1,2025,104.7306
RE1,WN,RSCHYD,1,2025,102.5348
RE1,SD,RSCHYD,1,2026,94.608
RE1,SN,RSCHYD,1,2026,94.608
RE1,WD,RSCHYD,1,2026,105.0942
RE1,WN,RSCHYD,1,2026,102.4816
RE1,SD,RSCHYD,1,2027,94.608
RE1,SN,RSCHYD,1,2027,94.608
RE1,WD,RSCHYD,1,2027,103.6627
RE1,WN,RSCHYD,1,2027,99.4544
RE1,SD,RSCHYD,1,2028,94.608
RE1,SN,RSCHYD,1,2028,94.608
RE1,WD,RSCHYD,1,2028,102.5663
RE1,WN,RSCHYD,1,2028,99.1441
RE1,SD,RSCHYD,1,2029,94.608
RE1,SN,RSCHYD,1,2029,94.608
RE1,WD,RSCHYD,1,2029,101.1791
RE1,WN,RSCHYD,1,2029,96.1199
RE1,SD,RSCHYD,1,2030,94.608
RE1,SN,RSCHYD,1,2030,94.608
RE1,WD,RSCHYD,1,2030,100.4811
RE1,WN,RSCHYD,1,2030,96.0814
RE1,SD,RSCHYD,1,2031,94.608
RE1,SN,RSCHYD,1,2031,94.608
RE1,WD,RSCHYD,1,2031,100.9206
RE1,WN,RSCHYD,1,2031,96.0465
RE1,SD,RSCHYD,1,2032,94.608
RE1,SN,RSCHYD,1,2032,94.608
RE1,WD,RSCHYD,1,2032,101.3507
RE1,WN,RSCHYD,1,2032,96.0155
RE1,SD,RSCHYD,1,2033,94.5122
RE1,SN,RSCHYD,1,2033,94.608
RE1,WD,RSCHYD,1,2033,102.5119
RE1,WN,RSCHYD,1,2033,95.7234
RE1,SD,RSCHYD,1,2034,94.608
RE1,SN,RSCHYD,1,2034,94.608
RE1,WD,RSCHYD,1,2034,101.7782
RE1,WN,RSCHYD,1,2034,95.6776
RE1,SD,RSCHYD,1,2035,94.608
RE1,SN,RSCHYD,1,2035,94.608
RE1,WD,RSCHYD,1,2035,102.2071
RE1,WN,RSCHYD,1,2035,95.6508
RE1,SD,PWRWND,1,2020,9.2021
RE1,SN,PWRWND,1,2020,7.8875
RE1,WD,PWRWND,1,2020,9.9909
RE1,WN,PWRWND,1,2020,11.0425
RE1,SD,PWRWND,1,2021,20.2397
RE1,SN,PWRWND,1,2021,17.3483
RE1,WD,PWRWND,1,2021,21.9745
RE1,WN,PWRWND,1,2021,24.2876
RE1,SD,PWRWND,1,2022,31.2773
RE1,SN,PWRWND,1,2022,26.8091
RE1,WD,PWRWND,1,2022,33.9582
RE1,WN,PWRWND,1,2022,37.5328
RE1,SD,PWRWND,1,2023,42.3149
RE1,SN,PWRWND,1,2023,36.2699
RE1,WD,PWRWND,1,2023,45.9419
RE1,WN,PWRWND,1,2023,50.7779
RE1,SD,PWRWND,1,2024,53.3525
RE1,SN,PWRWND,1,2024,45.7307
RE1,WD,PWRWND,1,2024,57.9256
RE1,WN,PWRWND,1,2024,64.023
RE1,SD,PWRWND,1,2025,64.3901
RE1,SN,PWRWND,1,2025,55.1915
RE1,WD,PWRWND,1,2025,69.9093
RE1,WN,PWRWND,1,2025,77.2681
RE1,SD,PWRWND,1,2026,75.4277
RE1,SN,PWRWND,1,2026,64.6523
RE1,WD,PWRWND,1,2026,81.8929
RE1,WN,PWRWND,1,2026,90.5132
RE1,SD,PWRWND,1,2027,86.4653
RE1,SN,PWRWND,1,2027,74.1131
RE1,WD,PWRWND,1,2027,93.8766
RE1,WN,PWRWND,1,2027,103.7584
RE1,SD,PWRWND,1,2028,97.5029
RE1,SN,PWRWND,1,2028,83.5739
RE1,WD,PWRWND,1,2028,105.8603
RE1,WN,PWRWND,1,2028,117.0035
RE1,SD,PWRWND,1,2029,108.5405
RE1,SN,PWRWND,1,2029,93.0347
RE1,WD,PWRWND,1,2029,117.844
RE1,WN,PWRWND,1,2029,130.2486
RE1,SD,PWRWND,1,2030,119.5781
RE1,SN,PWRWND,1,2030,102.4955
RE1,WD,PWRWND,1,2030,129.8277
RE1,WN,PWRWND,1,2030,143.4937
RE1,SD,PWRWND,1,2031,130.6157
RE1,SN,PWRWND,1,2031,111.9563
RE1,WD,PWRWND,1,2031,141.8113
RE1,WN,PWRWND,1,2031,156.7389
RE1,SD,PWRWND,1,2032,141.6533
RE1,SN,PWRWND,1,2032,121.4171
RE1,WD,PWRWND,1,2032,153.795
RE1,WN,PWRWND,1,2032,169.984
RE1,SD,PWRWND,1,2033,152.6909
RE1,SN,PWRWND,1,2033,130.8779
RE1,WD,PWRWND,1,2033,165.7787
RE1,WN,PWRWND,1,2033,183.2291
RE1,SD,PWRWND,1,2034,163.7285
RE1,SN,PWRWND,1,2034,140.3387
RE1,WD,PWRWND,1,2034,177.7624
RE1,WN,PWRWND,1,2034,196.4742
RE1,SD,PWRWND,1,2035,174.7661
RE1,SN,PWRWND,1,2035,149.7995
RE1,WD,PWRWND,1,2035,189.7461
RE1,WN,PWRWND,1,2035,209.7193
RE1,SD,PWRSOL,1,2020,0.0
RE1,SN,PWRSOL,1,2020,0.0
RE1,WD,PWRSOL,1,2020,0.0
RE1,WN,PWRSOL,1,2020,0.0
RE1,SD,PWRSOL,1,2021,0.0
RE1,SN,PWRSOL,1,2021,0.0
RE1,WD,PWRSOL,1,2021,0.0
RE1,WN,PWRSOL,1,2021,0.0
RE1,SD,PWRSOL,1,2022,3.5839
RE1,SN,PWRSOL,1,2022,0.2312
RE1,WD,PWRSOL,1,2022,3.1215
RE1,WN,PWRSOL,1,2022,0.0
RE1,SD,PWRSOL,1,2023,15.6614
RE1,SN,PWRSOL,1,2023,1.0104
RE1,WD,PWRSOL,1,2023,13.6405
RE1,WN,PWRSOL,1,2023,0.0
RE1,SD,PWRSOL,1,2024,28.7155
RE1,SN,PWRSOL,1,2024,1.8526
RE1,WD,PWRSOL,1,2024,25.0103
RE1,WN,PWRSOL,1,2024,0.0
RE1,SD,PWRSOL,1,2025,42.3453
RE1,SN,PWRSOL,1,2025,2.732
RE1,WD,PWRSOL,1,2025,36.8814
RE1,WN,PWRSOL,1,2025,0.0
RE1,SD,PWRSOL,1,2026,77.779
RE1,SN,PWRSOL,1,2026,5.018
RE1,WD,PWRSOL,1,2026,67.743
RE1,WN,PWRSOL,1,2026,0.0
RE1,SD,PWRSOL,1,2027,93.1048
RE1,SN,PWRSOL,1,2027,6.0068
RE1,WD,PWRSOL,1,2027,81.0913
RE1,WN,PWRSOL,1,2027,0.0
RE1,SD,PWRSOL,1,2028,109.7978
RE1,SN,PWRSOL,1,2028,7.0837
RE1,WD,PWRSOL,1,2028,95.6304
RE1,WN,PWRSOL,1,2028,0.0
RE1,SD,PWRSOL,1,2029,129.4284
RE1,SN,PWRSOL,1,2029,8.3502
RE1,WD,PWRSOL,1,2029,112.728
RE1,WN,PWRSOL,1,2029,0.0
RE1,SD,PWRSOL,1,2030,150.3687
RE1,SN,PWRSOL,1,2030,9.7012
RE1,WD,PWRSOL,1,2030,130.9663
RE1,WN,PWRSOL,1,2030,0.0
RE1,SD,PWRSOL,1,2031,172.3928
RE1,SN,PWRSOL,1,2031,11.1221
RE1,WD,PWRSOL,1,2031,150.1485
RE1,WN,PWRSOL,1,2031,0.0
RE1,SD,PWRSOL,1,2032,197.3546
RE1,SN,PWRSOL,1,2032,12.7326
RE1,WD,PWRSOL,1,2032,171.8895
RE1,WN,PWRSOL,1,2032,0.0
RE1,SD,PWRSOL,1,2033,222.6577
RE1,SN,PWRSOL,1,2033,14.365
RE1,WD,PWRSOL,1,2033,193.9277
RE1,WN,PWRSOL,1,2033,0.0
RE1,SD,PWRSOL,1,2034,251.3313
RE1,SN,PWRSOL,1,2034,16.2149
RE1,WD,PWRSOL,1,2034,218.9014
RE1,WN,PWRSOL,1,2034,0.0
RE1,SD,PWRSOL,1,2035,281.0169
RE1,SN,PWRSOL,1,2035,18.1301
RE1,WD,PWRSOL,1,2035,244.7566
RE1,WN,PWRSOL,1,2035,0.0
RE1,SD,PWRHYD,1,2020,37.8432
RE1,SN,PWRHYD,1,2020,37.8432
RE1,WD,PWRHYD,1,2020,43.9057
RE1,WN,PWRHYD,1,2020,43.9051
RE1,SD,PWRHYD,1,2021,37.8432
RE1,SN,PWRHYD,1,2021,37.8432
RE1,WD,PWRHYD,1,2021,43.8874
RE1,WN,PWRHYD,1,2021,43.7034
RE1,SD,PWRHYD,1,2022,37.8432
RE1,SN,PWRHYD,1,2022,37.8432
RE1,WD,PWRHYD,1,2022,42.915
RE1,WN,PWRHYD,1,2022,42.5566
RE1,SD,PWRHYD,1,2023,37.8432
RE1,SN,PWRHYD,1,2023,37.8432
RE1,WD,PWRHYD,1,2023,42.8763
RE1,WN,PWRHYD,1,2023,42.3582
RE1,SD,PWRHYD,1,2024,37.8432
RE1,SN,PWRHYD,1,2024,37.8432
RE1,WD,PWRHYD,1,2024,41.9144
RE1,WN,PWRHYD,1,2024,41.2053
RE1,SD,PWRHYD,1,2025,37.8432
RE1,SN,PWRHYD,1,2025,37.8432
RE1,WD,PWRHYD,1,2025,41.8922
RE1,WN,PWRHYD,1,2025,41.0139
RE1,SD,PWRHYD,1,2026,37.8432
RE1,SN,PWRHYD,1,2026,37.8432
RE1,WD,PWRHYD,1,2026,42.0377
RE1,WN,PWRHYD,1,2026,40.9926
RE1,SD,PWRHYD,1,2027,37.8432
RE1,SN,PWRHYD,1,2027,37.8432
RE1,WD,PWRHYD,1,2027,41.4651
RE1,WN,PWRHYD,1,2027,39.7818
RE1,SD,PWRHYD,1,2028,37.8432
RE1,SN,PWRHYD,1,2028,37.8432
RE1,WD,PWRHYD,1,2028,41.0265
RE1,WN,PWRHYD,1,2028,39.6576
RE1,SD,PWRHYD,1,2029,37.8432
RE1,SN,PWRHYD,1,2029,37.8432
RE1,WD,PWRHYD,1,2029,40.4716
RE1,WN,PWRHYD,1,2029,38.448
RE1,SD,PWRHYD,1,2030,37.8432
RE1,SN,PWRHYD,1,2030,37.8432
RE1,WD,PWRHYD,1,2030,40.1924
RE1,WN,PWRHYD,1,2030,38.4326
RE1,SD,PWRHYD,1,2031,37.8432
RE1,SN,PWRHYD,1,2031,37.8432
RE1,WD,PWRHYD,1,2031,40.3682
RE1,WN,PWRHYD,1,2031,38.4186
RE1,SD,PWRHYD,1,2032,37.8432
RE1,SN,PWRHYD,1,2032,37.8432
RE1,WD,PWRHYD,1,2032,40.5403
RE1,WN,PWRHYD,1,2032,38.4062
RE1,SD,PWRHYD,1,2033,37.8049
RE1,SN,PWRHYD,1,2033,37.8432
RE1,WD,PWRHYD,1,2033,41.0048
RE1,WN,PWRHYD,1,2033,38.2894
RE1,SD,PWRHYD,1,2034,37.8432
RE1,SN,PWRHYD,1,2034,37.8432
RE1,WD,PWRHYD,1,2034,40.7113
RE1,WN,PWRHYD,1,2034,38.2711
RE1,SD,PWRHYD,1,2035,37.8432
RE1,SN,PWRHYD,1,2035,37.8432
RE1,WD,PWRHYD,1,2035,40.8828
RE1,WN,PWRHYD,1,2035,38.2603
RE1,SD,RSCLND,1,2020,299.9896
RE1,SN,RSCLND,1,2020,300.0
RE1,WD,RSCLND,1,2020,300.0
RE1,WN,RSCLND,1,2020,300.0
RE1,SD,RSCLND,1,2021,300.0
RE1,SN,RSCLND,1,2021,300.0
RE1,WD,RSCLND,1,2021,300.0
RE1,WN,RSCLND,1,2021,300.0
RE1,SD,RSCLND,1,2022,300.0
RE1,SN,RSCLND,1,2022,300.0
RE1,WD,RSCLND,1,2022,300.0
RE1,WN,RSCLND,1,2022,300.0
RE1,SD,RSCLND,1,2023,300.0
RE1,SN,RSCLND,1,2023,300.0
RE1,WD,RSCLND,1,2023,300.0
RE1,WN,RSCLND,1,2023,300.0
RE1,SD,RSCLND,1,2024,300.0
RE1,SN,RSCLND,1,2024,300.0
RE1,WD,RSCLND,1,2024,300.0
RE1,WN,RSCLND,1,2024,300.0
RE1,SD,RSCLND,1,2025,300.0
RE1,SN,RSCLND,1,2025,300.0
RE1,WD,RSCLND,1,2025,300.0
RE1,WN,RSCLND,1,2025,300.0
RE1,SD,RSCLND,1,2026,300.0
RE1,SN,RSCLND,1,2026,300.0
RE1,WD,RSCLND,1,2026,300.0
RE1,WN,RSCLND,1,2026,300.0
RE1,SD,RSCLND,1,2027,297.2944
RE1,SN,RSCLND,1,2027,300.0
RE1,WD,RSCLND,1,2027,300.0
RE1,WN,RSCLND,1,2027,300.0
RE1,SD,RSCLND,1,2028,300.0
RE1,SN,RSCLND,1,2028,300.0
RE1,WD,RSCLND,1,2028,300.0
RE1,WN,RSCLND,1,2028,300.0
RE1,SD,RSCLND,1,2029,297.6376
RE1,SN,RSCLND,1,2029,299.1618
RE1,WD,RSCLND,1,2029,300.0
RE1,WN,RSCLND,1,2029,300.0
RE1,SD,RSCLND,1,2030,300.0
RE1,SN,RSCLND,1,2030,300.0
RE1,WD,RSCLND,1,2030,300.0
RE1,WN,RSCLND,1,2030,300.0
RE1,SD,RSCLND,1,2031,300.0
RE1,SN,RSCLND,1,2031,300.0
RE1,WD,RSCLND,1,2031,300.0
RE1,WN,RSCLND,1,2031,300.0
RE1,SD,RSCLND,1,2032,300.0
RE1,SN,RSCLND,1,2032,300.0
RE1,WD,RSCLND,1,2032,300.0
RE1,WN,RSCLND,1,2032,300.0
RE1,SD,RSCLND,1,2033,298.0775
RE1,SN,RSCLND,1,2033,298.2296
RE1,WD,RSCLND,1,2033,300.0
RE1,WN,RSCLND,1,2033,300.0
RE1,SD,RSCLND,1,2034,300.0
RE1,SN,RSCLND,1,2034,300.0
RE1,WD,RSCLND,1,2034,300.0
RE1,WN,RSCLND,1,2034,300.0
RE1,SD,RSCLND,1,2035,300.0
RE1,SN,RSCLND,1,2035,300.0
RE1,WD,RSCLND,1,2035,300.0
RE1,WN,RSCLND,1,2035,300.0
RE1,SD,LNDMAIRNF,1,2020,4.0756
RE1,SN,LNDMAIRNF,1,2020,4.086
RE1,WD,LNDMAIRNF,1,2020,4.0946
RE1,WN,LNDMAIRNF,1,2020,4.086
RE1,SD,LNDMAIRNF,1,2021,4.1872
RE1,SN,LNDMAIRNF,1,2021,4.1872
RE1,WD,LNDMAIRNF,1,2021,4.1872
RE1,WN,LNDMAIRNF,1,2021,4.1872
RE1,SD,LNDMAIRNF,1,2022,4.2912
RE1,SN,LNDMAIRNF,1,2022,4.2912
RE1,WD,LNDMAIRNF,1,2022,4.2912
RE1,WN,LNDMAIRNF,1,2022,4.2912
RE1,SD,LNDMAIRNF,1,2023,4.391
RE1,SN,LNDMAIRNF,1,2023,4.391
RE1,WD,LNDMAIRNF,1,2023,4.391
RE1,WN,LNDMAIRNF,1,2023,4.391
RE1,SD,LNDMAIRNF,1,2024,4.4926
RE1,SN,LNDMAIRNF,1,2024,4.4926
RE1,WD,LNDMAIRNF,1,2024,4.4926
RE1,WN,LNDMAIRNF,1,2024,4.4926
RE1,SD,LNDMAIRNF,1,2025,4.6247
RE1,SN,LNDMAIRNF,1,2025,4.6247
RE1,WD,LNDMAIRNF,1,2025,4.6247
RE1,WN,LNDMAIRNF,1,2025,4.6247
RE1,SD,LNDMAIRNF,1,2026,4.7235
RE1,SN,LNDMAIRNF,1,2026,4.7235
RE1,WD,LNDMAIRNF,1,2026,4.7235
RE1,WN,LNDMAIRNF,1,2026,4.7235
RE1,SD,LNDMAIRNF,1,2027,4.8237
RE1,SN,LNDMAIRNF,1,2027,4.8237
RE1,WD,LNDMAIRNF,1,2027,4.8237
RE1,WN,LNDMAIRNF,1,2027,4.8237
RE1,SD,LNDMAIRNF,1,2028,4.9544
RE1,SN,LNDMAIRNF,1,2028,4.9544
RE1,WD,LNDMAIRNF,1,2028,4.9544
RE1,WN,LNDMAIRNF,1,2028,4.9544
RE1,SD,LNDMAIRNF,1,2029,5.0834
RE1,SN,LNDMAIRNF,1,2029,5.0834
RE1,WD,LNDMAIRNF,1,2029,5.0834
RE1,WN,LNDMAIRNF,1,2029,5.0834
RE1,SD,LNDMAIRNF,1,2030,5.2137
RE1,SN,LNDMAIRNF,1,2030,5.2137
RE1,WD,LNDMAIRNF,1,2030,5.2137
RE1,WN,LNDMAIRNF,1,2030,5.2137
RE1,SD,LNDMAIRNF,1,2031,5.3422
RE1,SN,LNDMAIRNF,1,2031,5.3422
RE1,WD,LNDMAIRNF,1,2031,5.3422
RE1,WN,LNDMAIRNF,1,2031,5.3422
RE1,SD,LNDMAIRNF,1,2032,5.4689
RE1,SN,LNDMAIRNF,1,2032,5.4689
RE1,WD,LNDMAIRNF,1,2032,5.4689
RE1,WN,LNDMAIRNF,1,2032,5.4689
RE1,SD,LNDMAIRNF,1,2033,5.5936
RE1,SN,LNDMAIRNF,1,2033,5.5936
RE1,WD,LNDMAIRNF,1,2033,5.5936
RE1,WN,LNDMAIRNF,1,2033,5.5936
RE1,SD,LNDMAIRNF,1,2034,5.7162
RE1,SN,LNDMAIRNF,1,2034,5.7162
RE1,WD,LNDMAIRNF,1,2034,5.7162
RE1,WN,LNDMAIRNF,1,2034,5.7162
RE1,SD,LNDMAIRNF,1,2035,5.8396
RE1,SN,LNDMAIRNF,1,2035,5.8396
RE1,WD,LNDMAIRNF,1,2035,5.8396
RE1,WN,LNDMAIRNF,1,2035,5.8396
RE1,SD,LNDRICRNF,1,2020,1.423
RE1,SN,LNDRICRNF,1,2020,1.423
RE1,WD,LNDRICRNF,1,2020,1.4144
RE1,WN,LNDRICRNF,1,2020,1.423
RE1,SD,LNDRICRNF,1,2021,1.4692
RE1,SN,LNDRICRNF,1,2021,1.4692
RE1,WD,LNDRICRNF,1,2021,1.4692
RE1,WN,LNDRICRNF,1,2021,1.4692
RE1,SD,LNDRICRNF,1,2022,1.4927
RE1,SN,LNDRICRNF,1,2022,1.4927
RE1,WD,LNDRICRNF,1,2022,1.4927
RE1,WN,LNDRICRNF,1,2022,1.4927
RE1,SD,LNDRICRNF,1,2023,1.516
RE1,SN,LNDRICRNF,1,2023,1.516
RE1,WD,LNDRICRNF,1,2023,1.516
RE1,WN,LNDRICRNF,1,2023,1.516
RE1,SD,LNDRICRNF,1,2024,1.5671
RE1,SN,LNDRICRNF,1,2024,1.5671
RE1,WD,LNDRICRNF,1,2024,1.5671
RE1,WN,LNDRICRNF,1,2024,1.5671
RE1,SD,LNDRICRNF,1,2025,1.589
RE1,SN,LNDRICRNF,1,2025,1.589
RE1,WD,LNDRICRNF,1,2025,1.589
RE1,WN,LNDRICRNF,1,2025,1.589
RE1,SD,LNDRICRNF,1,2026,1.6103
RE1,SN,LNDRICRNF,1,2026,1.6103
RE1,WD,LNDRICRNF,1,2026,1.6103
RE1,WN,LNDRICRNF,1,2026,1.6103
RE1,SD,LNDRICRNF,1,2027,1.629
RE1,SN,LNDRICRNF,1,2027,1.629
RE1,WD,LNDRICRNF,1,2027,1.629
RE1,WN,LNDRICRNF,1,2027,1.629
RE1,SD,LNDRICRNF,1,2028,1.6465
RE1,SN,LNDRICRNF,1,2028,1.6465
RE1,WD,LNDRICRNF,1,2028,1.6465
RE1,WN,LNDRICRNF,1,2028,1.6465
RE1,SD,LNDRICRNF,1,2029,1.6627
RE1,SN,LNDRICRNF,1,2029,1.6627
RE1,WD,LNDRICRNF,1,2029,1.6627
RE1,WN,LNDRICRNF,1,2029,1.6627
RE1,SD,LNDRICRNF,1,2030,1.7101
RE1,SN,LNDRICRNF,1,2030,1.7101
RE1,WD,LNDRICRNF,1,2030,1.7101
RE1,WN,LNDRICRNF,1,2030,1.7101
RE1,SD,LNDRICRNF,1,2031,1.7216
RE1,SN,LNDRICRNF,1,2031,1.7216
RE1,WD,LNDRICRNF,1,2031,1.7216
RE1,WN,LNDRICRNF,1,2031,1.7216
RE1,SD,LNDRICRNF,1,2032,1.7307
RE1,SN,LNDRICRNF,1,2032,1.7307
RE1,WD,LNDRICRNF,1,2032,1.7307
RE1,WN,LNDRICRNF,1,2032,1.7307
RE1,SD,LNDRICRNF,1,2033,1.7369
RE1,SN,LNDRICRNF,1,2033,1.7369
RE1,WD,LNDRICRNF,1,2033,1.7369
RE1,WN,LNDRICRNF,1,2033,1.7369
RE1,SD,LNDRICRNF,1,2034,1.7376
RE1,SN,LNDRICRNF,1,2034,1.7376
RE1,WD,LNDRICRNF,1,2034,1.7376
RE1,WN,LNDRICRNF,1,2034,1.7376
RE1,SD,LNDRICRNF,1,2035,1.7344
RE1,SN,LNDRICRNF,1,2035,1.7344
RE1,WD,LNDRICRNF,1,2035,1.7344
RE1,WN,LNDRICRNF,1,2035,1.7344
RE1,SD,LNDMAIIRR,1,2020,0.339
RE1,SN,LNDMAIIRR,1,2020,0.339
RE1,WD,LNDMAIIRR,1,2020,0.339
RE1,WN,LNDMAIIRR,1,2020,0.339
RE1,SD,LNDMAIIRR,1,2021,0.356
RE1,SN,LNDMAIIRR,1,2021,0.356
RE1,WD,LNDMAIIRR,1,2021,0.356
RE1,WN,LNDMAIIRR,1,2021,0.356
RE1,SD,LNDMAIIRR,1,2022,0.3737
RE1,SN,LNDMAIIRR,1,2022,0.3737
RE1,WD,LNDMAIIRR,1,2022,0.3737
RE1,WN,LNDMAIIRR,1,2022,0.3737
RE1,SD,LNDMAIIRR,1,2023,0.3924
RE1,SN,LNDMAIIRR,1,2023,0.3924
RE1,WD,LNDMAIIRR,1,2023,0.3924
RE1,WN,LNDMAIIRR,1,2023,0.3924
RE1,SD,LNDMAIIRR,1,2024,0.4121
RE1,SN,LNDMAIIRR,1,2024,0.4121
RE1,WD,LNDMAIIRR,1,2024,0.4121
RE1,WN,LNDMAIIRR,1,2024,0.4121
RE1,SD,LNDMAIIRR,1,2025,0.4327
RE1,SN,LNDMAIIRR,1,2025,0.4327
RE1,WD,LNDMAIIRR,1,2025,0.4327
RE1,WN,LNDMAIIRR,1,2025,0.4327
RE1,SD,LNDMAIIRR,1,2026,0.4543
RE1,SN,LNDMAIIRR,1,2026,0.4543
RE1,WD,LNDMAIIRR,1,2026,0.4543
RE1,WN,LNDMAIIRR,1,2026,0.4543
RE1,SD,LNDMAIIRR,1,2027,0.477
RE1,SN,LNDMAIIRR,1,2027,0.477
RE1,WD,LNDMAIIRR,1,2027,0.477
RE1,WN,LNDMAIIRR,1,2027,0.477
RE1,SD,LNDMAIIRR,1,2028,0.5009
RE1,SN,LNDMAIIRR,1,2028,0.5009
RE1,WD,LNDMAIIRR,1,2028,0.5009
RE1,WN,LNDMAIIRR,1,2028,0.5009
RE1,SD,LNDMAIIRR,1,2029,0.5259
RE1,SN,LNDMAIIRR,1,2029,0.5259
RE1,WD,LNDMAIIRR,1,2029,0.5259
RE1,WN,LNDMAIIRR,1,2029,0.5259
RE1,SD,LNDMAIIRR,1,2030,0.5522
RE1,SN,LNDMAIIRR,1,2030,0.5522
RE1,WD,LNDMAIIRR,1,2030,0.5522
RE1,WN,LNDMAIIRR,1,2030,0.5522
RE1,SD,LNDMAIIRR,1,2031,0.5798
RE1,SN,LNDMAIIRR,1,2031,0.5798
RE1,WD,LNDMAIIRR,1,2031,0.5798
RE1,WN,LNDMAIIRR,1,2031,0.5798
RE1,SD,LNDMAIIRR,1,2032,0.6088
RE1,SN,LNDMAIIRR,1,2032,0.6088
RE1,WD,LNDMAIIRR,1,2032,0.6088
RE1,WN,LNDMAIIRR,1,2032,0.6088
RE1,SD,LNDMAIIRR,1,2033,0.6392
RE1,SN,LNDMAIIRR,1,2033,0.6392
RE1,WD,LNDMAIIRR,1,2033,0.6392
RE1,WN,LNDMAIIRR,1,2033,0.6392
RE1,SD,LNDMAIIRR,1,2034,0.6712
RE1,SN,LNDMAIIRR,1,2034,0.6712
RE1,WD,LNDMAIIRR,1,2034,0.6712
RE1,WN,LNDMAIIRR,1,2034,0.6712
RE1,SD,LNDMAIIRR,1,2035,0.7048
RE1,SN,LNDMAIIRR,1,2035,0.7048
RE1,WD,LNDMAIIRR,1,2035,0.7048
RE1,WN,LNDMAIIRR,1,2035,0.7048
RE1,SD,LNDRICIRR,1,2020,0.531
RE1,SN,LNDRICIRR,1,2020,0.531
RE1,WD,LNDRICIRR,1,2020,0.531
RE1,WN,LNDRICIRR,1,2020,0.531
RE1,SD,LNDRICIRR,1,2021,0.5576
RE1,SN,LNDRICIRR,1,2021,0.5576
RE1,WD,LNDRICIRR,1,2021,0.5576
RE1,WN,LNDRICIRR,1,2021,0.5576
RE1,SD,LNDRICIRR,1,2022,0.5854
RE1,SN,LNDRICIRR,1,2022,0.5854
RE1,WD,LNDRICIRR,1,2022,0.5854
RE1,WN,LNDRICIRR,1,2022,0.5854
RE1,SD,LNDRICIRR,1,2023,0.6147
RE1,SN,LNDRICIRR,1,2023,0.6147
RE1,WD,LNDRICIRR,1,2023,0.6147
RE1,WN,LNDRICIRR,1,2023,0.6147
RE1,SD,LNDRICIRR,1,2024,0.6454
RE1,SN,LNDRICIRR,1,2024,0.6454
RE1,WD,LNDRICIRR,1,2024,0.6454
RE1,WN,LNDRICIRR,1,2024,0.6454
RE1,SD,LNDRICIRR,1,2025,0.6777
RE1,SN,LNDRICIRR,1,2025,0.6777
RE1,WD,LNDRICIRR,1,2025,0.6777
RE1,WN,LNDRICIRR,1,2025,0.6777
RE1,SD,LNDRICIRR,1,2026,0.7116
RE1,SN,LNDRICIRR,1,2026,0.7116
RE1,WD,LNDRICIRR,1,2026,0.7116
RE1,WN,LNDRICIRR,1,2026,0.7116
RE1,SD,LNDRICIRR,1,2027,0.7472
RE1,SN,LNDRICIRR,1,2027,0.7472
RE1,WD,LNDRICIRR,1,2027,0.7472
RE1,WN,LNDRICIRR,1,2027,0.7472
RE1,SD,LNDRICIRR,1,2028,0.7845
RE1,SN,LNDRICIRR,1,2028,0.7845
RE1,WD,LNDRICIRR,1,2028,0.7845
RE1,WN,LNDRICIRR,1,2028,0.7845
RE1,SD,LNDRICIRR,1,2029,0.8238
RE1,SN,LNDRICIRR,1,2029,0.8238
RE1,WD,LNDRICIRR,1,2029,0.8238
RE1,WN,LNDRICIRR,1,2029,0.8238
RE1,SD,LNDRICIRR,1,2030,0.8649
RE1,SN,LNDRICIRR,1,2030,0.8649
RE1,WD,LNDRICIRR,1,2030,0.8649
RE1,WN,LNDRICIRR,1,2030,0.8649
RE1,SD,LNDRICIRR,1,2031,0.9082
RE1,SN,LNDRICIRR,1,2031,0.9082
RE1,WD,LNDRICIRR,1,2031,0.9082
RE1,WN,LNDRICIRR,1,2031,0.9082
RE1,SD,LNDRICIRR,1,2032,0.9536
RE1,SN,LNDRICIRR,1,2032,0.9536
RE1,WD,LNDRICIRR,1,2032,0.9536
RE1,WN,LNDRICIRR,1,2032,0.9536
RE1,SD,LNDRICIRR,1,2033,1.0013
RE1,SN,LNDRICIRR,1,2033,1.0013
RE1,WD,LNDRICIRR,1,2033,1.0013
RE1,WN,LNDRICIRR,1,2033,1.0013
RE1,SD,LNDRICIRR,1,2034,1.0513
RE1,SN,LNDRICIRR,1,2034,1.0513
RE1,WD,LNDRICIRR,1,2034,1.0513
RE1,WN,LNDRICIRR,1,2034,1.0513
RE1,SD,LNDRICIRR,1,2035,1.1039
RE1,SN,LNDRICIRR,1,2035,1.1039
RE1,WD,LNDRICIRR,1,2035,1.1039
RE1,WN,LNDRICIRR,1,2035,1.1039
RE1,SD,LNDFOR,1,2020,253.6
RE1,SN,LNDFOR,1,2020,253.6
RE1,WD,LNDFOR,1,2020,253.6
RE1,WN,LNDFOR,1,2020,253.6
RE1,SD,LNDFOR,1,2021,253.6
RE1,SN,LNDFOR,1,2021,253.6
RE1,WD,LNDFOR,1,2021,252.4204
RE1,WN,LNDFOR,1,2021,253.6
RE1,SD,LNDFOR,1,2022,253.6
RE1,SN,LNDFOR,1,2022,253.6
RE1,WD,LNDFOR,1,2022,251.3024
RE1,WN,LNDFOR,1,2022,253.6
RE1,SD,LNDFOR,1,2023,253.6
RE1,SN,LNDFOR,1,2023,253.6
RE1,WD,LNDFOR,1,2023,250.1911
RE1,WN,LNDFOR,1,2023,253.6
RE1,SD,LNDFOR,1,2024,253.6
RE1,SN,LNDFOR,1,2024,253.6
RE1,WD,LNDFOR,1,2024,248.935
RE1,WN,LNDFOR,1,2024,253.6
RE1,SD,LNDFOR,1,2025,253.6
RE1,SN,LNDFOR,1,2025,253.6
RE1,WD,LNDFOR,1,2025,247.6655
RE1,WN,LNDFOR,1,2025,253.6
RE1,SD,LNDFOR,1,2026,253.6
RE1,SN,LNDFOR,1,2026,253.6
RE1,WD,LNDFOR,1,2026,246.5388
RE1,WN,LNDFOR,1,2026,253.6
RE1,SD,LNDFOR,1,2027,253.6
RE1,SN,LNDFOR,1,2027,253.6
RE1,WD,LNDFOR,1,2027,242.2264
RE1,WN,LNDFOR,1,2027,253.6
RE1,SD,LNDFOR,1,2028,253.6
RE1,SN,LNDFOR,1,2028,253.6
RE1,WD,LNDFOR,1,2028,244.0938
RE1,WN,LNDFOR,1,2028,253.6
RE1,SD,LNDFOR,1,2029,253.6
RE1,SN,LNDFOR,1,2029,253.6
RE1,WD,LNDFOR,1,2029,239.5468
RE1,WN,LNDFOR,1,2029,253.6
RE1,SD,LNDFOR,1,2030,253.6
RE1,SN,LNDFOR,1,2030,253.6
RE1,WD,LNDFOR,1,2030,241.3786
RE1,WN,LNDFOR,1,2030,253.6
RE1,SD,LNDFOR,1,2031,253.6
RE1,SN,LNDFOR,1,2031,253.6
RE1,WD,LNDFOR,1,2031,240.0608
RE1,WN,LNDFOR,1,2031,253.6
RE1,SD,LNDFOR,1,2032,253.6
RE1,SN,LNDFOR,1,2032,253.6
RE1,WD,LNDFOR,1,2032,238.7801
RE1,WN,LNDFOR,1,2032,253.6
RE1,SD,LNDFOR,1,2033,253.6
RE1,SN,LNDFOR,1,2033,253.6
RE1,WD,LNDFOR,1,2033,234.2042
RE1,WN,LNDFOR,1,2033,253.6
RE1,SD,LNDFOR,1,2034,253.6
RE1,SN,LNDFOR,1,2034,253.6
RE1,WD,LNDFOR,1,2034,236.1698
RE1,WN,LNDFOR,1,2034,253.6
RE1,SD,LNDFOR,1,2035,253.6
RE1,SN,LNDFOR,1,2035,253.6
RE1,WD,LNDFOR,1,2035,234.8678
RE1,WN,LNDFOR,1,2035,253.6
RE1,SD,LNDBLT,1,2020,15.0
RE1,SN,LNDBLT,1,2020,15.0
RE1,WD,LNDBLT,1,2020,15.0
RE1,WN,LNDBLT,1,2020,15.0
RE1,SD,LNDBLT,1,2021,15.15
RE1,SN,LNDBLT,1,2021,15.15
RE1,WD,LNDBLT,1,2021,15.15
RE1,WN,LNDBLT,1,2021,15.15
RE1,SD,LNDBLT,1,2022,15.3
RE1,SN,LNDBLT,1,2022,15.3
RE1,WD,LNDBLT,1,2022,15.3
RE1,WN,LNDBLT,1,2022,15.3
RE1,SD,LNDBLT,1,2023,15.45
RE1,SN,LNDBLT,1,2023,15.45
RE1,WD,LNDBLT,1,2023,15.45
RE1,WN,LNDBLT,1,2023,15.45
RE1,SD,LNDBLT,1,2024,15.61
RE1,SN,LNDBLT,1,2024,15.61
RE1,WD,LNDBLT,1,2024,15.61
RE1,WN,LNDBLT,1,2024,15.61
RE1,SD,LNDBLT,1,2025,15.77
RE1,SN,LNDBLT,1,2025,15.77
RE1,WD,LNDBLT,1,2025,15.77
RE1,WN,LNDBLT,1,2025,15.77
RE1,SD,LNDBLT,1,2026,15.92
RE1,SN,LNDBLT,1,2026,15.92
RE1,WD,LNDBLT,1,2026,15.92
RE1,WN,LNDBLT,1,2026,15.92
RE1,SD,LNDBLT,1,2027,16.08
RE1,SN,LNDBLT,1,2027,16.08
RE1,WD,LNDBLT,1,2027,16.08
RE1,WN,LNDBLT,1,2027,16.08
RE1,SD,LNDBLT,1,2028,16.24
RE1,SN,LNDBLT,1,2028,16.24
RE1,WD,LNDBLT,1,2028,16.24
RE1,WN,LNDBLT,1,2028,16.24
RE1,SD,LNDBLT,1,2029,16.41
RE1,SN,LNDBLT,1,2029,16.41
RE1,WD,LNDBLT,1,2029,16.41
RE1,WN,LNDBLT,1,2029,16.41
RE1,SD,LNDBLT,1,2030,16.57
RE1,SN,LNDBLT,1,2030,16.57
RE1,WD,LNDBLT,1,2030,16.57
RE1,WN,LNDBLT,1,2030,16.57
RE1,SD,LNDBLT,1,2031,16.74
RE1,SN,LNDBLT,1,2031,16.74
RE1,WD,LNDBLT,1,2031,16.74
RE1,WN,LNDBLT,1,2031,16.74
RE1,SD,LNDBLT,1,2032,16.9
RE1,SN,LNDBLT,1,2032,16.9
RE1,WD,LNDBLT,1,2032,16.9
RE1,WN,LNDBLT,1,2032,16.9
RE1,SD,LNDBLT,1,2033,17.07
RE1,SN,LNDBLT,1,2033,17.07
RE1,WD,LNDBLT,1,2033,17.07
RE1,WN,LNDBLT,1,2033,17.07
RE1,SD,LNDBLT,1,2034,17.24
RE1,SN,LNDBLT,1,2034,17.24
RE1,WD,LNDBLT,1,2034,17.24
RE1,WN,LNDBLT,1,2034,17.24
RE1,SD,LNDBLT,1,2035,17.41
RE1,SN,LNDBLT,1,2035,17.41
RE1,WD,LNDBLT,1,2035,17.41
RE1,WN,LNDBLT,1,2035,17.41
RE1,SD,LNDWAT,1,2020,25.021
RE1,SN,LNDWAT,1,2020,25.021
RE1,WD,LNDWAT,1,2020,25.021
RE1,WN,LNDWAT,1,2020,25.021
RE1,SD,LNDWAT,1,2021,24.6801
RE1,SN,LNDWAT,1,2021,24.6801
RE1,WD,LNDWAT,1,2021,25.8597
RE1,WN,LNDWAT,1,2021,24.6801
RE1,SD,LNDWAT,1,2022,24.357
RE1,SN,LNDWAT,1,2022,24.357
RE1,WD,LNDWAT,1,2022,26.6546
RE1,WN,LNDWAT,1,2022,24.357
RE1,SD,LNDWAT,1,2023,24.0358
RE1,SN,LNDWAT,1,2023,24.0358
RE1,WD,LNDWAT,1,2023,27.4447
RE1,WN,LNDWAT,1,2023,24.0358
RE1,SD,LNDWAT,1,2024,23.6728
RE1,SN,LNDWAT,1,2024,23.6728
RE1,WD,LNDWAT,1,2024,28.3378
RE1,WN,LNDWAT,1,2024,23.6728
RE1,SD,LNDWAT,1,2025,23.3059
RE1,SN,LNDWAT,1,2025,23.3059
RE1,WD,LNDWAT,1,2025,29.2404
RE1,WN,LNDWAT,1,2025,23.3059
RE1,SD,LNDWAT,1,2026,22.9803
RE1,SN,LNDWAT,1,2026,22.9803
RE1,WD,LNDWAT,1,2026,30.0415
RE1,WN,LNDWAT,1,2026,22.9803
RE1,SD,LNDWAT,1,2027,19.9375
RE1,SN,LNDWAT,1,2027,22.6431
RE1,WD,LNDWAT,1,2027,34.0167
RE1,WN,LNDWAT,1,2027,22.6431
RE1,SD,LNDWAT,1,2028,22.2737
RE1,SN,LNDWAT,1,2028,22.2737
RE1,WD,LNDWAT,1,2028,31.7799
RE1,WN,LNDWAT,1,2028,22.2737
RE1,SD,LNDWAT,1,2029,19.5318
RE1,SN,LNDWAT,1,2029,21.0561
RE1,WD,LNDWAT,1,2029,35.9474
RE1,WN,LNDWAT,1,2029,21.8942
RE1,SD,LNDWAT,1,2030,21.489
RE1,SN,LNDWAT,1,2030,21.489
RE1,WD,LNDWAT,1,2030,33.7104
RE1,WN,LNDWAT,1,2030,21.489
RE1,SD,LNDWAT,1,2031,21.1082
RE1,SN,LNDWAT,1,2031,21.1082
RE1,WD,LNDWAT,1,2031,34.6474
RE1,WN,LNDWAT,1,2031,21.1082
RE1,SD,LNDWAT,1,2032,20.738
RE1,SN,LNDWAT,1,2032,20.738
RE1,WD,LNDWAT,1,2032,35.558
RE1,WN,LNDWAT,1,2032,20.738
RE1,SD,LNDWAT,1,2033,18.4365
RE1,SN,LNDWAT,1,2033,18.5885
RE1,WD,LNDWAT,1,2033,39.7548
RE1,WN,LNDWAT,1,2033,20.359
RE1,SD,LNDWAT,1,2034,19.9837
RE1,SN,LNDWAT,1,2034,19.9837
RE1,WD,LNDWAT,1,2034,37.4139
RE1,WN,LNDWAT,1,2034,19.9837
RE1,SD,LNDWAT,1,2035,19.6074
RE1,SN,LNDWAT,1,2035,19.6074
RE1,WD,LNDWAT,1,2035,38.3396
RE1,WN,LNDWAT,1,2035,19.6074
RE1,SD,RSCPRC,1,2020,359.9875
RE1,SN,RSCPRC,1,2020,360.0
RE1,WD,RSCPRC,1,2020,360.0
RE1,WN,RSCPRC,1,2020,360.0
RE1,SD,RSCPRC,1,2021,354.0
RE1,SN,RSCPRC,1,2021,354.0
RE1,WD,RSCPRC,1,2021,354.0
RE1,WN,RSCPRC,1,2021,354.0
RE1,SD,RSCPRC,1,2022,351.0
RE1,SN,RSCPRC,1,2022,351.0
RE1,WD,RSCPRC,1,2022,351.0
RE1,WN,RSCPRC,1,2022,351.0
RE1,SD,RSCPRC,1,2023,345.0
RE1,SN,RSCPRC,1,2023,345.0
RE1,WD,RSCPRC,1,2023,345.0
RE1,WN,RSCPRC,1,2023,345.0
RE1,SD,RSCPRC,1,2024,342.0
RE1,SN,RSCPRC,1,2024,342.0
RE1,WD,RSCPRC,1,2024,342.0
RE1,WN,RSCPRC,1,2024,342.0
RE1,SD,RSCPRC,1,2025,336.0
RE1,SN,RSCPRC,1,2025,336.0
RE1,WD,RSCPRC,1,2025,336.0
RE1,WN,RSCPRC,1,2025,336.0
RE1,SD,RSCPRC,1,2026,333.0
RE1,SN,RSCPRC,1,2026,333.0
RE1,WD,RSCPRC,1,2026,333.0
RE1,WN,RSCPRC,1,2026,333.0
RE1,SD,RSCPRC,1,2027,327.0238
RE1,SN,RSCPRC,1,2027,330.0
RE1,WD,RSCPRC,1,2027,330.0
RE1,WN,RSCPRC,1,2027,330.0
RE1,SD,RSCPRC,1,2028,324.0
RE1,SN,RSCPRC,1,2028,324.0
RE1,WD,RSCPRC,1,2028,324.0
RE1,WN,RSCPRC,1,2028,324.0
RE1,SD,RSCPRC,1,2029,318.4722
RE1,SN,RSCPRC,1,2029,320.1032
RE1,WD,RSCPRC,1,2029,321.0
RE1,WN,RSCPRC,1,2029,321.0
RE1,SD,RSCPRC,1,2030,318.0
RE1,SN,RSCPRC,1,2030,318.0
RE1,WD,RSCPRC,1,2030,318.0
RE1,WN,RSCPRC,1,2030,318.0
RE1,SD,RSCPRC,1,2031,318.0
RE1,SN,RSCPRC,1,2031,318.0
RE1,WD,RSCPRC,1,2031,318.0
RE1,WN,RSCPRC,1,2031,318.0
RE1,SD,RSCPRC,1,2032,318.0
RE1,SN,RSCPRC,1,2032,318.0
RE1,WD,RSCPRC,1,2032,318.0
RE1,WN,RSCPRC,1,2032,318.0
RE1,SD,RSCPRC,1,2033,315.9622
RE1,SN,RSCPRC,1,2033,316.1233
RE1,WD,RSCPRC,1,2033,318.0
RE1,WN,RSCPRC,1,2033,318.0
RE1,SD,RSCPRC,1,2034,315.0
RE1,SN,RSCPRC,1,2034,315.0
RE1,WD,RSCPRC,1,2034,315.0
RE1,WN,RSCPRC,1,2034,315.0
RE1,SD,RSCPRC,1,2035,315.0
RE1,SN,RSCPRC,1,2035,315.0
RE1,WD,RSCPRC,1,2035,315.0
RE1,WN,RSCPRC,1,2035,315.0
RE1,SD,UPSWTRSUR,1,2020,0.0
RE1,SN,UPSWTRSUR,1,2020,0.0
RE1,WD,UPSWTRSUR,1,2020,0.0
RE1,WN,UPSWTRSUR,1,2020,0.0
RE1,SD,UPSWTRSUR,1,2021,0.0
RE1,SN,UPSWTRSUR,1,2021,0.0
RE1,WD,UPSWTRSUR,1,2021,0.0
RE1,WN,UPSWTRSUR,1,2021,0.0
RE1,SD,UPSWTRSUR,1,2022,0.0
RE1,SN,UPSWTRSUR,1,2022,0.0
RE1,WD,UPSWTRSUR,1,2022,0.0
RE1,WN,UPSWTRSUR,1,2022,0.0
RE1,SD,UPSWTRSUR,1,2023,0.0
RE1,SN,UPSWTRSUR,1,2023,0.0
RE1,WD,UPSWTRSUR,1,2023,0.0
RE1,WN,UPSWTRSUR,1,2023,0.0
RE1,SD,UPSWTRSUR,1,2024,0.0
RE1,SN,UPSWTRSUR,1,2024,0.0
RE1,WD,UPSWTRSUR,1,2024,0.0
RE1,WN,UPSWTRSUR,1,2024,0.0
RE1,SD,UPSWTRSUR,1,2025,0.0
RE1,SN,UPSWTRSUR,1,2025,0.0
RE1,WD,UPSWTRSUR,1,2025,0.0
RE1,WN,UPSWTRSUR,1,2025,0.0
RE1,SD,UPSWTRSUR,1,2026,0.0
RE1,SN,UPSWTRSUR,1,2026,0.0
RE1,WD,UPSWTRSUR,1,2026,0.0
RE1,WN,UPSWTRSUR,1,2026,0.0
RE1,SD,UPSWTRSUR,1,2027,0.0
RE1,SN,UPSWTRSUR,1,2027,0.0
RE1,WD,UPSWTRSUR,1,2027,0.0
RE1,WN,UPSWTRSUR,1,2027,0.0
RE1,SD,UPSWTRSUR,1,2028,0.0
RE1,SN,UPSWTRSUR,1,2028,0.0
RE1,WD,UPSWTRSUR,1,2028,0.0
RE1,WN,UPSWTRSUR,1,2028,0.0
RE1,SD,UPSWTRSUR,1,2029,0.0
RE1,SN,UPSWTRSUR,1,2029,0.0
RE1,WD,UPSWTRSUR,1,2029,0.0
RE1,WN,UPSWTRSUR,1,2029,0.0
RE1,SD,UPSWTRSUR,1,2030,0.0
RE1,SN,UPSWTRSUR,1,2030,0.0
RE1,WD,UPSWTRSUR,1,2030,0.0
RE1,WN,UPSWTRSUR,1,2030,0.0
RE1,SD,UPSWTRSUR,1,2031,0.0
RE1,SN,UPSWTRSUR,1,2031,0.0
RE1,WD,UPSWTRSUR,1,2031,0.0
RE1,WN,UPSWTRSUR,1,2031,0.0
RE1,SD,UPSWTRSUR,1,2032,0.0
RE1,SN,UPSWTRSUR,1,2032,0.0
RE1,WD,UPSWTRSUR,1,2032,0.0
RE1,WN,UPSWTRSUR,1,2032,0.0
RE1,SD,UPSWTRSUR,1,2033,0.0
RE1,SN,UPSWTRSUR,1,2033,0.0
RE1,WD,UPSWTRSUR,1,2033,0.0
RE1,WN,UPSWTRSUR,1,2033,0.0
RE1,SD,UPSWTRSUR,1,2034,0.0
RE1,SN,UPSWTRSUR,1,2034,0.0
RE1,WD,UPSWTRSUR,1,2034,0.0
RE1,WN,UPSWTRSUR,1,2034,0.0
RE1,SD,UPSWTRSUR,1,2035,0.0
RE1,SN,UPSWTRSUR,1,2035,0.0
RE1,WD,UPSWTRSUR,1,2035,0.0
RE1,WN,UPSWTRSUR,1,2035,0.0
RE1,SD,DEMPUBSURWAT,1,2020,0.92
RE1,SN,DEMPUBSURWAT,1,2020,0.4498
RE1,WD,DEMPUBSURWAT,1,2020,0.92
RE1,WN,DEMPUBSURWAT,1,2020,0.5326
RE1,SD,DEMPUBSURWAT,1,2021,1.0978
RE1,SN,DEMPUBSURWAT,1,2021,0.4816
RE1,WD,DEMPUBSURWAT,1,2021,1.0978
RE1,WN,DEMPUBSURWAT,1,2021,0.5702
RE1,SD,DEMPUBSURWAT,1,2022,1.278
RE1,SN,DEMPUBSURWAT,1,2022,0.5151
RE1,WD,DEMPUBSURWAT,1,2022,1.278
RE1,WN,DEMPUBSURWAT,1,2022,0.61
RE1,SD,DEMPUBSURWAT,1,2023,1.4718
RE1,SN,DEMPUBSURWAT,1,2023,0.5496
RE1,WD,DEMPUBSURWAT,1,2023,1.4718
RE1,WN,DEMPUBSURWAT,1,2023,0.6508
RE1,SD,DEMPUBSURWAT,1,2024,1.6609
RE1,SN,DEMPUBSURWAT,1,2024,0.5855
RE1,WD,DEMPUBSURWAT,1,2024,1.6609
RE1,WN,DEMPUBSURWAT,1,2024,0.6933
RE1,SD,DEMPUBSURWAT,1,2025,1.867
RE1,SN,DEMPUBSURWAT,1,2025,0.6232
RE1,WD,DEMPUBSURWAT,1,2025,1.867
RE1,WN,DEMPUBSURWAT,1,2025,0.7379
RE1,SD,DEMPUBSURWAT,1,2026,2.0684
RE1,SN,DEMPUBSURWAT,1,2026,0.6622
RE1,WD,DEMPUBSURWAT,1,2026,2.0684
RE1,WN,DEMPUBSURWAT,1,2026,0.7841
RE1,SD,DEMPUBSURWAT,1,2027,2.2851
RE1,SN,DEMPUBSURWAT,1,2027,0.7026
RE1,WD,DEMPUBSURWAT,1,2027,2.2851
RE1,WN,DEMPUBSURWAT,1,2027,0.832
RE1,SD,DEMPUBSURWAT,1,2028,2.5005
RE1,SN,DEMPUBSURWAT,1,2028,0.7453
RE1,WD,DEMPUBSURWAT,1,2028,2.5005
RE1,WN,DEMPUBSURWAT,1,2028,0.8825
RE1,SD,DEMPUBSURWAT,1,2029,2.7313
RE1,SN,DEMPUBSURWAT,1,2029,0.7893
RE1,WD,DEMPUBSURWAT,1,2029,2.7313
RE1,WN,DEMPUBSURWAT,1,2029,0.9346
RE1,SD,DEMPUBSURWAT,1,2030,2.9609
RE1,SN,DEMPUBSURWAT,1,2030,0.8356
RE1,WD,DEMPUBSURWAT,1,2030,2.9609
RE1,WN,DEMPUBSURWAT,1,2030,0.9894
RE1,SD,DEMPUBSURWAT,1,2031,3.2075
RE1,SN,DEMPUBSURWAT,1,2031,0.8837
RE1,WD,DEMPUBSURWAT,1,2031,3.2075
RE1,WN,DEMPUBSURWAT,1,2031,1.0464
RE1,SD,DEMPUBSURWAT,1,2032,3.3901
RE1,SN,DEMPUBSURWAT,1,2032,0.9336
RE1,WD,DEMPUBSURWAT,1,2032,3.4511
RE1,WN,DEMPUBSURWAT,1,2032,1.1055
RE1,SD,DEMPUBSURWAT,1,2033,3.5796
RE1,SN,DEMPUBSURWAT,1,2033,0.9858
RE1,WD,DEMPUBSURWAT,1,2033,3.7135
RE1,WN,DEMPUBSURWAT,1,2033,1.1673
RE1,SD,DEMPUBSURWAT,1,2034,3.7774
RE1,SN,DEMPUBSURWAT,1,2034,1.0403
RE1,WD,DEMPUBSURWAT,1,2034,3.9748
RE1,WN,DEMPUBSURWAT,1,2034,1.2318
RE1,SD,DEMPUBSURWAT,1,2035,3.985
RE1,SN,DEMPUBSURWAT,1,2035,1.0975
RE1,WD,DEMPUBSURWAT,1,2035,4.2566
RE1,WN,DEMPUBSURWAT,1,2035,1.2995
RE1,SD,DEMPUBGWTWAT,1,2020,0.7132
RE1,SN,DEMPUBGWTWAT,1,2020,0.0
RE1,WD,DEMPUBGWTWAT,1,2020,0.8245
RE1,WN,DEMPUBGWTWAT,1,2020,0.0
RE1,SD,DEMPUBGWTWAT,1,2021,0.6508
RE1,SN,DEMPUBGWTWAT,1,2021,0.0
RE1,WD,DEMPUBGWTWAT,1,2021,0.77
RE1,WN,DEMPUBGWTWAT,1,2021,0.0
RE1,SD,DEMPUBGWTWAT,1,2022,0.5925
RE1,SN,DEMPUBGWTWAT,1,2022,0.0
RE1,WD,DEMPUBGWTWAT,1,2022,0.72
RE1,WN,DEMPUBGWTWAT,1,2022,0.0
RE1,SD,DEMPUBGWTWAT,1,2023,0.524
RE1,SN,DEMPUBGWTWAT,1,2023,0.0
RE1,WD,DEMPUBGWTWAT,1,2023,0.66
RE1,WN,DEMPUBGWTWAT,1,2023,0.0
RE1,SD,DEMPUBGWTWAT,1,2024,0.4651
RE1,SN,DEMPUBGWTWAT,1,2024,0.0
RE1,WD,DEMPUBGWTWAT,1,2024,0.61
RE1,WN,DEMPUBGWTWAT,1,2024,0.0
RE1,SD,DEMPUBGWTWAT,1,2025,0.3958
RE1,SN,DEMPUBGWTWAT,1,2025,0.0
RE1,WD,DEMPUBGWTWAT,1,2025,0.55
RE1,WN,DEMPUBGWTWAT,1,2025,0.0
RE1,SD,DEMPUBGWTWAT,1,2026,0.3361
RE1,SN,DEMPUBGWTWAT,1,2026,0.0
RE1,WD,DEMPUBGWTWAT,1,2026,0.5
RE1,WN,DEMPUBGWTWAT,1,2026,0.0
RE1,SD,DEMPUBGWTWAT,1,2027,0.2661
RE1,SN,DEMPUBGWTWAT,1,2027,0.0
RE1,WD,DEMPUBGWTWAT,1,2027,0.44
RE1,WN,DEMPUBGWTWAT,1,2027,0.0
RE1,SD,DEMPUBGWTWAT,1,2028,0.2056
RE1,SN,DEMPUBGWTWAT,1,2028,0.0
RE1,WD,DEMPUBGWTWAT,1,2028,0.39
RE1,WN,DEMPUBGWTWAT,1,2028,0.0
RE1,SD,DEMPUBGWTWAT,1,2029,0.1347
RE1,SN,DEMPUBGWTWAT,1,2029,0.0
RE1,WD,DEMPUBGWTWAT,1,2029,0.33
RE1,WN,DEMPUBGWTWAT,1,2029,0.0
RE1,SD,DEMPUBGWTWAT,1,2030,0.0732
RE1,SN,DEMPUBGWTWAT,1,2030,0.0
RE1,WD,DEMPUBGWTWAT,1,2030,0.28
RE1,WN,DEMPUBGWTWAT,1,2030,0.0
RE1,SD,DEMPUBGWTWAT,1,2031,0.0013
RE1,SN,DEMPUBGWTWAT,1,2031,0.0
RE1,WD,DEMPUBGWTWAT,1,2031,0.22
RE1,WN,DEMPUBGWTWAT,1,2031,0.0
RE1,SD,DEMPUBGWTWAT,1,2032,0.0
RE1,SN,DEMPUBGWTWAT,1,2032,0.0
RE1,WD,DEMPUBGWTWAT,1,2032,0.17
RE1,WN,DEMPUBGWTWAT,1,2032,0.0
RE1,SD,DEMPUBGWTWAT,1,2033,0.0
RE1,SN,DEMPUBGWTWAT,1,2033,0.0
RE1,WD,DEMPUBGWTWAT,1,2033,0.11
RE1,WN,DEMPUBGWTWAT,1,2033,0.0
RE1,SD,DEMPUBGWTWAT,1,2034,0.0
RE1,SN,DEMPUBGWTWAT,1,2034,0.0
RE1,WD,DEMPUBGWTWAT,1,2034,0.06
RE1,WN,DEMPUBGWTWAT,1,2034,0.0
RE1,SD,DEMPUBGWTWAT,1,2035,0.0
RE1,SN,DEMPUBGWTWAT,1,2035,0.0
RE1,WD,DEMPUBGWTWAT,1,2035,0.0
RE1,WN,DEMPUBGWTWAT,1,2035,0.0
RE1,SD,DEMAGRSURWAT,1,2020,0.4866
RE1,SN,DEMAGRSURWAT,1,2020,0.4866
RE1,WD,DEMAGRSURWAT,1,2020,0.4866
RE1,WN,DEMAGRSURWAT,1,2020,0.4866
RE1,SD,DEMAGRSURWAT,1,2021,0.5371
RE1,SN,DEMAGRSURWAT,1,2021,0.5371
RE1,WD,DEMAGRSURWAT,1,2021,0.5371
RE1,WN,DEMAGRSURWAT,1,2021,0.5371
RE1,SD,DEMAGRSURWAT,1,2022,0.5776
RE1,SN,DEMAGRSURWAT,1,2022,0.5776
RE1,WD,DEMAGRSURWAT,1,2022,0.5776
RE1,WN,DEMAGRSURWAT,1,2022,0.5776
RE1,SD,DEMAGRSURWAT,1,2023,0.6353
RE1,SN,DEMAGRSURWAT,1,2023,0.6353
RE1,WD,DEMAGRSURWAT,1,2023,0.6353
RE1,WN,DEMAGRSURWAT,1,2023,0.6353
RE1,SD,DEMAGRSURWAT,1,2024,0.6822
RE1,SN,DEMAGRSURWAT,1,2024,0.6822
RE1,WD,DEMAGRSURWAT,1,2024,0.6822
RE1,WN,DEMAGRSURWAT,1,2024,0.6822
RE1,SD,DEMAGRSURWAT,1,2025,0.67
RE1,SN,DEMAGRSURWAT,1,2025,0.67
RE1,WD,DEMAGRSURWAT,1,2025,0.67
RE1,WN,DEMAGRSURWAT,1,2025,0.67
RE1,SD,DEMAGRSURWAT,1,2026,0.6
RE1,SN,DEMAGRSURWAT,1,2026,0.6
RE1,WD,DEMAGRSURWAT,1,2026,0.6
RE1,WN,DEMAGRSURWAT,1,2026,0.6
RE1,SD,DEMAGRSURWAT,1,2027,0.5896
RE1,SN,DEMAGRSURWAT,1,2027,0.5896
RE1,WD,DEMAGRSURWAT,1,2027,0.5896
RE1,WN,DEMAGRSURWAT,1,2027,0.5896
RE1,SD,DEMAGRSURWAT,1,2028,0.7093
RE1,SN,DEMAGRSURWAT,1,2028,0.7093
RE1,WD,DEMAGRSURWAT,1,2028,0.7093
RE1,WN,DEMAGRSURWAT,1,2028,0.7093
RE1,SD,DEMAGRSURWAT,1,2029,0.8056
RE1,SN,DEMAGRSURWAT,1,2029,0.8056
RE1,WD,DEMAGRSURWAT,1,2029,0.8056
RE1,WN,DEMAGRSURWAT,1,2029,0.8056
RE1,SD,DEMAGRSURWAT,1,2030,0.9061
RE1,SN,DEMAGRSURWAT,1,2030,0.9061
RE1,WD,DEMAGRSURWAT,1,2030,0.9061
RE1,WN,DEMAGRSURWAT,1,2030,0.9061
RE1,SD,DEMAGRSURWAT,1,2031,0.9999
RE1,SN,DEMAGRSURWAT,1,2031,0.9999
RE1,WD,DEMAGRSURWAT,1,2031,0.9999
RE1,WN,DEMAGRSURWAT,1,2031,0.9999
RE1,SD,DEMAGRSURWAT,1,2032,1.0864
RE1,SN,DEMAGRSURWAT,1,2032,1.0864
RE1,WD,DEMAGRSURWAT,1,2032,1.0864
RE1,WN,DEMAGRSURWAT,1,2032,1.0864
RE1,SD,DEMAGRSURWAT,1,2033,1.1757
RE1,SN,DEMAGRSURWAT,1,2033,1.1757
RE1,WD,DEMAGRSURWAT,1,2033,1.1757
RE1,WN,DEMAGRSURWAT,1,2033,1.1757
RE1,SD,DEMAGRSURWAT,1,2034,1.3026
RE1,SN,DEMAGRSURWAT,1,2034,1.3026
RE1,WD,DEMAGRSURWAT,1,2034,1.3026
RE1,WN,DEMAGRSURWAT,1,2034,1.3026
RE1,SD,DEMAGRSURWAT,1,2035,1.3993
RE1,SN,DEMAGRSURWAT,1,2035,1.3993
RE1,WD,DEMAGRSURWAT,1,2035,1.3993
RE1,WN,DEMAGRSURWAT,1,2035,1.3993
RE1,SD,DEMAGRGWTWAT,1,2020,0.0
RE1,SN,DEMAGRGWTWAT,1,2020,0.0
RE1,WD,DEMAGRGWTWAT,1,2020,0.0
RE1,WN,DEMAGRGWTWAT,1,2020,0.0
RE1,SD,DEMAGRGWTWAT,1,2021,0.0
RE1,SN,DEMAGRGWTWAT,1,2021,0.0
RE1,WD,DEMAGRGWTWAT,1,2021,0.0
RE1,WN,DEMAGRGWTWAT,1,2021,0.0
RE1,SD,DEMAGRGWTWAT,1,2022,0.0
RE1,SN,DEMAGRGWTWAT,1,2022,0.0
RE1,WD,DEMAGRGWTWAT,1,2022,0.0
RE1,WN,DEMAGRGWTWAT,1,2022,0.0
RE1,SD,DEMAGRGWTWAT,1,2023,0.0
RE1,SN,DEMAGRGWTWAT,1,2023,0.0
RE1,WD,DEMAGRGWTWAT,1,2023,0.0
RE1,WN,DEMAGRGWTWAT,1,2023,0.0
RE1,SD,DEMAGRGWTWAT,1,2024,0.0
RE1,SN,DEMAGRGWTWAT,1,2024,0.0
RE1,WD,DEMAGRGWTWAT,1,2024,0.0
RE1,WN,DEMAGRGWTWAT,1,2024,0.0
RE1,SD,DEMAGRGWTWAT,1,2025,0.078
RE1,SN,DEMAGRGWTWAT,1,2025,0.078
RE1,WD,DEMAGRGWTWAT,1,2025,0.078
RE1,WN,DEMAGRGWTWAT,1,2025,0.078
RE1,SD,DEMAGRGWTWAT,1,2026,0.202
RE1,SN,DEMAGRGWTWAT,1,2026,0.202
RE1,WD,DEMAGRGWTWAT,1,2026,0.202
RE1,WN,DEMAGRGWTWAT,1,2026,0.202
RE1,SD,DEMAGRGWTWAT,1,2027,0.27
RE1,SN,DEMAGRGWTWAT,1,2027,0.27
RE1,WD,DEMAGRGWTWAT,1,2027,0.27
RE1,WN,DEMAGRGWTWAT,1,2027,0.27
RE1,SD,DEMAGRGWTWAT,1,2028,0.23
RE1,SN,DEMAGRGWTWAT,1,2028,0.23
RE1,WD,DEMAGRGWTWAT,1,2028,0.23
RE1,WN,DEMAGRGWTWAT,1,2028,0.23
RE1,SD,DEMAGRGWTWAT,1,2029,0.2
RE1,SN,DEMAGRGWTWAT,1,2029,0.2
RE1,WD,DEMAGRGWTWAT,1,2029,0.2
RE1,WN,DEMAGRGWTWAT,1,2029,0.2
RE1,SD,DEMAGRGWTWAT,1,2030,0.17
RE1,SN,DEMAGRGWTWAT,1,2030,0.17
RE1,WD,DEMAGRGWTWAT,1,2030,0.17
RE1,WN,DEMAGRGWTWAT,1,2030,0.17
RE1,SD,DEMAGRGWTWAT,1,2031,0.13
RE1,SN,DEMAGRGWTWAT,1,2031,0.13
RE1,WD,DEMAGRGWTWAT,1,2031,0.13
RE1,WN,DEMAGRGWTWAT,1,2031,0.13
RE1,SD,DEMAGRGWTWAT,1,2032,0.1
RE1,SN,DEMAGRGWTWAT,1,2032,0.1
RE1,WD,DEMAGRGWTWAT,1,2032,0.1
RE1,WN,DEMAGRGWTWAT,1,2032,0.1
RE1,SD,DEMAGRGWTWAT,1,2033,0.07
RE1,SN,DEMAGRGWTWAT,1,2033,0.07
RE1,WD,DEMAGRGWTWAT,1,2033,0.07
RE1,WN,DEMAGRGWTWAT,1,2033,0.07
RE1,SD,DEMAGRGWTWAT,1,2034,0.03
RE1,SN,DEMAGRGWTWAT,1,2034,0.03
RE1,WD,DEMAGRGWTWAT,1,2034,0.03
RE1,WN,DEMAGRGWTWAT,1,2034,0.03
RE1,SD,DEMAGRGWTWAT,1,2035,0.0
RE1,SN,DEMAGRGWTWAT,1,2035,0.0
RE1,WD,DEMAGRGWTWAT,1,2035,0.0
RE1,WN,DEMAGRGWTWAT,1,2035,0.0
RE1,SD,DEMPWRSURWAT,1,2020,0.1122
RE1,SN,DEMPWRSURWAT,1,2020,0.0715
RE1,WD,DEMPWRSURWAT,1,2020,0.1459
RE1,WN,DEMPWRSURWAT,1,2020,0.0994
RE1,SD,DEMPWRSURWAT,1,2021,0.1244
RE1,SN,DEMPWRSURWAT,1,2021,0.0821
RE1,WD,DEMPWRSURWAT,1,2021,0.1459
RE1,WN,DEMPWRSURWAT,1,2021,0.0813
RE1,SD,DEMPWRSURWAT,1,2022,0.138
RE1,SN,DEMPWRSURWAT,1,2022,0.1004
RE1,WD,DEMPWRSURWAT,1,2022,0.1459
RE1,WN,DEMPWRSURWAT,1,2022,0.0612
RE1,SD,DEMPWRSURWAT,1,2023,0.1326
RE1,SN,DEMPWRSURWAT,1,2023,0.0999
RE1,WD,DEMPWRSURWAT,1,2023,0.1459
RE1,WN,DEMPWRSURWAT,1,2023,0.0643
RE1,SD,DEMPWRSURWAT,1,2024,0.1251
RE1,SN,DEMPWRSURWAT,1,2024,0.1018
RE1,WD,DEMPWRSURWAT,1,2024,0.1459
RE1,WN,DEMPWRSURWAT,1,2024,0.0682
RE1,SD,DEMPWRSURWAT,1,2025,0.118
RE1,SN,DEMPWRSURWAT,1,2025,0.1044
RE1,WD,DEMPWRSURWAT,1,2025,0.1459
RE1,WN,DEMPWRSURWAT,1,2025,0.0723
RE1,SD,DEMPWRSURWAT,1,2026,0.0966
RE1,SN,DEMPWRSURWAT,1,2026,0.0966
RE1,WD,DEMPWRSURWAT,1,2026,0.1117
RE1,WN,DEMPWRSURWAT,1,2026,0.078
RE1,SD,DEMPWRSURWAT,1,2027,0.0966
RE1,SN,DEMPWRSURWAT,1,2027,0.0966
RE1,WD,DEMPWRSURWAT,1,2027,0.1117
RE1,WN,DEMPWRSURWAT,1,2027,0.0791
RE1,SD,DEMPWRSURWAT,1,2028,0.0966
RE1,SN,DEMPWRSURWAT,1,2028,0.0966
RE1,WD,DEMPWRSURWAT,1,2028,0.1117
RE1,WN,DEMPWRSURWAT,1,2028,0.0802
RE1,SD,DEMPWRSURWAT,1,2029,0.0966
RE1,SN,DEMPWRSURWAT,1,2029,0.0966
RE1,WD,DEMPWRSURWAT,1,2029,0.1117
RE1,WN,DEMPWRSURWAT,1,2029,0.0834
RE1,SD,DEMPWRSURWAT,1,2030,0.0966
RE1,SN,DEMPWRSURWAT,1,2030,0.0966
RE1,WD,DEMPWRSURWAT,1,2030,0.1117
RE1,WN,DEMPWRSURWAT,1,2030,0.0867
RE1,SD,DEMPWRSURWAT,1,2031,0.0966
RE1,SN,DEMPWRSURWAT,1,2031,0.0966
RE1,WD,DEMPWRSURWAT,1,2031,0.1117
RE1,WN,DEMPWRSURWAT,1,2031,0.091
RE1,SD,DEMPWRSURWAT,1,2032,0.0966
RE1,SN,DEMPWRSURWAT,1,2032,0.0966
RE1,WD,DEMPWRSURWAT,1,2032,0.1117
RE1,WN,DEMPWRSURWAT,1,2032,0.0967
RE1,SD,DEMPWRSURWAT,1,2033,0.0966
RE1,SN,DEMPWRSURWAT,1,2033,0.0984
RE1,WD,DEMPWRSURWAT,1,2033,0.1117
RE1,WN,DEMPWRSURWAT,1,2033,0.0979
RE1,SD,DEMPWRSURWAT,1,2034,0.0966
RE1,SN,DEMPWRSURWAT,1,2034,0.1004
RE1,WD,DEMPWRSURWAT,1,2034,0.1117
RE1,WN,DEMPWRSURWAT,1,2034,0.0992
RE1,SD,DEMPWRSURWAT,1,2035,0.0966
RE1,SN,DEMPWRSURWAT,1,2035,0.1026
RE1,WD,DEMPWRSURWAT,1,2035,0.1117
RE1,WN,DEMPWRSURWAT,1,2035,0.1007
RE1,SD,IMPDSL,1,2020,2.3784
RE1,SN,IMPDSL,1,2020,2.3784
RE1,WD,IMPDSL,1,2020,2.3784
RE1,WN,IMPDSL,1,2020,2.3784
RE1,SD,IMPDSL,1,2021,2.5106
RE1,SN,IMPDSL,1,2021,2.5106
RE1,WD,IMPDSL,1,2021,2.5106
RE1,WN,IMPDSL,1,2021,2.5106
RE1,SD,IMPDSL,1,2022,2.6071
RE1,SN,IMPDSL,1,2022,2.6071
RE1,WD,IMPDSL,1,2022,2.6071
RE1,WN,IMPDSL,1,2022,2.6071
RE1,SD,IMPDSL,1,2023,2.7537
RE1,SN,IMPDSL,1,2023,2.7537
RE1,WD,IMPDSL,1,2023,2.7537
RE1,WN,IMPDSL,1,2023,2.7537
RE1,SD,IMPDSL,1,2024,2.8333
RE1,SN,IMPDSL,1,2024,2.8333
RE1,WD,IMPDSL,1,2024,2.8333
RE1,WN,IMPDSL,1,2024,2.8333
RE1,SD,IMPDSL,1,2025,2.9103
RE1,SN,IMPDSL,1,2025,2.9103
RE1,WD,IMPDSL,1,2025,2.9103
RE1,WN,IMPDSL,1,2025,2.9103
RE1,SD,IMPDSL,1,2026,3.4705
RE1,SN,IMPDSL,1,2026,3.4705
RE1,WD,IMPDSL,1,2026,3.4705
RE1,WN,IMPDSL,1,2026,3.4705
RE1,SD,IMPDSL,1,2027,3.0537
RE1,SN,IMPDSL,1,2027,3.0537
RE1,WD,IMPDSL,1,2027,3.0537
RE1,WN,IMPDSL,1,2027,3.0537
RE1,SD,IMPDSL,1,2028,3.1413
RE1,SN,IMPDSL,1,2028,3.1413
RE1,WD,IMPDSL,1,2028,3.1413
RE1,WN,IMPDSL,1,2028,3.1413
RE1,SD,IMPDSL,1,2029,3.2455
RE1,SN,IMPDSL,1,2029,3.2455
RE1,WD,IMPDSL,1,2029,3.2455
RE1,WN,IMPDSL,1,2029,3.2455
RE1,SD,IMPDSL,1,2030,3.3442
RE1,SN,IMPDSL,1,2030,3.3442
RE1,WD,IMPDSL,1,2030,3.3442
RE1,WN,IMPDSL,1,2030,3.3442
RE1,SD,IMPDSL,1,2031,3.4312
RE1,SN,IMPDSL,1,2031,3.4312
RE1,WD,IMPDSL,1,2031,3.4312
RE1,WN,IMPDSL,1,2031,3.4312
RE1,SD,IMPDSL,1,2032,3.5376
RE1,SN,IMPDSL,1,2032,3.5376
RE1,WD,IMPDSL,1,2032,3.5376
RE1,WN,IMPDSL,1,2032,3.5376
RE1,SD,IMPDSL,1,2033,3.6178
RE1,SN,IMPDSL,1,2033,3.6178
RE1,WD,IMPDSL,1,2033,3.6178
RE1,WN,IMPDSL,1,2033,3.6178
RE1,SD,IMPDSL,1,2034,3.7288
RE1,SN,IMPDSL,1,2034,3.7288
RE1,WD,IMPDSL,1,2034,3.7288
RE1,WN,IMPDSL,1,2034,3.7288
RE1,SD,IMPDSL,1,2035,3.8166
RE1,SN,IMPDSL,1,2035,3.8166
RE1,WD,IMPDSL,1,2035,3.8166
RE1,WN,IMPDSL,1,2035,3.8166
RE1,SD,DEMTRABIO,1,2020,1.1848
RE1,SN,DEMTRABIO,1,2020,1.1848
RE1,WD,DEMTRABIO,1,2020,1.1848
RE1,WN,DEMTRABIO,1,2020,1.1848
RE1,SD,DEMTRABIO,1,2021,1.2204
RE1,SN,DEMTRABIO,1,2021,1.2204
RE1,WD,DEMTRABIO,1,2021,1.2204
RE1,WN,DEMTRABIO,1,2021,1.2204
RE1,SD,DEMTRABIO,1,2022,1.2559
RE1,SN,DEMTRABIO,1,2022,1.2559
RE1,WD,DEMTRABIO,1,2022,1.2559
RE1,WN,DEMTRABIO,1,2022,1.2559
RE1,SD,DEMTRABIO,1,2023,1.2915
RE1,SN,DEMTRABIO,1,2023,1.2915
RE1,WD,DEMTRABIO,1,2023,1.2915
RE1,WN,DEMTRABIO,1,2023,1.2915
RE1,SD,DEMTRABIO,1,2024,1.327
RE1,SN,DEMTRABIO,1,2024,1.327
RE1,WD,DEMTRABIO,1,2024,1.327
RE1,WN,DEMTRABIO,1,2024,1.327
RE1,SD,DEMTRABIO,1,2025,1.3744
RE1,SN,DEMTRABIO,1,2025,1.3744
RE1,WD,DEMTRABIO,1,2025,1.3744
RE1,WN,DEMTRABIO,1,2025,1.3744
RE1,SD,DEMTRABIO,1,2026,1.41
RE1,SN,DEMTRABIO,1,2026,1.41
RE1,WD,DEMTRABIO,1,2026,1.41
RE1,WN,DEMTRABIO,1,2026,1.41
RE1,SD,DEMTRABIO,1,2027,1.4455
RE1,SN,DEMTRABIO,1,2027,1.4455
RE1,WD,DEMTRABIO,1,2027,1.4455
RE1,WN,DEMTRABIO,1,2027,1.4455
RE1,SD,DEMTRABIO,1,2028,1.4929
RE1,SN,DEMTRABIO,1,2028,1.4929
RE1,WD,DEMTRABIO,1,2028,1.4929
RE1,WN,DEMTRABIO,1,2028,1.4929
RE1,SD,DEMTRABIO,1,2029,1.5403
RE1,SN,DEMTRABIO,1,2029,1.5403
RE1,WD,DEMTRABIO,1,2029,1.5403
RE1,WN,DEMTRABIO,1,2029,1.5403
RE1,SD,DEMTRABIO,1,2030,1.5877
RE1,SN,DEMTRABIO,1,2030,1.5877
RE1,WD,DEMTRABIO,1,2030,1.5877
RE1,WN,DEMTRABIO,1,2030,1.5877
RE1,SD,DEMTRABIO,1,2031,1.6351
RE1,SN,DEMTRABIO,1,2031,1.6351
RE1,WD,DEMTRABIO,1,2031,1.6351
RE1,WN,DEMTRABIO,1,2031,1.6351
RE1,SD,DEMTRABIO,1,2032,1.6825
RE1,SN,DEMTRABIO,1,2032,1.6825
RE1,WD,DEMTRABIO,1,2032,1.6825
RE1,WN,DEMTRABIO,1,2032,1.6825
RE1,SD,DEMTRABIO,1,2033,1.7299
RE1,SN,DEMTRABIO,1,2033,1.7299
RE1,WD,DEMTRABIO,1,2033,1.7299
RE1,WN,DEMTRABIO,1,2033,1.7299
RE1,SD,DEMTRABIO,1,2034,1.7773
RE1,SN,DEMTRABIO,1,2034,1.7773
RE1,WD,DEMTRABIO,1,2034,1.7773
RE1,WN,DEMTRABIO,1,2034,1.7773
RE1,SD,DEMTRABIO,1,2035,1.8246
RE1,SN,DEMTRABIO,1,2035,1.8246
RE1,WD,DEMTRABIO,1,2035,1.8246
RE1,WN,DEMTRABIO,1,2035,1.8246
RE1,SD,STGIN,1,2020,0.0
RE1,SN,STGIN,1,2020,0.0
RE1,WD,STGIN,1,2020,0.0
RE1,WN,STGIN,1,2020,0.0
RE1,SD,STGIN,1,2021,10.3981
RE1,SN,STGIN,1,2021,10.3981
RE1,WD,STGIN,1,2021,0.0
RE1,WN,STGIN,1,2021,0.0
RE1,SD,STGIN,1,2022,22.9363
RE1,SN,STGIN,1,2022,26.5091
RE1,WD,STGIN,1,2022,0.0
RE1,WN,STGIN,1,2022,0.0
RE1,SD,STGIN,1,2023,24.1272
RE1,SN,STGIN,1,2023,24.1272
RE1,WD,STGIN,1,2023,0.0
RE1,WN,STGIN,1,2023,0.0
RE1,SD,STGIN,1,2024,24.1272
RE1,SN,STGIN,1,2024,24.1272
RE1,WD,STGIN,1,2024,0.0
RE1,WN,STGIN,1,2024,0.0
RE1,SD,STGIN,1,2025,24.1272
RE1,SN,STGIN,1,2025,24.1272
RE1,WD,STGIN,1,2025,0.0
RE1,WN,STGIN,1,2025,0.0
RE1,SD,STGIN,1,2026,29.1688
RE1,SN,STGIN,1,2026,14.0441
RE1,WD,STGIN,1,2026,0.0
RE1,WN,STGIN,1,2026,0.0
RE1,SD,STGIN,1,2027,35.9539
RE1,SN,STGIN,1,2027,10.3231
RE1,WD,STGIN,1,2027,0.0
RE1,WN,STGIN,1,2027,0.0
RE1,SD,STGIN,1,2028,43.1207
RE1,SN,STGIN,1,2028,6.0212
RE1,WD,STGIN,1,2028,0.0
RE1,WN,STGIN,1,2028,0.0
RE1,SD,STGIN,1,2029,51.3147
RE1,SN,STGIN,1,2029,0.5786
RE1,WD,STGIN,1,2029,0.0
RE1,WN,STGIN,1,2029,0.0
RE1,SD,STGIN,1,2030,59.8277
RE1,SN,STGIN,1,2030,0.0
RE1,WD,STGIN,1,2030,0.0
RE1,WN,STGIN,1,2030,0.0
RE1,SD,STGIN,1,2031,68.4949
RE1,SN,STGIN,1,2031,0.0
RE1,WD,STGIN,1,2031,0.0
RE1,WN,STGIN,1,2031,0.0
RE1,SD,STGIN,1,2032,78.0632
RE1,SN,STGIN,1,2032,0.0
RE1,WD,STGIN,1,2032,0.0
RE1,WN,STGIN,1,2032,0.0
RE1,SD,STGIN,1,2033,87.0075
RE1,SN,STGIN,1,2033,0.0
RE1,WD,STGIN,1,2033,0.0
RE1,WN,STGIN,1,2033,0.0
RE1,SD,STGIN,1,2034,97.4046
RE1,SN,STGIN,1,2034,0.0
RE1,WD,STGIN,1,2034,0.0
RE1,WN,STGIN,1,2034,0.0
RE1,SD,STGIN,1,2035,107.8308
RE1,SN,STGIN,1,2035,0.0
RE1,WD,STGIN,1,2035,0.0
RE1,WN,STGIN,1,2035,0.0
RE1,SD,STGOUT,1,2020,0.0
RE1,SN,STGOUT,1,2020,0.0
RE1,WD,STGOUT,1,2020,0.0
RE1,WN,STGOUT,1,2020,0.0
RE1,SD,STGOUT,1,2021,0.0
RE1,SN,STGOUT,1,2021,0.0
RE1,WD,STGOUT,1,2021,5.2406
RE1,WN,STGOUT,1,2021,18.0004
RE1,SD,STGOUT,1,2022,0.0
RE1,SN,STGOUT,1,2022,0.0
RE1,WD,STGOUT,1,2022,12.1601
RE1,WN,STGOUT,1,2022,41.7674
RE1,SD,STGOUT,1,2023,0.0
RE1,SN,STGOUT,1,2023,0.0
RE1,WD,STGOUT,1,2023,12.1601
RE1,WN,STGOUT,1,2023,41.7674
RE1,SD,STGOUT,1,2024,0.0
RE1,SN,STGOUT,1,2024,0.0
RE1,WD,STGOUT,1,2024,12.1601
RE1,WN,STGOUT,1,2024,41.7674
RE1,SD,STGOUT,1,2025,0.0
RE1,SN,STGOUT,1,2025,0.0
RE1,WD,STGOUT,1,2025,12.1601
RE1,WN,STGOUT,1,2025,41.7674
RE1,SD,STGOUT,1,2026,0.0
RE1,SN,STGOUT,1,2026,0.0
RE1,WD,STGOUT,1,2026,12.1601
RE1,WN,STGOUT,1,2026,41.7674
RE1,SD,STGOUT,1,2027,0.0
RE1,SN,STGOUT,1,2027,0.0
RE1,WD,STGOUT,1,2027,13.8148
RE1,WN,STGOUT,1,2027,47.4508
RE1,SD,STGOUT,1,2028,0.0
RE1,SN,STGOUT,1,2028,0.0
RE1,WD,STGOUT,1,2028,15.5001
RE1,WN,STGOUT,1,2028,53.2395
RE1,SD,STGOUT,1,2029,0.0
RE1,SN,STGOUT,1,2029,0.0
RE1,WD,STGOUT,1,2029,17.339
RE1,WN,STGOUT,1,2029,59.5555
RE1,SD,STGOUT,1,2030,0.0
RE1,SN,STGOUT,1,2030,5.7292
RE1,WD,STGOUT,1,2030,19.1396
RE1,WN,STGOUT,1,2030,65.7403
RE1,SD,STGOUT,1,2031,0.0
RE1,SN,STGOUT,1,2031,12.681
RE1,WD,STGOUT,1,2031,20.8839
RE1,WN,STGOUT,1,2031,71.7316
RE1,SD,STGOUT,1,2032,0.0
RE1,SN,STGOUT,1,2032,20.8451
RE1,WD,STGOUT,1,2032,22.7273
RE1,WN,STGOUT,1,2032,78.0632
RE1,SD,STGOUT,1,2033,0.0
RE1,SN,STGOUT,1,2033,23.2335
RE1,WD,STGOUT,1,2033,25.3313
RE1,WN,STGOUT,1,2033,87.0075
RE1,SD,STGOUT,1,2034,0.0
RE1,SN,STGOUT,1,2034,26.0098
RE1,WD,STGOUT,1,2034,28.3583
RE1,WN,STGOUT,1,2034,97.4046
RE1,SD,STGOUT,1,2035,0.0
RE1,SN,STGOUT,1,2035,28.7939
RE1,WD,STGOUT,1,2035,31.3938
RE1,WN,STGOUT,1,2035,107.8308
