r,s,ls,ld,y,StorageLevelDayTypeFinish
RE1,PMPSRG,1,1,2020,0.0
RE1,PMPSRG,1,1,2021,10.3981
RE1,PMPSRG,1,1,2022,26.5091
RE1,PMPSRG,1,1,2023,24.1272
RE1,PMPSRG,1,1,2024,24.1272
RE1,PMPSRG,1,1,2025,24.1272
RE1,PMPSRG,1,1,2026,14.0441
RE1,PMPSRG,1,1,2027,10.3231
RE1,PMPSRG,1,1,2028,6.0212
RE1,PMPSRG,1,1,2029,0.5786
RE1,PMPSRG,1,1,2030,0.0
RE1,PMPSRG,1,1,2031,59.0506
RE1,PMPSRG,1,1,2032,57.2181
RE1,PMPSRG,1,1,2033,63.774
RE1,PMPSRG,1,1,2034,71.3948
RE1,PMPSRG,1,1,2035,79.0369
RE1,PMPSRG,2,1,2020,0.0
RE1,PMPSRG,2,1,2021,0.0
RE1,PMPSRG,2,1,2022,0.0
RE1,PMPSRG,2,1,2023,0.0
RE1,PMPSRG,2,1,2024,0.0
RE1,PMPSRG,2,1,2025,0.0
RE1,PMPSRG,2,1,2026,0.0
RE1,PMPSRG,2,1,2027,0.0
RE1,PMPSRG,2,1,2028,0.0
RE1,PMPSRG,2,1,2029,0.0
RE1,PMPSRG,2,1,2030,0.0
RE1,PMPSRG,2,1,2031,0.0
RE1,PMPSRG,2,1,2032,0.0
RE1,PMPSRG,2,1,2033,0.0
RE1,PMPSRG,2,1,2034,0.0
RE1,PMPSRG,2,1,2035,0.0
