r,s,ls,y,StorageLevelSeasonStart
RE1,PMPSRG,1,2020,0.0
RE1,PMPSRG,1,2021,0.0
RE1,PMPSRG,1,2022,0.0
RE1,PMPSRG,1,2023,0.0
RE1,PMPSRG,1,2024,0.0
RE1,PMPSRG,1,2025,0.0
RE1,PMPSRG,1,2026,0.0
RE1,PMPSRG,1,2027,0.0
RE1,PMPSRG,1,2028,0.0
RE1,PMPSRG,1,2029,0.0
RE1,PMPSRG,1,2030,0.0
RE1,PMPSRG,1,2031,0.0
RE1,PMPSRG,1,2032,0.0
RE1,PMPSRG,1,2033,0.0
RE1,PMPSRG,1,2034,0.0
RE1,PMPSRG,1,2035,0.0
RE1,PMPSRG,2,2020,0.0
RE1,PMPSRG,2,2021,5.2406
RE1,PMPSRG,2,2022,12.1601
RE1,PMPSRG,2,2023,12.1601
RE1,PMPSRG,2,2024,12.1601
RE1,PMPSRG,2,2025,12.1601
RE1,PMPSRG,2,2026,12.1601
RE1,PMPSRG,2,2027,13.8148
RE1,PMPSRG,2,2028,15.5001
RE1,PMPSRG,2,2029,17.339
RE1,PMPSRG,2,2030,19.1396
RE1,PMPSRG,2,2031,20.8839
RE1,PMPSRG,2,2032,22.7273
RE1,PMPSRG,2,2033,25.3313
RE1,PMPSRG,2,2034,28.3583
RE1,PMPSRG,2,2035,31.3938
