r,t,y,TechnologyEmissionsPenalty
RE1,MINCOA,2020,0.0
RE1,MINCOA,2021,0.0
RE1,MINCOA,2022,0.0
RE1,MINCOA,2023,0.0
RE1,MINCOA,2024,0.0
RE1,MINCOA,2025,0.0
RE1,MINCOA,2026,0.0
RE1,MINCOA,2027,0.0
RE1,MINCOA,2028,0.0
RE1,MINCOA,2029,0.0
RE1,MINCOA,2030,0.0
RE1,MINCOA,2031,0.0
RE1,MINCOA,2032,0.0
RE1,MINCOA,2033,0.0
RE1,MINCOA,2034,0.0
RE1,MINCOA,2035,0.0
RE1,MINGAS,2020,0.0
RE1,MINGAS,2021,0.0
RE1,MINGAS,2022,0.0
RE1,MINGAS,2023,0.0
RE1,MINGAS,2024,0.0
RE1,MINGAS,2025,0.0
RE1,MINGAS,2026,0.0
RE1,MINGAS,2027,0.0
RE1,MINGAS,2028,0.0
RE1,MINGAS,2029,0.0
RE1,MINGAS,2030,0.0
RE1,MINGAS,2031,0.0
RE1,MINGAS,2032,0.0
RE1,MINGAS,2033,0.0
RE1,MINGAS,2034,0.0
RE1,MINGAS,2035,0.0
RE1,PWRCOA,2020,0.0
RE1,PWRCOA,2021,0.0
RE1,PWRCOA,2022,0.0
RE1,PWRCOA,2023,0.0
RE1,PWRCOA,2024,0.0
RE1,PWRCOA,2025,0.0
RE1,PWRCOA,2026,0.0
RE1,PWRCOA,2027,0.0
RE1,PWRCOA,2028,0.0
RE1,PWRCOA,2029,0.0
RE1,PWRCOA,2030,0.0
RE1,PWRCOA,2031,0.0
RE1,PWRCOA,2032,0.0
RE1,PWRCOA,2033,0.0
RE1,PWRCOA,2034,0.0
RE1,PWRCOA,2035,0.0
RE1,PWRGAS,2020,0.0
RE1,PWRGAS,2021,0.0
RE1,PWRGAS,2022,0.0
RE1,PWRGAS,2023,0.0
RE1,PWRGAS,2024,0.0
RE1,PWRGAS,2025,0.0
RE1,PWRGAS,2026,0.0
RE1,PWRGAS,2027,0.0
RE1,PWRGAS,2028,0.0
RE1,PWRGAS,2029,0.0
RE1,PWRGAS,2030,0.0
RE1,PWRGAS,2031,0.0
RE1,PWRGAS,2032,0.0
RE1,PWRGAS,2033,0.0
RE1,PWRGAS,2034,0.0
RE1,PWRGAS,2035,0.0
RE1,PWRTRN,2020,0.0
RE1,PWRTRN,2021,0.0
RE1,PWRTRN,2022,0.0
RE1,PWRTRN,2023,0.0
RE1,PWRTRN,2024,0.0
RE1,PWRTRN,2025,0.0
RE1,PWRTRN,2026,0.0
RE1,PWRTRN,2027,0.0
RE1,PWRTRN,2028,0.0
RE1,PWRTRN,2029,0.0
RE1,PWRTRN,2030,0.0
RE1,PWRTRN,2031,0.0
RE1,PWRTRN,2032,0.0
RE1,PWRTRN,2033,0.0
RE1,PWRTRN,2034,0.0
RE1,PWRTRN,2035,0.0
RE1,RSCWND,2020,0.0
RE1,RSCWND,2021,0.0
RE1,RSCWND,2022,0.0
RE1,RSCWND,2023,0.0
RE1,RSCWND,2024,0.0
RE1,RSCWND,2025,0.0
RE1,RSCWND,2026,0.0
RE1,RSCWND,2027,0.0
RE1,RSCWND,2028,0.0
RE1,RSCWND,2029,0.0
RE1,RSCWND,2030,0.0
RE1,RSCWND,2031,0.0
RE1,RSCWND,2032,0.0
RE1,RSCWND,2033,0.0
RE1,RSCWND,2034,0.0
RE1,RSCWND,2035,0.0
RE1,RSCSOL,2020,0.0
RE1,RSCSOL,2021,0.0
RE1,RSCSOL,2022,0.0
RE1,RSCSOL,2023,0.0
RE1,RSCSOL,2024,0.0
RE1,RSCSOL,2025,0.0
RE1,RSCSOL,2026,0.0
RE1,RSCSOL,2027,0.0
RE1,RSCSOL,2028,0.0
RE1,RSCSOL,2029,0.0
RE1,RSCSOL,2030,0.0
RE1,RSCSOL,2031,0.0
RE1,RSCSOL,2032,0.0
RE1,RSCSOL,2033,0.0
RE1,RSCSOL,2034,0.0
RE1,RSCSOL,2035,0.0
RE1,RSCHYD,2020,0.0
RE1,RSCHYD,2021,0.0
RE1,RSCHYD,2022,0.0
RE1,RSCHYD,2023,0.0
RE1,RSCHYD,2024,0.0
RE1,RSCHYD,2025,0.0
RE1,RSCHYD,2026,0.0
RE1,RSCHYD,2027,0.0
RE1,RSCHYD,2028,0.0
RE1,RSCHYD,2029,0.0
RE1,RSCHYD,2030,0.0
RE1,RSCHYD,2031,0.0
RE1,RSCHYD,2032,0.0
RE1,RSCHYD,2033,0.0
RE1,RSCHYD,2034,0.0
RE1,RSCHYD,2035,0.0
RE1,PWRWND,2020,0.0
RE1,PWRWND,2021,0.0
RE1,PWRWND,2022,0.0
RE1,PWRWND,2023,0.0
RE1,PWRWND,2024,0.0
RE1,PWRWND,2025,0.0
RE1,PWRWND,2026,0.0
RE1,PWRWND,2027,0.0
RE1,PWRWND,2028,0.0
RE1,PWRWND,2029,0.0
RE1,PWRWND,2030,0.0
RE1,PWRWND,2031,0.0
RE1,PWRWND,2032,0.0
RE1,PWRWND,2033,0.0
RE1,PWRWND,2034,0.0
RE1,PWRWND,2035,0.0
RE1,PWRSOL,2020,0.0
RE1,PWRSOL,2021,0.0
RE1,PWRSOL,2022,0.0
RE1,PWRSOL,2023,0.0
RE1,PWRSOL,2024,0.0
RE1,PWRSOL,2025,0.0
RE1,PWRSOL,2026,0.0
RE1,PWRSOL,2027,0.0
RE1,PWRSOL,2028,0.0
RE1,PWRSOL,2029,0.0
RE1,PWRSOL,2030,0.0
RE1,PWRSOL,2031,0.0
RE1,PWRSOL,2032,0.0
RE1,PWRSOL,2033,0.0
RE1,PWRSOL,2034,0.0
RE1,PWRSOL,2035,0.0
RE1,PWRHYD,2020,0.0
RE1,PWRHYD,2021,0.0
RE1,PWRHYD,2022,0.0
RE1,PWRHYD,2023,0.0
RE1,PWRHYD,2024,0.0
RE1,PWRHYD,2025,0.0
RE1,PWRHYD,2026,0.0
RE1,PWRHYD,2027,0.0
RE1,PWRHYD,2028,0.0
RE1,PWRHYD,2029,0.0
RE1,PWRHYD,2030,0.0
RE1,PWRHYD,2031,0.0
RE1,PWRHYD,2032,0.0
RE1,PWRHYD,2033,0.0
RE1,PWRHYD,2034,0.0
RE1,PWRHYD,2035,0.0
RE1,RSCLND,2020,0.0
RE1,RSCLND,2021,0.0
RE1,RSCLND,2022,0.0
RE1,RSCLND,2023,0.0
RE1,RSCLND,2024,0.0
RE1,RSCLND,2025,0.0
RE1,RSCLND,2026,0.0
RE1,RSCLND,2027,0.0
RE1,RSCLND,2028,0.0
RE1,RSCLND,2029,0.0
RE1,RSCLND,2030,0.0
RE1,RSCLND,2031,0.0
RE1,RSCLND,2032,0.0
RE1,RSCLND,2033,0.0
RE1,RSCLND,2034,0.0
RE1,RSCLND,2035,0.0
RE1,LNDMAIRNF,2020,0.0
RE1,LNDMAIRNF,2021,0.0
RE1,LNDMAIRNF,2022,0.0
RE1,LNDMAIRNF,2023,0.0
RE1,LNDMAIRNF,2024,0.0
RE1,LNDMAIRNF,2025,0.0
RE1,LNDMAIRNF,2026,0.0
RE1,LNDMAIRNF,2027,0.0
RE1,LNDMAIRNF,2028,0.0
RE1,LNDMAIRNF,2029,0.0
RE1,LNDMAIRNF,2030,0.0
RE1,LNDMAIRNF,2031,0.0
RE1,LNDMAIRNF,2032,0.0
RE1,LNDMAIRNF,2033,0.0
RE1,LNDMAIRNF,2034,0.0
RE1,LNDMAIRNF,2035,0.0
RE1,LNDRICRNF,2020,0.0
RE1,LNDRICRNF,2021,0.0
RE1,LNDRICRNF,2022,0.0
RE1,LNDRICRNF,2023,0.0
RE1,LNDRICRNF,2024,0.0
RE1,LNDRICRNF,2025,0.0
RE1,LNDRICRNF,2026,0.0
RE1,LNDRICRNF,2027,0.0
RE1,LNDRICRNF,2028,0.0
RE1,LNDRICRNF,2029,0.0
RE1,LNDRICRNF,2030,0.0
RE1,LNDRICRNF,2031,0.0
RE1,LNDRICRNF,2032,0.0
RE1,LNDRICRNF,2033,0.0
RE1,LNDRICRNF,2034,0.0
RE1,LNDRICRNF,2035,0.0
RE1,LNDMAIIRR,2020,0.0
RE1,LNDMAIIRR,2021,0.0
RE1,LNDMAIIRR,2022,0.0
RE1,LNDMAIIRR,2023,0.0
RE1,LNDMAIIRR,2024,0.0
RE1,LNDMAIIRR,2025,0.0
RE1,LNDMAIIRR,2026,0.0
RE1,LNDMAIIRR,2027,0.0
RE1,LNDMAIIRR,2028,0.0
RE1,LNDMAIIRR,2029,0.0
RE1,LNDMAIIRR,2030,0.0
RE1,LNDMAIIRR,2031,0.0
RE1,LNDMAIIRR,2032,0.0
RE1,LNDMAIIRR,2033,0.0
RE1,LNDMAIIRR,2034,0.0
RE1,LNDMAIIRR,2035,0.0
RE1,LNDRICIRR,2020,0.0
RE1,LNDRICIRR,2021,0.0
RE1,LNDRICIRR,2022,0.0
RE1,LNDRICIRR,2023,0.0
RE1,LNDRICIRR,2024,0.0
RE1,LNDRICIRR,2025,0.0
RE1,LNDRICIRR,2026,0.0
RE1,LNDRICIRR,2027,0.0
RE1,LNDRICIRR,2028,0.0
RE1,LNDRICIRR,2029,0.0
RE1,LNDRICIRR,2030,0.0
RE1,LNDRICIRR,2031,0.0
RE1,LNDRICIRR,2032,0.0
RE1,LNDRICIRR,2033,0.0
RE1,LNDRICIRR,2034,0.0
RE1,LNDRICIRR,2035,0.0
RE1,LNDFOR,2020,0.0
RE1,LNDFOR,2021,0.0
RE1,LNDFOR,2022,0.0
RE1,LNDFOR,2023,0.0
RE1,LNDFOR,2024,0.0
RE1,LNDFOR,2025,0.0
RE1,LNDFOR,2026,0.0
RE1,LNDFOR,2027,0.0
RE1,LNDFOR,2028,0.0
RE1,LNDFOR,2029,0.0
RE1,LNDFOR,2030,0.0
RE1,LNDFOR,2031,0.0
RE1,LNDFOR,2032,0.0
RE1,LNDFOR,2033,0.0
RE1,LNDFOR,2034,0.0
RE1,LNDFOR,2035,0.0
RE1,LNDBLT,2020,0.0
RE1,LNDBLT,2021,0.0
RE1,LNDBLT,2022,0.0
RE1,LNDBLT,2023,0.0
RE1,LNDBLT,2024,0.0
RE1,LNDBLT,2025,0.0
RE1,LNDBLT,2026,0.0
RE1,LNDBLT,2027,0.0
RE1,LNDBLT,2028,0.0
RE1,LNDBLT,2029,0.0
RE1,LNDBLT,2030,0.0
RE1,LNDBLT,2031,0.0
RE1,LNDBLT,2032,0.0
RE1,LNDBLT,2033,0.0
RE1,LNDBLT,2034,0.0
RE1,LNDBLT,2035,0.0
RE1,LNDWAT,2020,0.0
RE1,LNDWAT,2021,0.0
RE1,LNDWAT,2022,0.0
RE1,LNDWAT,2023,0.0
RE1,LNDWAT,2024,0.0
RE1,LNDWAT,2025,0.0
RE1,LNDWAT,2026,0.0
RE1,LNDWAT,2027,0.0
RE1,LNDWAT,2028,0.0
RE1,LNDWAT,2029,0.0
RE1,LNDWAT,2030,0.0
RE1,LNDWAT,2031,0.0
RE1,LNDWAT,2032,0.0
RE1,LNDWAT,2033,0.0
RE1,LNDWAT,2034,0.0
RE1,LNDWAT,2035,0.0
RE1,RSCPRC,2020,0.0
RE1,RSCPRC,2021,0.0
RE1,RSCPRC,2022,0.0
RE1,RSCPRC,2023,0.0
RE1,RSCPRC,2024,0.0
RE1,RSCPRC,2025,0.0
RE1,RSCPRC,2026,0.0
RE1,RSCPRC,2027,0.0
RE1,RSCPRC,2028,0.0
RE1,RSCPRC,2029,0.0
RE1,RSCPRC,2030,0.0
RE1,RSCPRC,2031,0.0
RE1,RSCPRC,2032,0.0
RE1,RSCPRC,2033,0.0
RE1,RSCPRC,2034,0.0
RE1,RSCPRC,2035,0.0
RE1,UPSWTRSUR,2020,0.0
RE1,UPSWTRSUR,2021,0.0
RE1,UPSWTRSUR,2022,0.0
RE1,UPSWTRSUR,2023,0.0
RE1,UPSWTRSUR,2024,0.0
RE1,UPSWTRSUR,2025,0.0
RE1,UPSWTRSUR,2026,0.0
RE1,UPSWTRSUR,2027,0.0
RE1,UPSWTRSUR,2028,0.0
RE1,UPSWTRSUR,2029,0.0
RE1,UPSWTRSUR,2030,0.0
RE1,UPSWTRSUR,2031,0.0
RE1,UPSWTRSUR,2032,0.0
RE1,UPSWTRSUR,2033,0.0
RE1,UPSWTRSUR,2034,0.0
RE1,UPSWTRSUR,2035,0.0
RE1,DEMPUBSURWAT,2020,0.0
RE1,DEMPUBSURWAT,2021,0.0
RE1,DEMPUBSURWAT,2022,0.0
RE1,DEMPUBSURWAT,2023,0.0
RE1,DEMPUBSURWAT,2024,0.0
RE1,DEMPUBSURWAT,2025,0.0
RE1,DEMPUBSURWAT,2026,0.0
RE1,DEMPUBSURWAT,2027,0.0
RE1,DEMPUBSURWAT,2028,0.0
RE1,DEMPUBSURWAT,2029,0.0
RE1,DEMPUBSURWAT,2030,0.0
RE1,DEMPUBSURWAT,2031,0.0
RE1,DEMPUBSURWAT,2032,0.0
RE1,DEMPUBSURWAT,2033,0.0
RE1,DEMPUBSURWAT,2034,0.0
RE1,DEMPUBSURWAT,2035,0.0
RE1,DEMPUBGWTWAT,2020,0.0
RE1,DEMPUBGWTWAT,2021,0.0
RE1,DEMPUBGWTWAT,2022,0.0
RE1,DEMPUBGWTWAT,2023,0.0
RE1,DEMPUBGWTWAT,2024,0.0
RE1,DEMPUBGWTWAT,2025,0.0
RE1,DEMPUBGWTWAT,2026,0.0
RE1,DEMPUBGWTWAT,2027,0.0
RE1,DEMPUBGWTWAT,2028,0.0
RE1,DEMPUBGWTWAT,2029,0.0
RE1,DEMPUBGWTWAT,2030,0.0
RE1,DEMPUBGWTWAT,2031,0.0
RE1,DEMPUBGWTWAT,2032,0.0
RE1,DEMPUBGWTWAT,2033,0.0
RE1,DEMPUBGWTWAT,2034,0.0
RE1,DEMPUBGWTWAT,2035,0.0
RE1,DEMAGRSURWAT,2020,0.0
RE1,DEMAGRSURWAT,2021,0.0
RE1,DEMAGRSURWAT,2022,0.0
RE1,DEMAGRSURWAT,2023,0.0
RE1,DEMAGRSURWAT,2024,0.0
RE1,DEMAGRSURWAT,2025,0.0
RE1,DEMAGRSURWAT,2026,0.0
RE1,DEMAGRSURWAT,2027,0.0
RE1,DEMAGRSURWAT,2028,0.0
RE1,DEMAGRSURWAT,2029,0.0
RE1,DEMAGRSURWAT,2030,0.0
RE1,DEMAGRSURWAT,2031,0.0
RE1,DEMAGRSURWAT,2032,0.0
RE1,DEMAGRSURWAT,2033,0.0
RE1,DEMAGRSURWAT,2034,0.0
RE1,DEMAGRSURWAT,2035,0.0
RE1,DEMAGRGWTWAT,2020,0.0
RE1,DEMAGRGWTWAT,2021,0.0
RE1,DEMAGRGWTWAT,2022,0.0
RE1,DEMAGRGWTWAT,2023,0.0
RE1,DEMAGRGWTWAT,2024,0.0
RE1,DEMAGRGWTWAT,2025,0.0
RE1,DEMAGRGWTWAT,2026,0.0
RE1,DEMAGRGWTWAT,2027,0.0
RE1,DEMAGRGWTWAT,2028,0.0
RE1,DEMAGRGWTWAT,2029,0.0
RE1,DEMAGRGWTWAT,2030,0.0
RE1,DEMAGRGWTWAT,2031,0.0
RE1,DEMAGRGWTWAT,2032,0.0
RE1,DEMAGRGWTWAT,2033,0.0
RE1,DEMAGRGWTWAT,2034,0.0
RE1,DEMAGRGWTWAT,2035,0.0
RE1,DEMPWRSURWAT,2020,0.0
RE1,DEMPWRSURWAT,2021,0.0
RE1,DEMPWRSURWAT,2022,0.0
RE1,DEMPWRSURWAT,2023,0.0
RE1,DEMPWRSURWAT,2024,0.0
RE1,DEMPWRSURWAT,2025,0.0
RE1,DEMPWRSURWAT,2026,0.0
RE1,DEMPWRSURWAT,2027,0.0
RE1,DEMPWRSURWAT,2028,0.0
RE1,DEMPWRSURWAT,2029,0.0
RE1,DEMPWRSURWAT,2030,0.0
RE1,DEMPWRSURWAT,2031,0.0
RE1,DEMPWRSURWAT,2032,0.0
RE1,DEMPWRSURWAT,2033,0.0
RE1,DEMPWRSURWAT,2034,0.0
RE1,DEMPWRSURWAT,2035,0.0
RE1,IMPDSL,2020,0.0
RE1,IMPDSL,2021,0.0
RE1,IMPDSL,2022,0.0
RE1,IMPDSL,2023,0.0
RE1,IMPDSL,2024,0.0
RE1,IMPDSL,2025,0.0
RE1,IMPDSL,2026,0.0
RE1,IMPDSL,2027,0.0
RE1,IMPDSL,2028,0.0
RE1,IMPDSL,2029,0.0
RE1,IMPDSL,2030,0.0
RE1,IMPDSL,2031,0.0
RE1,IMPDSL,2032,0.0
RE1,IMPDSL,2033,0.0
RE1,IMPDSL,2034,0.0
RE1,IMPDSL,2035,0.0
RE1,DEMTRABIO,2020,0.0
RE1,DEMTRABIO,2021,0.0
RE1,DEMTRABIO,2022,0.0
RE1,DEMTRABIO,2023,0.0
RE1,DEMTRABIO,2024,0.0
RE1,DEMTRABIO,2025,0.0
RE1,DEMTRABIO,2026,0.0
RE1,DEMTRABIO,2027,0.0
RE1,DEMTRABIO,2028,0.0
RE1,DEMTRABIO,2029,0.0
RE1,DEMTRABIO,2030,0.0
RE1,DEMTRABIO,2031,0.0
RE1,DEMTRABIO,2032,0.0
RE1,DEMTRABIO,2033,0.0
RE1,DEMTRABIO,2034,0.0
RE1,DEMTRABIO,2035,0.0
RE1,STGIN,2020,0.0
RE1,STGIN,2021,0.0
RE1,STGIN,2022,0.0
RE1,STGIN,2023,0.0
RE1,STGIN,2024,0.0
RE1,STGIN,2025,0.0
RE1,STGIN,2026,0.0
RE1,STGIN,2027,0.0
RE1,STGIN,2028,0.0
RE1,STGIN,2029,0.0
RE1,STGIN,2030,0.0
RE1,STGIN,2031,0.0
RE1,STGIN,2032,0.0
RE1,STGIN,2033,0.0
RE1,STGIN,2034,0.0
RE1,STGIN,2035,0.0
RE1,STGOUT,2020,0.0
RE1,STGOUT,2021,0.0
RE1,STGOUT,2022,0.0
RE1,STGOUT,2023,0.0
RE1,STGOUT,2024,0.0
RE1,STGOUT,2025,0.0
RE1,STGOUT,2026,0.0
RE1,STGOUT,2027,0.0
RE1,STGOUT,2028,0.0
RE1,STGOUT,2029,0.0
RE1,STGOUT,2030,0.0
RE1,STGOUT,2031,0.0
RE1,STGOUT,2032,0.0
RE1,STGOUT,2033,0.0
RE1,STGOUT,2034,0.0
RE1,STGOUT,2035,0.0
