r,t,y,TotalTechnologyAnnualActivity
RE1,MINCOA,2020,377.6801
RE1,MINCOA,2021,384.9999
RE1,MINCOA,2022,396.9072
RE1,MINCOA,2023,392.6484
RE1,MINCOA,2024,387.8659
RE1,MINCOA,2025,383.9873
RE1,MINCOA,2026,317.9072
RE1,MINCOA,2027,318.749
RE1,MINCOA,2028,319.4814
RE1,MINCOA,2029,321.7986
RE1,MINCOA,2030,324.1091
RE1,MINCOA,2031,327.1837
RE1,MINCOA,2032,331.128
RE1,MINCOA,2033,331.128
RE1,MINCOA,2034,331.128
RE1,MINCOA,2035,331.128
RE1,MINGAS,2020,18.2278
RE1,MINGAS,2021,18.2278
RE1,MINGAS,2022,18.2278
RE1,MINGAS,2023,18.2278
RE1,MINGAS,2024,18.2278
RE1,MINGAS,2025,18.2278
RE1,MINGAS,2026,34.9133
RE1,MINGAS,2027,34.9133
RE1,MINGAS,2028,34.9133
RE1,MINGAS,2029,34.9133
RE1,MINGAS,2030,34.9133
RE1,MINGAS,2031,34.9133
RE1,MINGAS,2032,35.032
RE1,MINGAS,2033,39.4582
RE1,MINGAS,2034,44.3423
RE1,MINGAS,2035,49.862
RE1,PWRCOA,2020,125.8934
RE1,PWRCOA,2021,128.3333
RE1,PWRCOA,2022,132.3024
RE1,PWRCOA,2023,130.8828
RE1,PWRCOA,2024,129.2886
RE1,PWRCOA,2025,127.9958
RE1,PWRCOA,2026,105.9691
RE1,PWRCOA,2027,106.2496
RE1,PWRCOA,2028,106.4938
RE1,PWRCOA,2029,107.2662
RE1,PWRCOA,2030,108.0364
RE1,PWRCOA,2031,109.0612
RE1,PWRCOA,2032,110.376
RE1,PWRCOA,2033,110.376
RE1,PWRCOA,2034,110.376
RE1,PWRCOA,2035,110.376
RE1,PWRGAS,2020,9.1139
RE1,PWRGAS,2021,9.1139
RE1,PWRGAS,2022,9.1139
RE1,PWRGAS,2023,9.1139
RE1,PWRGAS,2024,9.1139
RE1,PWRGAS,2025,9.1139
RE1,PWRGAS,2026,17.4567
RE1,PWRGAS,2027,17.4567
RE1,PWRGAS,2028,17.4567
RE1,PWRGAS,2029,17.4567
RE1,PWRGAS,2030,17.4567
RE1,PWRGAS,2031,17.4567
RE1,PWRGAS,2032,17.516
RE1,PWRGAS,2033,19.7291
RE1,PWRGAS,2034,22.1711
RE1,PWRGAS,2035,24.931
RE1,PWRTRN,2020,185.4475
RE1,PWRTRN,2021,199.3435
RE1,PWRTRN,2022,214.2972
RE1,PWRTRN,2023,224.3285
RE1,PWRTRN,2024,233.7207
RE1,PWRTRN,2025,243.8849
RE1,PWRTRN,2026,241.7417
RE1,PWRTRN,2027,253.1092
RE1,PWRTRN,2028,264.704
RE1,PWRTRN,2029,276.5687
RE1,PWRTRN,2030,288.758
RE1,PWRTRN,2031,301.3339
RE1,PWRTRN,2032,314.2582
RE1,PWRTRN,2033,328.0716
RE1,PWRTRN,2034,341.941
RE1,PWRTRN,2035,356.2512
RE1,RSCWND,2020,9.5902
RE1,RSCWND,2021,21.0932
RE1,RSCWND,2022,32.5963
RE1,RSCWND,2023,44.0994
RE1,RSCWND,2024,55.6025
RE1,RSCWND,2025,67.1055
RE1,RSCWND,2026,78.6086
RE1,RSCWND,2027,90.1117
RE1,RSCWND,2028,101.6147
RE1,RSCWND,2029,113.1178
RE1,RSCWND,2030,124.6209
RE1,RSCWND,2031,136.124
RE1,RSCWND,2032,147.627
RE1,RSCWND,2033,159.1301
RE1,RSCWND,2034,170.6332
RE1,RSCWND,2035,182.1362
RE1,RSCSOL,2020,0.0
RE1,RSCSOL,2021,0.0
RE1,RSCSOL,2022,2.1451
RE1,RSCSOL,2023,9.3741
RE1,RSCSOL,2024,17.1876
RE1,RSCSOL,2025,25.3457
RE1,RSCSOL,2026,46.5545
RE1,RSCSOL,2027,55.7277
RE1,RSCSOL,2028,65.7193
RE1,RSCSOL,2029,77.4692
RE1,RSCSOL,2030,90.0029
RE1,RSCSOL,2031,103.1854
RE1,RSCSOL,2032,118.1263
RE1,RSCSOL,2033,133.2714
RE1,RSCSOL,2034,150.4339
RE1,RSCSOL,2035,168.2022
RE1,RSCHYD,2020,102.1252
RE1,RSCHYD,2021,102.0076
RE1,RSCHYD,2022,100.7115
RE1,RSCHYD,2023,100.5809
RE1,RSCHYD,2024,99.2893
RE1,RSCHYD,2025,99.1743
RE1,RSCHYD,2026,99.2683
RE1,RSCHYD,2027,98.228
RE1,RSCHYD,2028,97.8469
RE1,RSCHYD,2029,96.82
RE1,RSCHYD,2030,96.6103
RE1,RSCHYD,2031,96.7301
RE1,RSCHYD,2032,96.848
RE1,RSCHYD,2033,97.0909
RE1,RSCHYD,2034,96.9016
RE1,RSCHYD,2035,97.02
RE1,PWRWND,2020,9.5902
RE1,PWRWND,2021,21.0932
RE1,PWRWND,2022,32.5963
RE1,PWRWND,2023,44.0994
RE1,PWRWND,2024,55.6025
RE1,PWRWND,2025,67.1055
RE1,PWRWND,2026,78.6086
RE1,PWRWND,2027,90.1117
RE1,PWRWND,2028,101.6147
RE1,PWRWND,2029,113.1178
RE1,PWRWND,2030,124.6209
RE1,PWRWND,2031,136.124
RE1,PWRWND,2032,147.627
RE1,PWRWND,2033,159.1301
RE1,PWRWND,2034,170.6332
RE1,PWRWND,2035,182.1362
RE1,PWRSOL,2020,0.0
RE1,PWRSOL,2021,0.0
RE1,PWRSOL,2022,2.1451
RE1,PWRSOL,2023,9.3741
RE1,PWRSOL,2024,17.1876
RE1,PWRSOL,2025,25.3457
RE1,PWRSOL,2026,46.5545
RE1,PWRSOL,2027,55.7277
RE1,PWRSOL,2028,65.7193
RE1,PWRSOL,2029,77.4692
RE1,PWRSOL,2030,90.0029
RE1,PWRSOL,2031,103.1854
RE1,PWRSOL,2032,118.1263
RE1,PWRSOL,2033,133.2714
RE1,PWRSOL,2034,150.4339
RE1,PWRSOL,2035,168.2022
RE1,PWRHYD,2020,40.8501
RE1,PWRHYD,2021,40.803
RE1,PWRHYD,2022,40.2846
RE1,PWRHYD,2023,40.2324
RE1,PWRHYD,2024,39.7157
RE1,PWRHYD,2025,39.6697
RE1,PWRHYD,2026,39.7073
RE1,PWRHYD,2027,39.2912
RE1,PWRHYD,2028,39.1388
RE1,PWRHYD,2029,38.728
RE1,PWRHYD,2030,38.6441
RE1,PWRHYD,2031,38.692
RE1,PWRHYD,2032,38.7392
RE1,PWRHYD,2033,38.8364
RE1,PWRHYD,2034,38.7606
RE1,PWRHYD,2035,38.808
RE1,RSCLND,2020,299.9965
RE1,RSCLND,2021,300.0
RE1,RSCLND,2022,300.0
RE1,RSCLND,2023,300.0
RE1,RSCLND,2024,300.0
RE1,RSCLND,2025,300.0
RE1,RSCLND,2026,300.0
RE1,RSCLND,2027,299.0909
RE1,RSCLND,2028,300.0
RE1,RSCLND,2029,299.0654
RE1,RSCLND,2030,300.0
RE1,RSCLND,2031,300.0
RE1,RSCLND,2032,300.0
RE1,RSCLND,2033,299.0566
RE1,RSCLND,2034,300.0
RE1,RSCLND,2035,300.0
RE1,LNDMAIRNF,2020,4.085
RE1,LNDMAIRNF,2021,4.1872
RE1,LNDMAIRNF,2022,4.2912
RE1,LNDMAIRNF,2023,4.391
RE1,LNDMAIRNF,2024,4.4926
RE1,LNDMAIRNF,2025,4.6247
RE1,LNDMAIRNF,2026,4.7235
RE1,LNDMAIRNF,2027,4.8237
RE1,LNDMAIRNF,2028,4.9544
RE1,LNDMAIRNF,2029,5.0834
RE1,LNDMAIRNF,2030,5.2137
RE1,LNDMAIRNF,2031,5.3422
RE1,LNDMAIRNF,2032,5.4689
RE1,LNDMAIRNF,2033,5.5936
RE1,LNDMAIRNF,2034,5.7162
RE1,LNDMAIRNF,2035,5.8396
RE1,LNDRICRNF,2020,1.4205
RE1,LNDRICRNF,2021,1.4692
RE1,LNDRICRNF,2022,1.4927
RE1,LNDRICRNF,2023,1.516
RE1,LNDRICRNF,2024,1.5671
RE1,LNDRICRNF,2025,1.589
RE1,LNDRICRNF,2026,1.6103
RE1,LNDRICRNF,2027,1.629
RE1,LNDRICRNF,2028,1.6465
RE1,LNDRICRNF,2029,1.6627
RE1,LNDRICRNF,2030,1.7101
RE1,LNDRICRNF,2031,1.7216
RE1,LNDRICRNF,2032,1.7307
RE1,LNDRICRNF,2033,1.7369
RE1,LNDRICRNF,2034,1.7376
RE1,LNDRICRNF,2035,1.7344
RE1,LNDMAIIRR,2020,0.339
RE1,LNDMAIIRR,2021,0.356
RE1,LNDMAIIRR,2022,0.3737
RE1,LNDMAIIRR,2023,0.3924
RE1,LNDMAIIRR,2024,0.4121
RE1,LNDMAIIRR,2025,0.4327
RE1,LNDMAIIRR,2026,0.4543
RE1,LNDMAIIRR,2027,0.477
RE1,LNDMAIIRR,2028,0.5009
RE1,LNDMAIIRR,2029,0.5259
RE1,LNDMAIIRR,2030,0.5522
RE1,LNDMAIIRR,2031,0.5798
RE1,LNDMAIIRR,2032,0.6088
RE1,LNDMAIIRR,2033,0.6392
RE1,LNDMAIIRR,2034,0.6712
RE1,LNDMAIIRR,2035,0.7048
RE1,LNDRICIRR,2020,0.531
RE1,LNDRICIRR,2021,0.5576
RE1,LNDRICIRR,2022,0.5854
RE1,LNDRICIRR,2023,0.6147
RE1,LNDRICIRR,2024,0.6454
RE1,LNDRICIRR,2025,0.6777
RE1,LNDRICIRR,2026,0.7116
RE1,LNDRICIRR,2027,0.7472
RE1,LNDRICIRR,2028,0.7845
RE1,LNDRICIRR,2029,0.8238
RE1,LNDRICIRR,2030,0.8649
RE1,LNDRICIRR,2031,0.9082
RE1,LNDRICIRR,2032,0.9536
RE1,LNDRICIRR,2033,1.0013
RE1,LNDRICIRR,2034,1.0513
RE1,LNDRICIRR,2035,1.1039
RE1,LNDFOR,2020,253.6
RE1,LNDFOR,2021,253.2591
RE1,LNDFOR,2022,252.936
RE1,LNDFOR,2023,252.6148
RE1,LNDFOR,2024,252.2518
RE1,LNDFOR,2025,251.8849
RE1,LNDFOR,2026,251.5593
RE1,LNDFOR,2027,250.313
RE1,LNDFOR,2028,250.8527
RE1,LNDFOR,2029,249.5386
RE1,LNDFOR,2030,250.068
RE1,LNDFOR,2031,249.6872
RE1,LNDFOR,2032,249.317
RE1,LNDFOR,2033,247.9946
RE1,LNDFOR,2034,248.5627
RE1,LNDFOR,2035,248.1864
RE1,LNDBLT,2020,15.0
RE1,LNDBLT,2021,15.15
RE1,LNDBLT,2022,15.3
RE1,LNDBLT,2023,15.45
RE1,LNDBLT,2024,15.61
RE1,LNDBLT,2025,15.77
RE1,LNDBLT,2026,15.92
RE1,LNDBLT,2027,16.08
RE1,LNDBLT,2028,16.24
RE1,LNDBLT,2029,16.41
RE1,LNDBLT,2030,16.57
RE1,LNDBLT,2031,16.74
RE1,LNDBLT,2032,16.9
RE1,LNDBLT,2033,17.07
RE1,LNDBLT,2034,17.24
RE1,LNDBLT,2035,17.41
RE1,LNDWAT,2020,25.021
RE1,LNDWAT,2021,25.021
RE1,LNDWAT,2022,25.021
RE1,LNDWAT,2023,25.021
RE1,LNDWAT,2024,25.021
RE1,LNDWAT,2025,25.021
RE1,LNDWAT,2026,25.021
RE1,LNDWAT,2027,25.021
RE1,LNDWAT,2028,25.021
RE1,LNDWAT,2029,25.021
RE1,LNDWAT,2030,25.021
RE1,LNDWAT,2031,25.021
RE1,LNDWAT,2032,25.021
RE1,LNDWAT,2033,25.021
RE1,LNDWAT,2034,25.021
RE1,LNDWAT,2035,25.021
RE1,RSCPRC,2020,359.9958
RE1,RSCPRC,2021,354.0
RE1,RSCPRC,2022,351.0
RE1,RSCPRC,2023,345.0
RE1,RSCPRC,2024,342.0
RE1,RSCPRC,2025,336.0
RE1,RSCPRC,2026,333.0
RE1,RSCPRC,2027,329.0
RE1,RSCPRC,2028,324.0
RE1,RSCPRC,2029,320.0
RE1,RSCPRC,2030,318.0
RE1,RSCPRC,2031,318.0
RE1,RSCPRC,2032,318.0
RE1,RSCPRC,2033,317.0
RE1,RSCPRC,2034,315.0
RE1,RSCPRC,2035,315.0
RE1,UPSWTRSUR,2020,0.0
RE1,UPSWTRSUR,2021,0.0
RE1,UPSWTRSUR,2022,0.0
RE1,UPSWTRSUR,2023,0.0
RE1,UPSWTRSUR,2024,0.0
RE1,UPSWTRSUR,2025,0.0
RE1,UPSWTRSUR,2026,0.0
RE1,UPSWTRSUR,2027,0.0
RE1,UPSWTRSUR,2028,0.0
RE1,UPSWTRSUR,2029,0.0
RE1,UPSWTRSUR,2030,0.0
RE1,UPSWTRSUR,2031,0.0
RE1,UPSWTRSUR,2032,0.0
RE1,UPSWTRSUR,2033,0.0
RE1,UPSWTRSUR,2034,0.0
RE1,UPSWTRSUR,2035,0.0
RE1,DEMPUBSURWAT,2020,0.7608
RE1,DEMPUBSURWAT,2021,0.885
RE1,DEMPUBSURWAT,2022,1.0116
RE1,DEMPUBSURWAT,2023,1.147
RE1,DEMPUBSURWAT,2024,1.2799
RE1,DEMPUBSURWAT,2025,1.4243
RE1,DEMPUBSURWAT,2026,1.5663
RE1,DEMPUBSURWAT,2027,1.7184
RE1,DEMPUBSURWAT,2028,1.8707
RE1,DEMPUBSURWAT,2029,2.0331
RE1,DEMPUBSURWAT,2030,2.1957
RE1,DEMPUBSURWAT,2031,2.3697
RE1,DEMPUBSURWAT,2032,2.5221
RE1,DEMPUBSURWAT,2033,2.6832
RE1,DEMPUBSURWAT,2034,2.8477
RE1,DEMPUBSURWAT,2035,3.0225
RE1,DEMPUBGWTWAT,2020,0.4779
RE1,DEMPUBGWTWAT,2021,0.4412
RE1,DEMPUBGWTWAT,2022,0.4072
RE1,DEMPUBGWTWAT,2023,0.3668
RE1,DEMPUBGWTWAT,2024,0.3326
RE1,DEMPUBGWTWAT,2025,0.2919
RE1,DEMPUBGWTWAT,2026,0.2574
RE1,DEMPUBGWTWAT,2027,0.2166
RE1,DEMPUBGWTWAT,2028,0.1818
RE1,DEMPUBGWTWAT,2029,0.1406
RE1,DEMPUBGWTWAT,2030,0.1055
RE1,DEMPUBGWTWAT,2031,0.064
RE1,DEMPUBGWTWAT,2032,0.0491
RE1,DEMPUBGWTWAT,2033,0.0318
RE1,DEMPUBGWTWAT,2034,0.0173
RE1,DEMPUBGWTWAT,2035,0.0
RE1,DEMAGRSURWAT,2020,0.4866
RE1,DEMAGRSURWAT,2021,0.5371
RE1,DEMAGRSURWAT,2022,0.5776
RE1,DEMAGRSURWAT,2023,0.6353
RE1,DEMAGRSURWAT,2024,0.6822
RE1,DEMAGRSURWAT,2025,0.67
RE1,DEMAGRSURWAT,2026,0.6
RE1,DEMAGRSURWAT,2027,0.5896
RE1,DEMAGRSURWAT,2028,0.7093
RE1,DEMAGRSURWAT,2029,0.8056
RE1,DEMAGRSURWAT,2030,0.9061
RE1,DEMAGRSURWAT,2031,0.9999
RE1,DEMAGRSURWAT,2032,1.0864
RE1,DEMAGRSURWAT,2033,1.1757
RE1,DEMAGRSURWAT,2034,1.3026
RE1,DEMAGRSURWAT,2035,1.3993
RE1,DEMAGRGWTWAT,2020,0.0
RE1,DEMAGRGWTWAT,2021,0.0
RE1,DEMAGRGWTWAT,2022,0.0
RE1,DEMAGRGWTWAT,2023,0.0
RE1,DEMAGRGWTWAT,2024,0.0
RE1,DEMAGRGWTWAT,2025,0.078
RE1,DEMAGRGWTWAT,2026,0.202
RE1,DEMAGRGWTWAT,2027,0.27
RE1,DEMAGRGWTWAT,2028,0.23
RE1,DEMAGRGWTWAT,2029,0.2
RE1,DEMAGRGWTWAT,2030,0.17
RE1,DEMAGRGWTWAT,2031,0.13
RE1,DEMAGRGWTWAT,2032,0.1
RE1,DEMAGRGWTWAT,2033,0.07
RE1,DEMAGRGWTWAT,2034,0.03
RE1,DEMAGRGWTWAT,2035,0.0
RE1,DEMPWRSURWAT,2020,0.1124
RE1,DEMPWRSURWAT,2021,0.1146
RE1,DEMPWRSURWAT,2022,0.118
RE1,DEMPWRSURWAT,2023,0.1168
RE1,DEMPWRSURWAT,2024,0.1154
RE1,DEMPWRSURWAT,2025,0.1143
RE1,DEMPWRSURWAT,2026,0.0971
RE1,DEMPWRSURWAT,2027,0.0973
RE1,DEMPWRSURWAT,2028,0.0975
RE1,DEMPWRSURWAT,2029,0.0982
RE1,DEMPWRSURWAT,2030,0.0989
RE1,DEMPWRSURWAT,2031,0.0998
RE1,DEMPWRSURWAT,2032,0.101
RE1,DEMPWRSURWAT,2033,0.1015
RE1,DEMPWRSURWAT,2034,0.1021
RE1,DEMPWRSURWAT,2035,0.1028
RE1,IMPDSL,2020,2.3784
RE1,IMPDSL,2021,2.5106
RE1,IMPDSL,2022,2.6071
RE1,IMPDSL,2023,2.7537
RE1,IMPDSL,2024,2.8333
RE1,IMPDSL,2025,2.9103
RE1,IMPDSL,2026,3.4705
RE1,IMPDSL,2027,3.0537
RE1,IMPDSL,2028,3.1413
RE1,IMPDSL,2029,3.2455
RE1,IMPDSL,2030,3.3442
RE1,IMPDSL,2031,3.4312
RE1,IMPDSL,2032,3.5376
RE1,IMPDSL,2033,3.6178
RE1,IMPDSL,2034,3.7288
RE1,IMPDSL,2035,3.8166
RE1,DEMTRABIO,2020,1.1848
RE1,DEMTRABIO,2021,1.2204
RE1,DEMTRABIO,2022,1.2559
RE1,DEMTRABIO,2023,1.2915
RE1,DEMTRABIO,2024,1.327
RE1,DEMTRABIO,2025,1.3744
RE1,DEMTRABIO,2026,1.41
RE1,DEMTRABIO,2027,1.4455
RE1,DEMTRABIO,2028,1.4929
RE1,DEMTRABIO,2029,1.5403
RE1,DEMTRABIO,2030,1.5877
RE1,DEMTRABIO,2031,1.6351
RE1,DEMTRABIO,2032,1.6825
RE1,DEMTRABIO,2033,1.7299
RE1,DEMTRABIO,2034,1.7773
RE1,DEMTRABIO,2035,1.8246
RE1,STGIN,2020,0.0
RE1,STGIN,2021,5.2406
RE1,STGIN,2022,12.1601
RE1,STGIN,2023,12.1601
RE1,STGIN,2024,12.1601
RE1,STGIN,2025,12.1601
RE1,STGIN,2026,12.1601
RE1,STGIN,2027,13.8148
RE1,STGIN,2028,15.5001
RE1,STGIN,2029,17.339
RE1,STGIN,2030,20.1021
RE1,STGIN,2031,23.0143
RE1,STGIN,2032,26.2292
RE1,STGIN,2033,29.2345
RE1,STGIN,2034,32.728
RE1,STGIN,2035,36.2311
RE1,STGOUT,2020,0.0
RE1,STGOUT,2021,5.2406
RE1,STGOUT,2022,12.1601
RE1,STGOUT,2023,12.1601
RE1,STGOUT,2024,12.1601
RE1,STGOUT,2025,12.1601
RE1,STGOUT,2026,12.1601
RE1,STGOUT,2027,13.8148
RE1,STGOUT,2028,15.5001
RE1,STGOUT,2029,17.339
RE1,STGOUT,2030,20.1021
RE1,STGOUT,2031,23.0143
RE1,STGOUT,2032,26.2292
RE1,STGOUT,2033,29.2345
RE1,STGOUT,2034,32.728
RE1,STGOUT,2035,36.2311
