r,t,TotalTechnologyModelPeriodActivity
RE1,MINCOA,5577.8296
RE1,MINGAS,487.5413
RE1,PWRCOA,1859.2765
RE1,PWRGAS,243.7706
RE1,PWRTRN,4267.7597
RE1,RSCWND,1533.8113
RE1,RSCSOL,1062.7455
RE1,RSCHYD,1577.253
RE1,PWRWND,1533.8113
RE1,PWRSOL,1062.7455
RE1,PWRHYD,630.9012
RE1,RSCLND,4797.2094
RE1,LNDMAIRNF,78.8308
RE1,LNDRICRNF,25.9744
RE1,LNDMAIIRR,8.0199
RE1,LNDRICIRR,12.5621
RE1,LNDFOR,4012.6262
RE1,LNDBLT,258.86
RE1,LNDWAT,400.336
RE1,RSCPRC,5294.9958
RE1,UPSWTRSUR,0.0
RE1,DEMPUBSURWAT,29.3381
RE1,DEMPUBGWTWAT,3.3819
RE1,DEMAGRSURWAT,13.1635
RE1,DEMAGRGWTWAT,1.48
RE1,DEMPWRSURWAT,1.6878
RE1,IMPDSL,50.3805
RE1,DEMTRABIO,23.7796
RE1,STGIN,280.2344
RE1,STGOUT,280.2344
