r,t,l,y,RateOfTotalActivity
RE1,MINCOA,SD,2020,367.1808
RE1,MINCOA,SD,2021,374.4541
RE1,MINCOA,SD,2022,440.6784
RE1,MINCOA,SD,2023,473.04
RE1,MINCOA,SD,2024,473.04
RE1,MINCOA,SD,2025,396.6433
RE1,MINCOA,SD,2026,331.128
RE1,MINCOA,SD,2027,331.128
RE1,MINCOA,SD,2028,331.128
RE1,MINCOA,SD,2029,331.128
RE1,MINCOA,SD,2030,331.128
RE1,MINCOA,SD,2031,331.128
RE1,MINCOA,SD,2032,331.128
RE1,MINCOA,SD,2033,331.128
RE1,MINCOA,SD,2034,269.7152
RE1,MINCOA,SD,2035,229.7723
RE1,MINCOA,SN,2020,239.6701
RE1,MINCOA,SN,2021,241.643
RE1,MINCOA,SN,2022,303.8475
RE1,MINCOA,SN,2023,373.4154
RE1,MINCOA,SN,2024,368.5403
RE1,MINCOA,SN,2025,373.4109
RE1,MINCOA,SN,2026,331.128
RE1,MINCOA,SN,2027,331.128
RE1,MINCOA,SN,2028,331.128
RE1,MINCOA,SN,2029,331.128
RE1,MINCOA,SN,2030,331.128
RE1,MINCOA,SN,2031,331.128
RE1,MINCOA,SN,2032,331.128
RE1,MINCOA,SN,2033,331.128
RE1,MINCOA,SN,2034,331.128
RE1,MINCOA,SN,2035,331.128
RE1,MINCOA,WD,2020,473.04
RE1,MINCOA,WD,2021,473.04
RE1,MINCOA,WD,2022,473.04
RE1,MINCOA,WD,2023,473.04
RE1,MINCOA,WD,2024,473.04
RE1,MINCOA,WD,2025,473.04
RE1,MINCOA,WD,2026,331.128
RE1,MINCOA,WD,2027,331.128
RE1,MINCOA,WD,2028,331.128
RE1,MINCOA,WD,2029,331.128
RE1,MINCOA,WD,2030,331.128
RE1,MINCOA,WD,2031,331.128
RE1,MINCOA,WD,2032,331.128
RE1,MINCOA,WD,2033,331.128
RE1,MINCOA,WD,2034,331.128
RE1,MINCOA,WD,2035,331.128
RE1,MINCOA,WN,2020,334.5879
RE1,MINCOA,WN,2021,328.7376
RE1,MINCOA,WN,2022,243.9838
RE1,MINCOA,WN,2023,185.6664
RE1,MINCOA,WN,2024,182.8277
RE1,MINCOA,WN,2025,195.9973
RE1,MINCOA,WN,2026,215.39
RE1,MINCOA,WN,2027,217.8717
RE1,MINCOA,WN,2028,222.7643
RE1,MINCOA,WN,2029,232.3416
RE1,MINCOA,WN,2030,244.5396
RE1,MINCOA,WN,2031,259.3552
RE1,MINCOA,WN,2032,279.2291
RE1,MINCOA,WN,2033,298.3151
RE1,MINCOA,WN,2034,321.4103
RE1,MINCOA,WN,2035,322.2522
RE1,MINGAS,SD,2020,0.0
RE1,MINGAS,SD,2021,0.0
RE1,MINGAS,SD,2022,0.0
RE1,MINGAS,SD,2023,0.0
RE1,MINGAS,SD,2024,0.0
RE1,MINGAS,SD,2025,0.0
RE1,MINGAS,SD,2026,0.0
RE1,MINGAS,SD,2027,0.0
RE1,MINGAS,SD,2028,0.0
RE1,MINGAS,SD,2029,0.0
RE1,MINGAS,SD,2030,0.0
RE1,MINGAS,SD,2031,0.0
RE1,MINGAS,SD,2032,0.0
RE1,MINGAS,SD,2033,0.0
RE1,MINGAS,SD,2034,0.0
RE1,MINGAS,SD,2035,0.0
RE1,MINGAS,SN,2020,0.0
RE1,MINGAS,SN,2021,0.0
RE1,MINGAS,SN,2022,0.0
RE1,MINGAS,SN,2023,0.0
RE1,MINGAS,SN,2024,0.0
RE1,MINGAS,SN,2025,0.0
RE1,MINGAS,SN,2026,0.0
RE1,MINGAS,SN,2027,0.0
RE1,MINGAS,SN,2028,0.0
RE1,MINGAS,SN,2029,0.0
RE1,MINGAS,SN,2030,0.0
RE1,MINGAS,SN,2031,0.0
RE1,MINGAS,SN,2032,0.0
RE1,MINGAS,SN,2033,5.2343
RE1,MINGAS,SN,2034,20.3592
RE1,MINGAS,SN,2035,32.1885
RE1,MINGAS,WD,2020,52.4591
RE1,MINGAS,WD,2021,63.072
RE1,MINGAS,WD,2022,63.072
RE1,MINGAS,WD,2023,63.072
RE1,MINGAS,WD,2024,63.072
RE1,MINGAS,WD,2025,32.4745
RE1,MINGAS,WD,2026,90.2222
RE1,MINGAS,WD,2027,90.2222
RE1,MINGAS,WD,2028,90.2222
RE1,MINGAS,WD,2029,90.2222
RE1,MINGAS,WD,2030,90.2222
RE1,MINGAS,WD,2031,90.2222
RE1,MINGAS,WD,2032,90.2222
RE1,MINGAS,WD,2033,90.2222
RE1,MINGAS,WD,2034,59.6226
RE1,MINGAS,WD,2035,22.182
RE1,MINGAS,WN,2020,0.0
RE1,MINGAS,WN,2021,0.0
RE1,MINGAS,WN,2022,0.0
RE1,MINGAS,WN,2023,0.0
RE1,MINGAS,WN,2024,0.0
RE1,MINGAS,WN,2025,0.0
RE1,MINGAS,WN,2026,0.0
RE1,MINGAS,WN,2027,0.0
RE1,MINGAS,WN,2028,0.0
RE1,MINGAS,WN,2029,0.0
RE1,MINGAS,WN,2030,0.0
RE1,MINGAS,WN,2031,0.0
RE1,MINGAS,WN,2032,0.0
RE1,MINGAS,WN,2033,0.0
RE1,MINGAS,WN,2034,0.0
RE1,MINGAS,WN,2035,0.0
RE1,PWRCOA,SD,2020,122.3936
RE1,PWRCOA,SD,2021,124.818
RE1,PWRCOA,SD,2022,146.8928
RE1,PWRCOA,SD,2023,157.68
RE1,PWRCOA,SD,2024,157.68
RE1,PWRCOA,SD,2025,132.2144
RE1,PWRCOA,SD,2026,110.376
RE1,PWRCOA,SD,2027,110.376
RE1,PWRCOA,SD,2028,110.376
RE1,PWRCOA,SD,2029,110.376
RE1,PWRCOA,SD,2030,110.376
RE1,PWRCOA,SD,2031,110.376
RE1,PWRCOA,SD,2032,110.376
RE1,PWRCOA,SD,2033,110.376
RE1,PWRCOA,SD,2034,89.9051
RE1,PWRCOA,SD,2035,76.5908
RE1,PWRCOA,SN,2020,79.89
RE1,PWRCOA,SN,2021,80.5477
RE1,PWRCOA,SN,2022,101.2825
RE1,PWRCOA,SN,2023,124.4718
RE1,PWRCOA,SN,2024,122.8468
RE1,PWRCOA,SN,2025,124.4703
RE1,PWRCOA,SN,2026,110.376
RE1,PWRCOA,SN,2027,110.376
RE1,PWRCOA,SN,2028,110.376
RE1,PWRCOA,SN,2029,110.376
RE1,PWRCOA,SN,2030,110.376
RE1,PWRCOA,SN,2031,110.376
RE1,PWRCOA,SN,2032,110.376
RE1,PWRCOA,SN,2033,110.376
RE1,PWRCOA,SN,2034,110.376
RE1,PWRCOA,SN,2035,110.376
RE1,PWRCOA,WD,2020,157.68
RE1,PWRCOA,WD,2021,157.68
RE1,PWRCOA,WD,2022,157.68
RE1,PWRCOA,WD,2023,157.68
RE1,PWRCOA,WD,2024,157.68
RE1,PWRCOA,WD,2025,157.68
RE1,PWRCOA,WD,2026,110.376
RE1,PWRCOA,WD,2027,110.376
RE1,PWRCOA,WD,2028,110.376
RE1,PWRCOA,WD,2029,110.376
RE1,PWRCOA,WD,2030,110.376
RE1,PWRCOA,WD,2031,110.376
RE1,PWRCOA,WD,2032,110.376
RE1,PWRCOA,WD,2033,110.376
RE1,PWRCOA,WD,2034,110.376
RE1,PWRCOA,WD,2035,110.376
RE1,PWRCOA,WN,2020,111.5293
RE1,PWRCOA,WN,2021,109.5792
RE1,PWRCOA,WN,2022,81.3279
RE1,PWRCOA,WN,2023,61.8888
RE1,PWRCOA,WN,2024,60.9426
RE1,PWRCOA,WN,2025,65.3324
RE1,PWRCOA,WN,2026,71.7967
RE1,PWRCOA,WN,2027,72.6239
RE1,PWRCOA,WN,2028,74.2548
RE1,PWRCOA,WN,2029,77.4472
RE1,PWRCOA,WN,2030,81.5132
RE1,PWRCOA,WN,2031,86.4517
RE1,PWRCOA,WN,2032,93.0764
RE1,PWRCOA,WN,2033,99.4384
RE1,PWRCOA,WN,2034,107.1368
RE1,PWRCOA,WN,2035,107.4174
RE1,PWRGAS,SD,2020,0.0
RE1,PWRGAS,SD,2021,0.0
RE1,PWRGAS,SD,2022,0.0
RE1,PWRGAS,SD,2023,0.0
RE1,PWRGAS,SD,2024,0.0
RE1,PWRGAS,SD,2025,0.0
RE1,PWRGAS,SD,2026,0.0
RE1,PWRGAS,SD,2027,0.0
RE1,PWRGAS,SD,2028,0.0
RE1,PWRGAS,SD,2029,0.0
RE1,PWRGAS,SD,2030,0.0
RE1,PWRGAS,SD,2031,0.0
RE1,PWRGAS,SD,2032,0.0
RE1,PWRGAS,SD,2033,0.0
RE1,PWRGAS,SD,2034,0.0
RE1,PWRGAS,SD,2035,0.0
RE1,PWRGAS,SN,2020,0.0
RE1,PWRGAS,SN,2021,0.0
RE1,PWRGAS,SN,2022,0.0
RE1,PWRGAS,SN,2023,0.0
RE1,PWRGAS,SN,2024,0.0
RE1,PWRGAS,SN,2025,0.0
RE1,PWRGAS,SN,2026,0.0
RE1,PWRGAS,SN,2027,0.0
RE1,PWRGAS,SN,2028,0.0
RE1,PWRGAS,SN,2029,0.0
RE1,PWRGAS,SN,2030,0.0
RE1,PWRGAS,SN,2031,0.0
RE1,PWRGAS,SN,2032,0.0
RE1,PWRGAS,SN,2033,2.6171
RE1,PWRGAS,SN,2034,10.1796
RE1,PWRGAS,SN,2035,16.0943
RE1,PWRGAS,WD,2020,26.2296
RE1,PWRGAS,WD,2021,31.536
RE1,PWRGAS,WD,2022,31.536
RE1,PWRGAS,WD,2023,31.536
RE1,PWRGAS,WD,2024,31.536
RE1,PWRGAS,WD,2025,16.2373
RE1,PWRGAS,WD,2026,45.1111
RE1,PWRGAS,WD,2027,45.1111
RE1,PWRGAS,WD,2028,45.1111
RE1,PWRGAS,WD,2029,45.1111
RE1,PWRGAS,WD,2030,45.1111
RE1,PWRGAS,WD,2031,45.1111
RE1,PWRGAS,WD,2032,45.1111
RE1,PWRGAS,WD,2033,45.1111
RE1,PWRGAS,WD,2034,29.8113
RE1,PWRGAS,WD,2035,11.091
RE1,PWRGAS,WN,2020,0.0
RE1,PWRGAS,WN,2021,0.0
RE1,PWRGAS,WN,2022,0.0
RE1,PWRGAS,WN,2023,0.0
RE1,PWRGAS,WN,2024,0.0
RE1,PWRGAS,WN,2025,0.0
RE1,PWRGAS,WN,2026,0.0
RE1,PWRGAS,WN,2027,0.0
RE1,PWRGAS,WN,2028,0.0
RE1,PWRGAS,WN,2029,0.0
RE1,PWRGAS,WN,2030,0.0
RE1,PWRGAS,WN,2031,0.0
RE1,PWRGAS,WN,2032,0.0
RE1,PWRGAS,WN,2033,0.0
RE1,PWRGAS,WN,2034,0.0
RE1,PWRGAS,WN,2035,0.0
RE1,PWRTRN,SD,2020,171.2744
RE1,PWRTRN,SD,2021,184.7364
RE1,PWRTRN,SD,2022,217.8488
RE1,PWRTRN,SD,2023,239.6736
RE1,PWRTRN,SD,2024,250.7112
RE1,PWRTRN,SD,2025,236.2832
RE1,PWRTRN,SD,2026,225.4824
RE1,PWRTRN,SD,2027,236.52
RE1,PWRTRN,SD,2028,247.5576
RE1,PWRTRN,SD,2029,258.5952
RE1,PWRTRN,SD,2030,269.6328
RE1,PWRTRN,SD,2031,280.6704
RE1,PWRTRN,SD,2032,291.708
RE1,PWRTRN,SD,2033,302.7456
RE1,PWRTRN,SD,2034,293.3123
RE1,PWRTRN,SD,2035,291.0356
RE1,PWRTRN,SN,2020,127.194
RE1,PWRTRN,SN,2021,137.3125
RE1,PWRTRN,SN,2022,167.5081
RE1,PWRTRN,SN,2023,200.1582
RE1,PWRTRN,SN,2024,207.994
RE1,PWRTRN,SN,2025,219.0783
RE1,PWRTRN,SN,2026,214.4448
RE1,PWRTRN,SN,2027,223.9056
RE1,PWRTRN,SN,2028,233.3664
RE1,PWRTRN,SN,2029,242.8272
RE1,PWRTRN,SN,2030,252.288
RE1,PWRTRN,SN,2031,261.7488
RE1,PWRTRN,SN,2032,271.2096
RE1,PWRTRN,SN,2033,283.2875
RE1,PWRTRN,SN,2034,300.3108
RE1,PWRTRN,SN,2035,315.6862
RE1,PWRTRN,WD,2020,239.646
RE1,PWRTRN,WD,2021,257.0736
RE1,PWRTRN,WD,2022,269.198
RE1,PWRTRN,WD,2023,281.3207
RE1,PWRTRN,WD,2024,293.4491
RE1,PWRTRN,WD,2025,290.2955
RE1,PWRTRN,WD,2026,283.9883
RE1,PWRTRN,WD,2027,296.1161
RE1,PWRTRN,WD,2028,308.2613
RE1,PWRTRN,WD,2029,320.4103
RE1,PWRTRN,WD,2030,332.5555
RE1,PWRTRN,WD,2031,344.7044
RE1,PWRTRN,WD,2032,356.8485
RE1,PWRTRN,WD,2033,368.9962
RE1,PWRTRN,WD,2034,365.8426
RE1,PWRTRN,WD,2035,359.2694
RE1,PWRTRN,WN,2020,168.5266
RE1,PWRTRN,WN,2021,179.7976
RE1,PWRTRN,WN,2022,164.7673
RE1,PWRTRN,WN,2023,158.5488
RE1,PWRTRN,WN,2024,170.8218
RE1,PWRTRN,WN,2025,188.4308
RE1,PWRTRN,WN,2026,208.1151
RE1,PWRTRN,WN,2027,222.161
RE1,PWRTRN,WN,2028,237.0103
RE1,PWRTRN,WN,2029,253.4197
RE1,PWRTRN,WN,2030,270.7038
RE1,PWRTRN,WN,2031,288.8588
RE1,PWRTRN,WN,2032,308.7009
RE1,PWRTRN,WN,2033,328.2788
RE1,PWRTRN,WN,2034,349.1929
RE1,PWRTRN,WN,2035,362.689
RE1,RSCWND,SD,2020,11.0376
RE1,RSCWND,SD,2021,22.0752
RE1,RSCWND,SD,2022,33.1128
RE1,RSCWND,SD,2023,44.1504
RE1,RSCWND,SD,2024,55.188
RE1,RSCWND,SD,2025,66.2256
RE1,RSCWND,SD,2026,77.2632
RE1,RSCWND,SD,2027,88.3008
RE1,RSCWND,SD,2028,99.3384
RE1,RSCWND,SD,2029,110.376
RE1,RSCWND,SD,2030,121.4136
RE1,RSCWND,SD,2031,132.4512
RE1,RSCWND,SD,2032,143.4888
RE1,RSCWND,SD,2033,154.5264
RE1,RSCWND,SD,2034,165.564
RE1,RSCWND,SD,2035,176.6016
RE1,RSCWND,SN,2020,9.4608
RE1,RSCWND,SN,2021,18.9216
RE1,RSCWND,SN,2022,28.3824
RE1,RSCWND,SN,2023,37.8432
RE1,RSCWND,SN,2024,47.304
RE1,RSCWND,SN,2025,56.7648
RE1,RSCWND,SN,2026,66.2256
RE1,RSCWND,SN,2027,75.6864
RE1,RSCWND,SN,2028,85.1472
RE1,RSCWND,SN,2029,94.608
RE1,RSCWND,SN,2030,104.0688
RE1,RSCWND,SN,2031,113.5296
RE1,RSCWND,SN,2032,122.9904
RE1,RSCWND,SN,2033,132.4512
RE1,RSCWND,SN,2034,141.912
RE1,RSCWND,SN,2035,151.3728
RE1,RSCWND,WD,2020,11.9837
RE1,RSCWND,WD,2021,23.9674
RE1,RSCWND,WD,2022,35.951
RE1,RSCWND,WD,2023,47.9347
RE1,RSCWND,WD,2024,59.9184
RE1,RSCWND,WD,2025,71.9021
RE1,RSCWND,WD,2026,83.8858
RE1,RSCWND,WD,2027,95.8694
RE1,RSCWND,WD,2028,107.8531
RE1,RSCWND,WD,2029,119.8368
RE1,RSCWND,WD,2030,131.8205
RE1,RSCWND,WD,2031,143.8042
RE1,RSCWND,WD,2032,155.7878
RE1,RSCWND,WD,2033,167.7715
RE1,RSCWND,WD,2034,179.7552
RE1,RSCWND,WD,2035,191.7389
RE1,RSCWND,WN,2020,13.2451
RE1,RSCWND,WN,2021,26.4902
RE1,RSCWND,WN,2022,39.7354
RE1,RSCWND,WN,2023,52.9805
RE1,RSCWND,WN,2024,66.2256
RE1,RSCWND,WN,2025,79.4707
RE1,RSCWND,WN,2026,92.7158
RE1,RSCWND,WN,2027,105.961
RE1,RSCWND,WN,2028,119.2061
RE1,RSCWND,WN,2029,132.4512
RE1,RSCWND,WN,2030,145.6963
RE1,RSCWND,WN,2031,158.9414
RE1,RSCWND,WN,2032,172.1866
RE1,RSCWND,WN,2033,185.4317
RE1,RSCWND,WN,2034,198.6768
RE1,RSCWND,WN,2035,211.9219
RE1,RSCSOL,SD,2020,3.5778
RE1,RSCSOL,SD,2021,3.5778
RE1,RSCSOL,SD,2022,4.7715
RE1,RSCSOL,SD,2023,9.799
RE1,RSCSOL,SD,2024,20.4011
RE1,RSCSOL,SD,2025,49.582
RE1,RSCSOL,SD,2026,84.9747
RE1,RSCSOL,SD,2027,99.7465
RE1,RSCSOL,SD,2028,115.9731
RE1,RSCSOL,SD,2029,135.032
RE1,RSCSOL,SD,2030,155.5941
RE1,RSCSOL,SD,2031,177.611
RE1,RSCSOL,SD,2032,202.5658
RE1,RSCSOL,SD,2033,228.642
RE1,RSCSOL,SD,2034,273.3467
RE1,RSCSOL,SD,2035,320.5683
RE1,RSCSOL,SN,2020,0.2308
RE1,RSCSOL,SN,2021,0.2308
RE1,RSCSOL,SN,2022,0.3078
RE1,RSCSOL,SN,2023,0.6322
RE1,RSCSOL,SN,2024,1.3162
RE1,RSCSOL,SN,2025,3.1988
RE1,RSCSOL,SN,2026,5.4822
RE1,RSCSOL,SN,2027,6.4353
RE1,RSCSOL,SN,2028,7.4821
RE1,RSCSOL,SN,2029,8.7117
RE1,RSCSOL,SN,2030,10.0383
RE1,RSCSOL,SN,2031,11.4588
RE1,RSCSOL,SN,2032,13.0688
RE1,RSCSOL,SN,2033,14.7511
RE1,RSCSOL,SN,2034,17.6353
RE1,RSCSOL,SN,2035,20.6818
RE1,RSCSOL,WD,2020,3.1161
RE1,RSCSOL,WD,2021,3.1161
RE1,RSCSOL,WD,2022,4.1558
RE1,RSCSOL,WD,2023,8.5346
RE1,RSCSOL,WD,2024,17.7687
RE1,RSCSOL,WD,2025,43.1843
RE1,RSCSOL,WD,2026,74.0103
RE1,RSCSOL,WD,2027,86.876
RE1,RSCSOL,WD,2028,101.0088
RE1,RSCSOL,WD,2029,117.6085
RE1,RSCSOL,WD,2030,135.5174
RE1,RSCSOL,WD,2031,154.6934
RE1,RSCSOL,WD,2032,176.4282
RE1,RSCSOL,WD,2033,199.1398
RE1,RSCSOL,WD,2034,238.0762
RE1,RSCSOL,WD,2035,279.2046
RE1,RSCSOL,WN,2020,0.0
RE1,RSCSOL,WN,2021,0.0
RE1,RSCSOL,WN,2022,0.0
RE1,RSCSOL,WN,2023,0.0
RE1,RSCSOL,WN,2024,0.0
RE1,RSCSOL,WN,2025,0.0
RE1,RSCSOL,WN,2026,0.0
RE1,RSCSOL,WN,2027,0.0
RE1,RSCSOL,WN,2028,0.0
RE1,RSCSOL,WN,2029,0.0
RE1,RSCSOL,WN,2030,0.0
RE1,RSCSOL,WN,2031,0.0
RE1,RSCSOL,WN,2032,0.0
RE1,RSCSOL,WN,2033,0.0
RE1,RSCSOL,WN,2034,0.0
RE1,RSCSOL,WN,2035,0.0
RE1,RSCHYD,SD,2020,94.608
RE1,RSCHYD,SD,2021,94.608
RE1,RSCHYD,SD,2022,94.608
RE1,RSCHYD,SD,2023,94.608
RE1,RSCHYD,SD,2024,94.608
RE1,RSCHYD,SD,2025,94.608
RE1,RSCHYD,SD,2026,94.608
RE1,RSCHYD,SD,2027,94.608
RE1,RSCHYD,SD,2028,94.608
RE1,RSCHYD,SD,2029,94.608
RE1,RSCHYD,SD,2030,94.608
RE1,RSCHYD,SD,2031,94.608
RE1,RSCHYD,SD,2032,94.608
RE1,RSCHYD,SD,2033,94.608
RE1,RSCHYD,SD,2034,94.608
RE1,RSCHYD,SD,2035,94.608
RE1,RSCHYD,SN,2020,94.608
RE1,RSCHYD,SN,2021,94.608
RE1,RSCHYD,SN,2022,94.608
RE1,RSCHYD,SN,2023,94.608
RE1,RSCHYD,SN,2024,94.608
RE1,RSCHYD,SN,2025,94.608
RE1,RSCHYD,SN,2026,94.608
RE1,RSCHYD,SN,2027,94.608
RE1,RSCHYD,SN,2028,94.608
RE1,RSCHYD,SN,2029,94.608
RE1,RSCHYD,SN,2030,94.608
RE1,RSCHYD,SN,2031,94.608
RE1,RSCHYD,SN,2032,94.608
RE1,RSCHYD,SN,2033,94.608
RE1,RSCHYD,SN,2034,94.608
RE1,RSCHYD,SN,2035,94.608
RE1,RSCHYD,WD,2020,109.3819
RE1,RSCHYD,WD,2021,109.7257
RE1,RSCHYD,WD,2022,110.0774
RE1,RSCHYD,WD,2023,110.4248
RE1,RSCHYD,WD,2024,110.7868
RE1,RSCHYD,WD,2025,111.1904
RE1,RSCHYD,WD,2026,111.5386
RE1,RSCHYD,WD,2027,111.8989
RE1,RSCHYD,WD,2028,112.3026
RE1,RSCHYD,WD,2029,112.716
RE1,RSCHYD,WD,2030,113.1197
RE1,RSCHYD,WD,2031,113.5328
RE1,RSCHYD,WD,2032,113.9338
RE1,RSCHYD,WD,2033,114.3439
RE1,RSCHYD,WD,2034,114.7503
RE1,RSCHYD,WD,2035,115.1588
RE1,RSCHYD,WN,2020,109.3804
RE1,RSCHYD,WN,2021,109.3205
RE1,RSCHYD,WN,2022,109.26
RE1,RSCHYD,WN,2023,109.1989
RE1,RSCHYD,WN,2024,109.1341
RE1,RSCHYD,WN,2025,109.069
RE1,RSCHYD,WN,2026,109.0064
RE1,RSCHYD,WN,2027,108.9404
RE1,RSCHYD,WN,2028,108.8737
RE1,RSCHYD,WN,2029,108.8033
RE1,RSCHYD,WN,2030,108.7356
RE1,RSCHYD,WN,2031,108.664
RE1,RSCHYD,WN,2032,108.5949
RE1,RSCHYD,WN,2033,108.5219
RE1,RSCHYD,WN,2034,108.4485
RE1,RSCHYD,WN,2035,108.3742
RE1,PWRWND,SD,2020,11.0376
RE1,PWRWND,SD,2021,22.0752
RE1,PWRWND,SD,2022,33.1128
RE1,PWRWND,SD,2023,44.1504
RE1,PWRWND,SD,2024,55.188
RE1,PWRWND,SD,2025,66.2256
RE1,PWRWND,SD,2026,77.2632
RE1,PWRWND,SD,2027,88.3008
RE1,PWRWND,SD,2028,99.3384
RE1,PWRWND,SD,2029,110.376
RE1,PWRWND,SD,2030,121.4136
RE1,PWRWND,SD,2031,132.4512
RE1,PWRWND,SD,2032,143.4888
RE1,PWRWND,SD,2033,154.5264
RE1,PWRWND,SD,2034,165.564
RE1,PWRWND,SD,2035,176.6016
RE1,PWRWND,SN,2020,9.4608
RE1,PWRWND,SN,2021,18.9216
RE1,PWRWND,SN,2022,28.3824
RE1,PWRWND,SN,2023,37.8432
RE1,PWRWND,SN,2024,47.304
RE1,PWRWND,SN,2025,56.7648
RE1,PWRWND,SN,2026,66.2256
RE1,PWRWND,SN,2027,75.6864
RE1,PWRWND,SN,2028,85.1472
RE1,PWRWND,SN,2029,94.608
RE1,PWRWND,SN,2030,104.0688
RE1,PWRWND,SN,2031,113.5296
RE1,PWRWND,SN,2032,122.9904
RE1,PWRWND,SN,2033,132.4512
RE1,PWRWND,SN,2034,141.912
RE1,PWRWND,SN,2035,151.3728
RE1,PWRWND,WD,2020,11.9837
RE1,PWRWND,WD,2021,23.9674
RE1,PWRWND,WD,2022,35.951
RE1,PWRWND,WD,2023,47.9347
RE1,PWRWND,WD,2024,59.9184
RE1,PWRWND,WD,2025,71.9021
RE1,PWRWND,WD,2026,83.8858
RE1,PWRWND,WD,2027,95.8694
RE1,PWRWND,WD,2028,107.8531
RE1,PWRWND,WD,2029,119.8368
RE1,PWRWND,WD,2030,131.8205
RE1,PWRWND,WD,2031,143.8042
RE1,PWRWND,WD,2032,155.7878
RE1,PWRWND,WD,2033,167.7715
RE1,PWRWND,WD,2034,179.7552
RE1,PWRWND,WD,2035,191.7389
RE1,PWRWND,WN,2020,13.2451
RE1,PWRWND,WN,2021,26.4902
RE1,PWRWND,WN,2022,39.7354
RE1,PWRWND,WN,2023,52.9805
RE1,PWRWND,WN,2024,66.2256
RE1,PWRWND,WN,2025,79.4707
RE1,PWRWND,WN,2026,92.7158
RE1,PWRWND,WN,2027,105.961
RE1,PWRWND,WN,2028,119.2061
RE1,PWRWND,WN,2029,132.4512
RE1,PWRWND,WN,2030,145.6963
RE1,PWRWND,WN,2031,158.9414
RE1,PWRWND,WN,2032,172.1866
RE1,PWRWND,WN,2033,185.4317
RE1,PWRWND,WN,2034,198.6768
RE1,PWRWND,WN,2035,211.9219
RE1,PWRSOL,SD,2020,3.5778
RE1,PWRSOL,SD,2021,3.5778
RE1,PWRSOL,SD,2022,4.7715
RE1,PWRSOL,SD,2023,9.799
RE1,PWRSOL,SD,2024,20.4011
RE1,PWRSOL,SD,2025,49.582
RE1,PWRSOL,SD,2026,84.9747
RE1,PWRSOL,SD,2027,99.7465
RE1,PWRSOL,SD,2028,115.9731
RE1,PWRSOL,SD,2029,135.032
RE1,PWRSOL,SD,2030,155.5941
RE1,PWRSOL,SD,2031,177.611
RE1,PWRSOL,SD,2032,202.5658
RE1,PWRSOL,SD,2033,228.642
RE1,PWRSOL,SD,2034,273.3467
RE1,PWRSOL,SD,2035,320.5683
RE1,PWRSOL,SN,2020,0.2308
RE1,PWRSOL,SN,2021,0.2308
RE1,PWRSOL,SN,2022,0.3078
RE1,PWRSOL,SN,2023,0.6322
RE1,PWRSOL,SN,2024,1.3162
RE1,PWRSOL,SN,2025,3.1988
RE1,PWRSOL,SN,2026,5.4822
RE1,PWRSOL,SN,2027,6.4353
RE1,PWRSOL,SN,2028,7.4821
RE1,PWRSOL,SN,2029,8.7117
RE1,PWRSOL,SN,2030,10.0383
RE1,PWRSOL,SN,2031,11.4588
RE1,PWRSOL,SN,2032,13.0688
RE1,PWRSOL,SN,2033,14.7511
RE1,PWRSOL,SN,2034,17.6353
RE1,PWRSOL,SN,2035,20.6818
RE1,PWRSOL,WD,2020,3.1161
RE1,PWRSOL,WD,2021,3.1161
RE1,PWRSOL,WD,2022,4.1558
RE1,PWRSOL,WD,2023,8.5346
RE1,PWRSOL,WD,2024,17.7687
RE1,PWRSOL,WD,2025,43.1843
RE1,PWRSOL,WD,2026,74.0103
RE1,PWRSOL,WD,2027,86.876
RE1,PWRSOL,WD,2028,101.0088
RE1,PWRSOL,WD,2029,117.6085
RE1,PWRSOL,WD,2030,135.5174
RE1,PWRSOL,WD,2031,154.6934
RE1,PWRSOL,WD,2032,176.4282
RE1,PWRSOL,WD,2033,199.1398
RE1,PWRSOL,WD,2034,238.0762
RE1,PWRSOL,WD,2035,279.2046
RE1,PWRSOL,WN,2020,0.0
RE1,PWRSOL,WN,2021,0.0
RE1,PWRSOL,WN,2022,0.0
RE1,PWRSOL,WN,2023,0.0
RE1,PWRSOL,WN,2024,0.0
RE1,PWRSOL,WN,2025,0.0
RE1,PWRSOL,WN,2026,0.0
RE1,PWRSOL,WN,2027,0.0
RE1,PWRSOL,WN,2028,0.0
RE1,PWRSOL,WN,2029,0.0
RE1,PWRSOL,WN,2030,0.0
RE1,PWRSOL,WN,2031,0.0
RE1,PWRSOL,WN,2032,0.0
RE1,PWRSOL,WN,2033,0.0
RE1,PWRSOL,WN,2034,0.0
RE1,PWRSOL,WN,2035,0.0
RE1,PWRHYD,SD,2020,37.8432
RE1,PWRHYD,SD,2021,37.8432
RE1,PWRHYD,SD,2022,37.8432
RE1,PWRHYD,SD,2023,37.8432
RE1,PWRHYD,SD,2024,37.8432
RE1,PWRHYD,SD,2025,37.8432
RE1,PWRHYD,SD,2026,37.8432
RE1,PWRHYD,SD,2027,37.8432
RE1,PWRHYD,SD,2028,37.8432
RE1,PWRHYD,SD,2029,37.8432
RE1,PWRHYD,SD,2030,37.8432
RE1,PWRHYD,SD,2031,37.8432
RE1,PWRHYD,SD,2032,37.8432
RE1,PWRHYD,SD,2033,37.8432
RE1,PWRHYD,SD,2034,37.8432
RE1,PWRHYD,SD,2035,37.8432
RE1,PWRHYD,SN,2020,37.8432
RE1,PWRHYD,SN,2021,37.8432
RE1,PWRHYD,SN,2022,37.8432
RE1,PWRHYD,SN,2023,37.8432
RE1,PWRHYD,SN,2024,37.8432
RE1,PWRHYD,SN,2025,37.8432
RE1,PWRHYD,SN,2026,37.8432
RE1,PWRHYD,SN,2027,37.8432
RE1,PWRHYD,SN,2028,37.8432
RE1,PWRHYD,SN,2029,37.8432
RE1,PWRHYD,SN,2030,37.8432
RE1,PWRHYD,SN,2031,37.8432
RE1,PWRHYD,SN,2032,37.8432
RE1,PWRHYD,SN,2033,37.8432
RE1,PWRHYD,SN,2034,37.8432
RE1,PWRHYD,SN,2035,37.8432
RE1,PWRHYD,WD,2020,43.7528
RE1,PWRHYD,WD,2021,43.8903
RE1,PWRHYD,WD,2022,44.031
RE1,PWRHYD,WD,2023,44.1699
RE1,PWRHYD,WD,2024,44.3147
RE1,PWRHYD,WD,2025,44.4762
RE1,PWRHYD,WD,2026,44.6154
RE1,PWRHYD,WD,2027,44.7596
RE1,PWRHYD,WD,2028,44.921
RE1,PWRHYD,WD,2029,45.0864
RE1,PWRHYD,WD,2030,45.2479
RE1,PWRHYD,WD,2031,45.4131
RE1,PWRHYD,WD,2032,45.5735
RE1,PWRHYD,WD,2033,45.7376
RE1,PWRHYD,WD,2034,45.9001
RE1,PWRHYD,WD,2035,46.0635
RE1,PWRHYD,WN,2020,43.7521
RE1,PWRHYD,WN,2021,43.7282
RE1,PWRHYD,WN,2022,43.704
RE1,PWRHYD,WN,2023,43.6796
RE1,PWRHYD,WN,2024,43.6536
RE1,PWRHYD,WN,2025,43.6276
RE1,PWRHYD,WN,2026,43.6026
RE1,PWRHYD,WN,2027,43.5762
RE1,PWRHYD,WN,2028,43.5495
RE1,PWRHYD,WN,2029,43.5213
RE1,PWRHYD,WN,2030,43.4942
RE1,PWRHYD,WN,2031,43.4656
RE1,PWRHYD,WN,2032,43.438
RE1,PWRHYD,WN,2033,43.4088
RE1,PWRHYD,WN,2034,43.3794
RE1,PWRHYD,WN,2035,43.3497
RE1,RSCLND,SD,2020,300.0
RE1,RSCLND,SD,2021,300.0
RE1,RSCLND,SD,2022,300.0
RE1,RSCLND,SD,2023,300.0
RE1,RSCLND,SD,2024,300.0
RE1,RSCLND,SD,2025,300.0
RE1,RSCLND,SD,2026,300.0
RE1,RSCLND,SD,2027,300.0
RE1,RSCLND,SD,2028,300.0
RE1,RSCLND,SD,2029,300.0
RE1,RSCLND,SD,2030,300.0
RE1,RSCLND,SD,2031,300.0
RE1,RSCLND,SD,2032,300.0
RE1,RSCLND,SD,2033,300.0
RE1,RSCLND,SD,2034,300.0
RE1,RSCLND,SD,2035,300.0
RE1,RSCLND,SN,2020,299.9792
RE1,RSCLND,SN,2021,300.0
RE1,RSCLND,SN,2022,300.0
RE1,RSCLND,SN,2023,300.0
RE1,RSCLND,SN,2024,300.0
RE1,RSCLND,SN,2025,300.0
RE1,RSCLND,SN,2026,300.0
RE1,RSCLND,SN,2027,300.0
RE1,RSCLND,SN,2028,300.0
RE1,RSCLND,SN,2029,300.0
RE1,RSCLND,SN,2030,300.0
RE1,RSCLND,SN,2031,300.0
RE1,RSCLND,SN,2032,300.0
RE1,RSCLND,SN,2033,300.0
RE1,RSCLND,SN,2034,300.0
RE1,RSCLND,SN,2035,300.0
RE1,RSCLND,WD,2020,300.0
RE1,RSCLND,WD,2021,300.0
RE1,RSCLND,WD,2022,300.0
RE1,RSCLND,WD,2023,300.0
RE1,RSCLND,WD,2024,300.0
RE1,RSCLND,WD,2025,300.0
RE1,RSCLND,WD,2026,300.0
RE1,RSCLND,WD,2027,300.0
RE1,RSCLND,WD,2028,300.0
RE1,RSCLND,WD,2029,300.0
RE1,RSCLND,WD,2030,300.0
RE1,RSCLND,WD,2031,300.0
RE1,RSCLND,WD,2032,300.0
RE1,RSCLND,WD,2033,300.0
RE1,RSCLND,WD,2034,300.0
RE1,RSCLND,WD,2035,300.0
RE1,RSCLND,WN,2020,300.0
RE1,RSCLND,WN,2021,300.0
RE1,RSCLND,WN,2022,300.0
RE1,RSCLND,WN,2023,300.0
RE1,RSCLND,WN,2024,300.0
RE1,RSCLND,WN,2025,300.0
RE1,RSCLND,WN,2026,300.0
RE1,RSCLND,WN,2027,300.0
RE1,RSCLND,WN,2028,300.0
RE1,RSCLND,WN,2029,300.0
RE1,RSCLND,WN,2030,300.0
RE1,RSCLND,WN,2031,300.0
RE1,RSCLND,WN,2032,300.0
RE1,RSCLND,WN,2033,300.0
RE1,RSCLND,WN,2034,300.0
RE1,RSCLND,WN,2035,300.0
RE1,LNDMAIRNF,SD,2020,4.086
RE1,LNDMAIRNF,SD,2021,4.1872
RE1,LNDMAIRNF,SD,2022,4.2912
RE1,LNDMAIRNF,SD,2023,4.391
RE1,LNDMAIRNF,SD,2024,4.4926
RE1,LNDMAIRNF,SD,2025,4.6247
RE1,LNDMAIRNF,SD,2026,4.7235
RE1,LNDMAIRNF,SD,2027,4.8237
RE1,LNDMAIRNF,SD,2028,4.9544
RE1,LNDMAIRNF,SD,2029,5.0834
RE1,LNDMAIRNF,SD,2030,5.2137
RE1,LNDMAIRNF,SD,2031,5.3422
RE1,LNDMAIRNF,SD,2032,5.4689
RE1,LNDMAIRNF,SD,2033,5.5936
RE1,LNDMAIRNF,SD,2034,5.7162
RE1,LNDMAIRNF,SD,2035,5.8396
RE1,LNDMAIRNF,SN,2020,4.0652
RE1,LNDMAIRNF,SN,2021,4.1872
RE1,LNDMAIRNF,SN,2022,4.2912
RE1,LNDMAIRNF,SN,2023,4.391
RE1,LNDMAIRNF,SN,2024,4.4926
RE1,LNDMAIRNF,SN,2025,4.6247
RE1,LNDMAIRNF,SN,2026,4.7235
RE1,LNDMAIRNF,SN,2027,4.8237
RE1,LNDMAIRNF,SN,2028,4.9544
RE1,LNDMAIRNF,SN,2029,5.0834
RE1,LNDMAIRNF,SN,2030,5.2137
RE1,LNDMAIRNF,SN,2031,5.3422
RE1,LNDMAIRNF,SN,2032,5.4689
RE1,LNDMAIRNF,SN,2033,5.5936
RE1,LNDMAIRNF,SN,2034,5.7162
RE1,LNDMAIRNF,SN,2035,5.8396
RE1,LNDMAIRNF,WD,2020,4.0946
RE1,LNDMAIRNF,WD,2021,4.1872
RE1,LNDMAIRNF,WD,2022,4.2912
RE1,LNDMAIRNF,WD,2023,4.391
RE1,LNDMAIRNF,WD,2024,4.4926
RE1,LNDMAIRNF,WD,2025,4.6247
RE1,LNDMAIRNF,WD,2026,4.7235
RE1,LNDMAIRNF,WD,2027,4.8237
RE1,LNDMAIRNF,WD,2028,4.9544
RE1,LNDMAIRNF,WD,2029,5.0834
RE1,LNDMAIRNF,WD,2030,5.2137
RE1,LNDMAIRNF,WD,2031,5.3422
RE1,LNDMAIRNF,WD,2032,5.4689
RE1,LNDMAIRNF,WD,2033,5.5936
RE1,LNDMAIRNF,WD,2034,5.7162
RE1,LNDMAIRNF,WD,2035,5.8396
RE1,LNDMAIRNF,WN,2020,4.086
RE1,LNDMAIRNF,WN,2021,4.1872
RE1,LNDMAIRNF,WN,2022,4.2912
RE1,LNDMAIRNF,WN,2023,4.391
RE1,LNDMAIRNF,WN,2024,4.4926
RE1,LNDMAIRNF,WN,2025,4.6247
RE1,LNDMAIRNF,WN,2026,4.7235
RE1,LNDMAIRNF,WN,2027,4.8237
RE1,LNDMAIRNF,WN,2028,4.9544
RE1,LNDMAIRNF,WN,2029,5.0834
RE1,LNDMAIRNF,WN,2030,5.2137
RE1,LNDMAIRNF,WN,2031,5.3422
RE1,LNDMAIRNF,WN,2032,5.4689
RE1,LNDMAIRNF,WN,2033,5.5936
RE1,LNDMAIRNF,WN,2034,5.7162
RE1,LNDMAIRNF,WN,2035,5.8396
RE1,LNDRICRNF,SD,2020,1.423
RE1,LNDRICRNF,SD,2021,1.4211
RE1,LNDRICRNF,SD,2022,1.4192
RE1,LNDRICRNF,SD,2023,1.4166
RE1,LNDRICRNF,SD,2024,1.413
RE1,LNDRICRNF,SD,2025,1.4067
RE1,LNDRICRNF,SD,2026,1.3992
RE1,LNDRICRNF,SD,2027,1.3886
RE1,LNDRICRNF,SD,2028,1.3766
RE1,LNDRICRNF,SD,2029,1.3629
RE1,LNDRICRNF,SD,2030,1.3457
RE1,LNDRICRNF,SD,2031,1.3265
RE1,LNDRICRNF,SD,2032,1.3051
RE1,LNDRICRNF,SD,2033,1.2813
RE1,LNDRICRNF,SD,2034,1.2534
RE1,LNDRICRNF,SD,2035,1.2226
RE1,LNDRICRNF,SN,2020,1.423
RE1,LNDRICRNF,SN,2021,1.4211
RE1,LNDRICRNF,SN,2022,1.4192
RE1,LNDRICRNF,SN,2023,1.4166
RE1,LNDRICRNF,SN,2024,1.413
RE1,LNDRICRNF,SN,2025,1.4067
RE1,LNDRICRNF,SN,2026,1.3992
RE1,LNDRICRNF,SN,2027,1.3886
RE1,LNDRICRNF,SN,2028,1.3766
RE1,LNDRICRNF,SN,2029,1.3629
RE1,LNDRICRNF,SN,2030,1.3457
RE1,LNDRICRNF,SN,2031,1.3265
RE1,LNDRICRNF,SN,2032,1.3051
RE1,LNDRICRNF,SN,2033,1.2813
RE1,LNDRICRNF,SN,2034,1.2534
RE1,LNDRICRNF,SN,2035,1.2226
RE1,LNDRICRNF,WD,2020,1.4144
RE1,LNDRICRNF,WD,2021,1.4211
RE1,LNDRICRNF,WD,2022,1.4192
RE1,LNDRICRNF,WD,2023,1.4166
RE1,LNDRICRNF,WD,2024,1.413
RE1,LNDRICRNF,WD,2025,1.4067
RE1,LNDRICRNF,WD,2026,1.3992
RE1,LNDRICRNF,WD,2027,1.3886
RE1,LNDRICRNF,WD,2028,1.3766
RE1,LNDRICRNF,WD,2029,1.3629
RE1,LNDRICRNF,WD,2030,1.3457
RE1,LNDRICRNF,WD,2031,1.3265
RE1,LNDRICRNF,WD,2032,1.3051
RE1,LNDRICRNF,WD,2033,1.2813
RE1,LNDRICRNF,WD,2034,1.2534
RE1,LNDRICRNF,WD,2035,1.2226
RE1,LNDRICRNF,WN,2020,1.423
RE1,LNDRICRNF,WN,2021,1.4211
RE1,LNDRICRNF,WN,2022,1.4192
RE1,LNDRICRNF,WN,2023,1.4166
RE1,LNDRICRNF,WN,2024,1.413
RE1,LNDRICRNF,WN,2025,1.4067
RE1,LNDRICRNF,WN,2026,1.3992
RE1,LNDRICRNF,WN,2027,1.3886
RE1,LNDRICRNF,WN,2028,1.3766
RE1,LNDRICRNF,WN,2029,1.3629
RE1,LNDRICRNF,WN,2030,1.3457
RE1,LNDRICRNF,WN,2031,1.3265
RE1,LNDRICRNF,WN,2032,1.3051
RE1,LNDRICRNF,WN,2033,1.2813
RE1,LNDRICRNF,WN,2034,1.2534
RE1,LNDRICRNF,WN,2035,1.2226
RE1,LNDMAIIRR,SD,2020,0.339
RE1,LNDMAIIRR,SD,2021,0.356
RE1,LNDMAIIRR,SD,2022,0.3737
RE1,LNDMAIIRR,SD,2023,0.3924
RE1,LNDMAIIRR,SD,2024,0.4121
RE1,LNDMAIIRR,SD,2025,0.4327
RE1,LNDMAIIRR,SD,2026,0.4543
RE1,LNDMAIIRR,SD,2027,0.477
RE1,LNDMAIIRR,SD,2028,0.5009
RE1,LNDMAIIRR,SD,2029,0.5259
RE1,LNDMAIIRR,SD,2030,0.5522
RE1,LNDMAIIRR,SD,2031,0.5798
RE1,LNDMAIIRR,SD,2032,0.6088
RE1,LNDMAIIRR,SD,2033,0.6392
RE1,LNDMAIIRR,SD,2034,0.6712
RE1,LNDMAIIRR,SD,2035,0.7048
RE1,LNDMAIIRR,SN,2020,0.339
RE1,LNDMAIIRR,SN,2021,0.356
RE1,LNDMAIIRR,SN,2022,0.3737
RE1,LNDMAIIRR,SN,2023,0.3924
RE1,LNDMAIIRR,SN,2024,0.4121
RE1,LNDMAIIRR,SN,2025,0.4327
RE1,LNDMAIIRR,SN,2026,0.4543
RE1,LNDMAIIRR,SN,2027,0.477
RE1,LNDMAIIRR,SN,2028,0.5009
RE1,LNDMAIIRR,SN,2029,0.5259
RE1,LNDMAIIRR,SN,2030,0.5522
RE1,LNDMAIIRR,SN,2031,0.5798
RE1,LNDMAIIRR,SN,2032,0.6088
RE1,LNDMAIIRR,SN,2033,0.6392
RE1,LNDMAIIRR,SN,2034,0.6712
RE1,LNDMAIIRR,SN,2035,0.7048
RE1,LNDMAIIRR,WD,2020,0.339
RE1,LNDMAIIRR,WD,2021,0.356
RE1,LNDMAIIRR,WD,2022,0.3737
RE1,LNDMAIIRR,WD,2023,0.3924
RE1,LNDMAIIRR,WD,2024,0.4121
RE1,LNDMAIIRR,WD,2025,0.4327
RE1,LNDMAIIRR,WD,2026,0.4543
RE1,LNDMAIIRR,WD,2027,0.477
RE1,LNDMAIIRR,WD,2028,0.5009
RE1,LNDMAIIRR,WD,2029,0.5259
RE1,LNDMAIIRR,WD,2030,0.5522
RE1,LNDMAIIRR,WD,2031,0.5798
RE1,LNDMAIIRR,WD,2032,0.6088
RE1,LNDMAIIRR,WD,2033,0.6392
RE1,LNDMAIIRR,WD,2034,0.6712
RE1,LNDMAIIRR,WD,2035,0.7048
RE1,LNDMAIIRR,WN,2020,0.339
RE1,LNDMAIIRR,WN,2021,0.356
RE1,LNDMAIIRR,WN,2022,0.3737
RE1,LNDMAIIRR,WN,2023,0.3924
RE1,LNDMAIIRR,WN,2024,0.4121
RE1,LNDMAIIRR,WN,2025,0.4327
RE1,LNDMAIIRR,WN,2026,0.4543
RE1,LNDMAIIRR,WN,2027,0.477
RE1,LNDMAIIRR,WN,2028,0.5009
RE1,LNDMAIIRR,WN,2029,0.5259
RE1,LNDMAIIRR,WN,2030,0.5522
RE1,LNDMAIIRR,WN,2031,0.5798
RE1,LNDMAIIRR,WN,2032,0.6088
RE1,LNDMAIIRR,WN,2033,0.6392
RE1,LNDMAIIRR,WN,2034,0.6712
RE1,LNDMAIIRR,WN,2035,0.7048
RE1,LNDRICIRR,SD,2020,0.531
RE1,LNDRICIRR,SD,2021,0.5576
RE1,LNDRICIRR,SD,2022,0.5854
RE1,LNDRICIRR,SD,2023,0.6147
RE1,LNDRICIRR,SD,2024,0.6454
RE1,LNDRICIRR,SD,2025,0.6777
RE1,LNDRICIRR,SD,2026,0.7116
RE1,LNDRICIRR,SD,2027,0.7472
RE1,LNDRICIRR,SD,2028,0.7845
RE1,LNDRICIRR,SD,2029,0.8238
RE1,LNDRICIRR,SD,2030,0.8649
RE1,LNDRICIRR,SD,2031,0.9082
RE1,LNDRICIRR,SD,2032,0.9536
RE1,LNDRICIRR,SD,2033,1.0013
RE1,LNDRICIRR,SD,2034,1.0513
RE1,LNDRICIRR,SD,2035,1.1039
RE1,LNDRICIRR,SN,2020,0.531
RE1,LNDRICIRR,SN,2021,0.5576
RE1,LNDRICIRR,SN,2022,0.5854
RE1,LNDRICIRR,SN,2023,0.6147
RE1,LNDRICIRR,SN,2024,0.6454
RE1,LNDRICIRR,SN,2025,0.6777
RE1,LNDRICIRR,SN,2026,0.7116
RE1,LNDRICIRR,SN,2027,0.7472
RE1,LNDRICIRR,SN,2028,0.7845
RE1,LNDRICIRR,SN,2029,0.8238
RE1,LNDRICIRR,SN,2030,0.8649
RE1,LNDRICIRR,SN,2031,0.9082
RE1,LNDRICIRR,SN,2032,0.9536
RE1,LNDRICIRR,SN,2033,1.0013
RE1,LNDRICIRR,SN,2034,1.0513
RE1,LNDRICIRR,SN,2035,1.1039
RE1,LNDRICIRR,WD,2020,0.531
RE1,LNDRICIRR,WD,2021,0.5576
RE1,LNDRICIRR,WD,2022,0.5854
RE1,LNDRICIRR,WD,2023,0.6147
RE1,LNDRICIRR,WD,2024,0.6454
RE1,LNDRICIRR,WD,2025,0.6777
RE1,LNDRICIRR,WD,2026,0.7116
RE1,LNDRICIRR,WD,2027,0.7472
RE1,LNDRICIRR,WD,2028,0.7845
RE1,LNDRICIRR,WD,2029,0.8238
RE1,LNDRICIRR,WD,2030,0.8649
RE1,LNDRICIRR,WD,2031,0.9082
RE1,LNDRICIRR,WD,2032,0.9536
RE1,LNDRICIRR,WD,2033,1.0013
RE1,LNDRICIRR,WD,2034,1.0513
RE1,LNDRICIRR,WD,2035,1.1039
RE1,LNDRICIRR,WN,2020,0.531
RE1,LNDRICIRR,WN,2021,0.5576
RE1,LNDRICIRR,WN,2022,0.5854
RE1,LNDRICIRR,WN,2023,0.6147
RE1,LNDRICIRR,WN,2024,0.6454
RE1,LNDRICIRR,WN,2025,0.6777
RE1,LNDRICIRR,WN,2026,0.7116
RE1,LNDRICIRR,WN,2027,0.7472
RE1,LNDRICIRR,WN,2028,0.7845
RE1,LNDRICIRR,WN,2029,0.8238
RE1,LNDRICIRR,WN,2030,0.8649
RE1,LNDRICIRR,WN,2031,0.9082
RE1,LNDRICIRR,WN,2032,0.9536
RE1,LNDRICIRR,WN,2033,1.0013
RE1,LNDRICIRR,WN,2034,1.0513
RE1,LNDRICIRR,WN,2035,1.1039
RE1,LNDFOR,SD,2020,253.6
RE1,LNDFOR,SD,2021,253.6
RE1,LNDFOR,SD,2022,253.6
RE1,LNDFOR,SD,2023,253.6
RE1,LNDFOR,SD,2024,253.6
RE1,LNDFOR,SD,2025,253.6
RE1,LNDFOR,SD,2026,253.6
RE1,LNDFOR,SD,2027,253.6
RE1,LNDFOR,SD,2028,253.6
RE1,LNDFOR,SD,2029,253.6
RE1,LNDFOR,SD,2030,253.6
RE1,LNDFOR,SD,2031,253.6
RE1,LNDFOR,SD,2032,253.6
RE1,LNDFOR,SD,2033,253.6
RE1,LNDFOR,SD,2034,253.6
RE1,LNDFOR,SD,2035,253.6
RE1,LNDFOR,SN,2020,253.6
RE1,LNDFOR,SN,2021,253.6
RE1,LNDFOR,SN,2022,253.6
RE1,LNDFOR,SN,2023,253.6
RE1,LNDFOR,SN,2024,253.6
RE1,LNDFOR,SN,2025,253.6
RE1,LNDFOR,SN,2026,253.6
RE1,LNDFOR,SN,2027,253.6
RE1,LNDFOR,SN,2028,253.6
RE1,LNDFOR,SN,2029,253.6
RE1,LNDFOR,SN,2030,253.6
RE1,LNDFOR,SN,2031,253.6
RE1,LNDFOR,SN,2032,253.6
RE1,LNDFOR,SN,2033,253.6
RE1,LNDFOR,SN,2034,253.6
RE1,LNDFOR,SN,2035,253.6
RE1,LNDFOR,WD,2020,253.6
RE1,LNDFOR,WD,2021,252.587
RE1,LNDFOR,WD,2022,251.5564
RE1,LNDFOR,WD,2023,250.5351
RE1,LNDFOR,WD,2024,249.4684
RE1,LNDFOR,WD,2025,248.2965
RE1,LNDFOR,WD,2026,247.2696
RE1,LNDFOR,WD,2027,246.2037
RE1,LNDFOR,WD,2028,245.0278
RE1,LNDFOR,WD,2029,243.8181
RE1,LNDFOR,WD,2030,242.6396
RE1,LNDFOR,WD,2031,241.428
RE1,LNDFOR,WD,2032,240.2527
RE1,LNDFOR,WD,2033,239.0449
RE1,LNDFOR,WD,2034,237.8454
RE1,LNDFOR,WD,2035,236.6386
RE1,LNDFOR,WN,2020,253.6
RE1,LNDFOR,WN,2021,253.6
RE1,LNDFOR,WN,2022,253.6
RE1,LNDFOR,WN,2023,253.6
RE1,LNDFOR,WN,2024,253.6
RE1,LNDFOR,WN,2025,253.6
RE1,LNDFOR,WN,2026,253.6
RE1,LNDFOR,WN,2027,253.6
RE1,LNDFOR,WN,2028,253.6
RE1,LNDFOR,WN,2029,253.6
RE1,LNDFOR,WN,2030,253.6
RE1,LNDFOR,WN,2031,253.6
RE1,LNDFOR,WN,2032,253.6
RE1,LNDFOR,WN,2033,253.6
RE1,LNDFOR,WN,2034,253.6
RE1,LNDFOR,WN,2035,253.6
RE1,LNDBLT,SD,2020,15.0
RE1,LNDBLT,SD,2021,15.15
RE1,LNDBLT,SD,2022,15.3
RE1,LNDBLT,SD,2023,15.45
RE1,LNDBLT,SD,2024,15.61
RE1,LNDBLT,SD,2025,15.77
RE1,LNDBLT,SD,2026,15.92
RE1,LNDBLT,SD,2027,16.08
RE1,LNDBLT,SD,2028,16.24
RE1,LNDBLT,SD,2029,16.41
RE1,LNDBLT,SD,2030,16.57
RE1,LNDBLT,SD,2031,16.74
RE1,LNDBLT,SD,2032,16.9
RE1,LNDBLT,SD,2033,17.07
RE1,LNDBLT,SD,2034,17.24
RE1,LNDBLT,SD,2035,17.41
RE1,LNDBLT,SN,2020,15.0
RE1,LNDBLT,SN,2021,15.15
RE1,LNDBLT,SN,2022,15.3
RE1,LNDBLT,SN,2023,15.45
RE1,LNDBLT,SN,2024,15.61
RE1,LNDBLT,SN,2025,15.77
RE1,LNDBLT,SN,2026,15.92
RE1,LNDBLT,SN,2027,16.08
RE1,LNDBLT,SN,2028,16.24
RE1,LNDBLT,SN,2029,16.41
RE1,LNDBLT,SN,2030,16.57
RE1,LNDBLT,SN,2031,16.74
RE1,LNDBLT,SN,2032,16.9
RE1,LNDBLT,SN,2033,17.07
RE1,LNDBLT,SN,2034,17.24
RE1,LNDBLT,SN,2035,17.41
RE1,LNDBLT,WD,2020,15.0
RE1,LNDBLT,WD,2021,15.15
RE1,LNDBLT,WD,2022,15.3
RE1,LNDBLT,WD,2023,15.45
RE1,LNDBLT,WD,2024,15.61
RE1,LNDBLT,WD,2025,15.77
RE1,LNDBLT,WD,2026,15.92
RE1,LNDBLT,WD,2027,16.08
RE1,LNDBLT,WD,2028,16.24
RE1,LNDBLT,WD,2029,16.41
RE1,LNDBLT,WD,2030,16.57
RE1,LNDBLT,WD,2031,16.74
RE1,LNDBLT,WD,2032,16.9
RE1,LNDBLT,WD,2033,17.07
RE1,LNDBLT,WD,2034,17.24
RE1,LNDBLT,WD,2035,17.41
RE1,LNDBLT,WN,2020,15.0
RE1,LNDBLT,WN,2021,15.15
RE1,LNDBLT,WN,2022,15.3
RE1,LNDBLT,WN,2023,15.45
RE1,LNDBLT,WN,2024,15.61
RE1,LNDBLT,WN,2025,15.77
RE1,LNDBLT,WN,2026,15.92
RE1,LNDBLT,WN,2027,16.08
RE1,LNDBLT,WN,2028,16.24
RE1,LNDBLT,WN,2029,16.41
RE1,LNDBLT,WN,2030,16.57
RE1,LNDBLT,WN,2031,16.74
RE1,LNDBLT,WN,2032,16.9
RE1,LNDBLT,WN,2033,17.07
RE1,LNDBLT,WN,2034,17.24
RE1,LNDBLT,WN,2035,17.41
RE1,LNDWAT,SD,2020,25.021
RE1,LNDWAT,SD,2021,24.7283
RE1,LNDWAT,SD,2022,24.4304
RE1,LNDWAT,SD,2023,24.1352
RE1,LNDWAT,SD,2024,23.827
RE1,LNDWAT,SD,2025,23.4883
RE1,LNDWAT,SD,2026,23.1915
RE1,LNDWAT,SD,2027,22.8835
RE1,LNDWAT,SD,2028,22.5436
RE1,LNDWAT,SD,2029,22.194
RE1,LNDWAT,SD,2030,21.8535
RE1,LNDWAT,SD,2031,21.5033
RE1,LNDWAT,SD,2032,21.1636
RE1,LNDWAT,SD,2033,20.8146
RE1,LNDWAT,SD,2034,20.4679
RE1,LNDWAT,SD,2035,20.1192
RE1,LNDWAT,SN,2020,25.021
RE1,LNDWAT,SN,2021,24.7283
RE1,LNDWAT,SN,2022,24.4304
RE1,LNDWAT,SN,2023,24.1352
RE1,LNDWAT,SN,2024,23.827
RE1,LNDWAT,SN,2025,23.4883
RE1,LNDWAT,SN,2026,23.1915
RE1,LNDWAT,SN,2027,22.8835
RE1,LNDWAT,SN,2028,22.5436
RE1,LNDWAT,SN,2029,22.194
RE1,LNDWAT,SN,2030,21.8535
RE1,LNDWAT,SN,2031,21.5033
RE1,LNDWAT,SN,2032,21.1636
RE1,LNDWAT,SN,2033,20.8146
RE1,LNDWAT,SN,2034,20.4679
RE1,LNDWAT,SN,2035,20.1192
RE1,LNDWAT,WD,2020,25.021
RE1,LNDWAT,WD,2021,25.7412
RE1,LNDWAT,WD,2022,26.474
RE1,LNDWAT,WD,2023,27.2002
RE1,LNDWAT,WD,2024,27.9586
RE1,LNDWAT,WD,2025,28.7918
RE1,LNDWAT,WD,2026,29.5219
RE1,LNDWAT,WD,2027,30.2798
RE1,LNDWAT,WD,2028,31.1158
RE1,LNDWAT,WD,2029,31.9759
RE1,LNDWAT,WD,2030,32.8138
RE1,LNDWAT,WD,2031,33.6753
RE1,LNDWAT,WD,2032,34.5109
RE1,LNDWAT,WD,2033,35.3697
RE1,LNDWAT,WD,2034,36.2225
RE1,LNDWAT,WD,2035,37.0805
RE1,LNDWAT,WN,2020,25.021
RE1,LNDWAT,WN,2021,24.7283
RE1,LNDWAT,WN,2022,24.4304
RE1,LNDWAT,WN,2023,24.1352
RE1,LNDWAT,WN,2024,23.827
RE1,LNDWAT,WN,2025,23.4883
RE1,LNDWAT,WN,2026,23.1915
RE1,LNDWAT,WN,2027,22.8835
RE1,LNDWAT,WN,2028,22.5436
RE1,LNDWAT,WN,2029,22.194
RE1,LNDWAT,WN,2030,21.8535
RE1,LNDWAT,WN,2031,21.5033
RE1,LNDWAT,WN,2032,21.1636
RE1,LNDWAT,WN,2033,20.8146
RE1,LNDWAT,WN,2034,20.4679
RE1,LNDWAT,WN,2035,20.1192
RE1,RSCPRC,SD,2020,360.0
RE1,RSCPRC,SD,2021,360.0
RE1,RSCPRC,SD,2022,360.0
RE1,RSCPRC,SD,2023,360.0
RE1,RSCPRC,SD,2024,360.0
RE1,RSCPRC,SD,2025,360.0
RE1,RSCPRC,SD,2026,360.0
RE1,RSCPRC,SD,2027,360.0
RE1,RSCPRC,SD,2028,360.0
RE1,RSCPRC,SD,2029,360.0
RE1,RSCPRC,SD,2030,360.0
RE1,RSCPRC,SD,2031,360.0
RE1,RSCPRC,SD,2032,360.0
RE1,RSCPRC,SD,2033,360.0
RE1,RSCPRC,SD,2034,360.0
RE1,RSCPRC,SD,2035,360.0
RE1,RSCPRC,SN,2020,359.975
RE1,RSCPRC,SN,2021,360.0
RE1,RSCPRC,SN,2022,360.0
RE1,RSCPRC,SN,2023,360.0
RE1,RSCPRC,SN,2024,360.0
RE1,RSCPRC,SN,2025,360.0
RE1,RSCPRC,SN,2026,360.0
RE1,RSCPRC,SN,2027,360.0
RE1,RSCPRC,SN,2028,360.0
RE1,RSCPRC,SN,2029,360.0
RE1,RSCPRC,SN,2030,360.0
RE1,RSCPRC,SN,2031,360.0
RE1,RSCPRC,SN,2032,360.0
RE1,RSCPRC,SN,2033,360.0
RE1,RSCPRC,SN,2034,360.0
RE1,RSCPRC,SN,2035,360.0
RE1,RSCPRC,WD,2020,360.0
RE1,RSCPRC,WD,2021,360.0
RE1,RSCPRC,WD,2022,360.0
RE1,RSCPRC,WD,2023,360.0
RE1,RSCPRC,WD,2024,360.0
RE1,RSCPRC,WD,2025,360.0
RE1,RSCPRC,WD,2026,360.0
RE1,RSCPRC,WD,2027,360.0
RE1,RSCPRC,WD,2028,360.0
RE1,RSCPRC,WD,2029,360.0
RE1,RSCPRC,WD,2030,360.0
RE1,RSCPRC,WD,2031,360.0
RE1,RSCPRC,WD,2032,360.0
RE1,RSCPRC,WD,2033,360.0
RE1,RSCPRC,WD,2034,360.0
RE1,RSCPRC,WD,2035,360.0
RE1,RSCPRC,WN,2020,360.0
RE1,RSCPRC,WN,2021,360.0
RE1,RSCPRC,WN,2022,360.0
RE1,RSCPRC,WN,2023,360.0
RE1,RSCPRC,WN,2024,360.0
RE1,RSCPRC,WN,2025,360.0
RE1,RSCPRC,WN,2026,360.0
RE1,RSCPRC,WN,2027,360.0
RE1,RSCPRC,WN,2028,360.0
RE1,RSCPRC,WN,2029,360.0
RE1,RSCPRC,WN,2030,360.0
RE1,RSCPRC,WN,2031,360.0
RE1,RSCPRC,WN,2032,360.0
RE1,RSCPRC,WN,2033,360.0
RE1,RSCPRC,WN,2034,360.0
RE1,RSCPRC,WN,2035,360.0
RE1,UPSWTRSUR,SD,2020,0.0
RE1,UPSWTRSUR,SD,2021,0.0
RE1,UPSWTRSUR,SD,2022,0.0
RE1,UPSWTRSUR,SD,2023,0.0
RE1,UPSWTRSUR,SD,2024,0.0
RE1,UPSWTRSUR,SD,2025,0.0
RE1,UPSWTRSUR,SD,2026,0.0
RE1,UPSWTRSUR,SD,2027,0.0
RE1,UPSWTRSUR,SD,2028,0.0
RE1,UPSWTRSUR,SD,2029,0.0
RE1,UPSWTRSUR,SD,2030,0.0
RE1,UPSWTRSUR,SD,2031,0.0
RE1,UPSWTRSUR,SD,2032,0.0
RE1,UPSWTRSUR,SD,2033,0.0
RE1,UPSWTRSUR,SD,2034,0.0
RE1,UPSWTRSUR,SD,2035,0.0
RE1,UPSWTRSUR,SN,2020,0.0
RE1,UPSWTRSUR,SN,2021,0.0
RE1,UPSWTRSUR,SN,2022,0.0
RE1,UPSWTRSUR,SN,2023,0.0
RE1,UPSWTRSUR,SN,2024,0.0
RE1,UPSWTRSUR,SN,2025,0.0
RE1,UPSWTRSUR,SN,2026,0.0
RE1,UPSWTRSUR,SN,2027,0.0
RE1,UPSWTRSUR,SN,2028,0.0
RE1,UPSWTRSUR,SN,2029,0.0
RE1,UPSWTRSUR,SN,2030,0.0
RE1,UPSWTRSUR,SN,2031,0.0
RE1,UPSWTRSUR,SN,2032,0.0
RE1,UPSWTRSUR,SN,2033,0.0
RE1,UPSWTRSUR,SN,2034,0.0
RE1,UPSWTRSUR,SN,2035,0.0
RE1,UPSWTRSUR,WD,2020,0.0
RE1,UPSWTRSUR,WD,2021,0.0
RE1,UPSWTRSUR,WD,2022,0.0
RE1,UPSWTRSUR,WD,2023,0.0
RE1,UPSWTRSUR,WD,2024,0.0
RE1,UPSWTRSUR,WD,2025,0.0
RE1,UPSWTRSUR,WD,2026,0.0
RE1,UPSWTRSUR,WD,2027,0.0
RE1,UPSWTRSUR,WD,2028,0.0
RE1,UPSWTRSUR,WD,2029,0.0
RE1,UPSWTRSUR,WD,2030,0.0
RE1,UPSWTRSUR,WD,2031,0.0
RE1,UPSWTRSUR,WD,2032,0.0
RE1,UPSWTRSUR,WD,2033,0.0
RE1,UPSWTRSUR,WD,2034,0.0
RE1,UPSWTRSUR,WD,2035,0.0
RE1,UPSWTRSUR,WN,2020,0.0
RE1,UPSWTRSUR,WN,2021,0.0
RE1,UPSWTRSUR,WN,2022,0.0
RE1,UPSWTRSUR,WN,2023,0.0
RE1,UPSWTRSUR,WN,2024,0.0
RE1,UPSWTRSUR,WN,2025,0.0
RE1,UPSWTRSUR,WN,2026,0.0
RE1,UPSWTRSUR,WN,2027,0.0
RE1,UPSWTRSUR,WN,2028,0.0
RE1,UPSWTRSUR,WN,2029,0.0
RE1,UPSWTRSUR,WN,2030,0.0
RE1,UPSWTRSUR,WN,2031,0.0
RE1,UPSWTRSUR,WN,2032,0.0
RE1,UPSWTRSUR,WN,2033,0.0
RE1,UPSWTRSUR,WN,2034,0.0
RE1,UPSWTRSUR,WN,2035,0.0
RE1,DEMPUBSURWAT,SD,2020,0.92
RE1,DEMPUBSURWAT,SD,2021,1.0978
RE1,DEMPUBSURWAT,SD,2022,1.278
RE1,DEMPUBSURWAT,SD,2023,1.4718
RE1,DEMPUBSURWAT,SD,2024,1.6609
RE1,DEMPUBSURWAT,SD,2025,1.867
RE1,DEMPUBSURWAT,SD,2026,2.0684
RE1,DEMPUBSURWAT,SD,2027,2.2851
RE1,DEMPUBSURWAT,SD,2028,2.5005
RE1,DEMPUBSURWAT,SD,2029,2.7313
RE1,DEMPUBSURWAT,SD,2030,2.9609
RE1,DEMPUBSURWAT,SD,2031,3.2075
RE1,DEMPUBSURWAT,SD,2032,3.3901
RE1,DEMPUBSURWAT,SD,2033,3.5796
RE1,DEMPUBSURWAT,SD,2034,3.7774
RE1,DEMPUBSURWAT,SD,2035,3.985
RE1,DEMPUBSURWAT,SN,2020,0.4498
RE1,DEMPUBSURWAT,SN,2021,0.4816
RE1,DEMPUBSURWAT,SN,2022,0.5151
RE1,DEMPUBSURWAT,SN,2023,0.5496
RE1,DEMPUBSURWAT,SN,2024,0.5855
RE1,DEMPUBSURWAT,SN,2025,0.6232
RE1,DEMPUBSURWAT,SN,2026,0.6622
RE1,DEMPUBSURWAT,SN,2027,0.7026
RE1,DEMPUBSURWAT,SN,2028,0.7453
RE1,DEMPUBSURWAT,SN,2029,0.7893
RE1,DEMPUBSURWAT,SN,2030,0.8356
RE1,DEMPUBSURWAT,SN,2031,0.8837
RE1,DEMPUBSURWAT,SN,2032,0.9336
RE1,DEMPUBSURWAT,SN,2033,0.9858
RE1,DEMPUBSURWAT,SN,2034,1.0403
RE1,DEMPUBSURWAT,SN,2035,1.0975
RE1,DEMPUBSURWAT,WD,2020,0.92
RE1,DEMPUBSURWAT,WD,2021,1.0978
RE1,DEMPUBSURWAT,WD,2022,1.278
RE1,DEMPUBSURWAT,WD,2023,1.4718
RE1,DEMPUBSURWAT,WD,2024,1.6609
RE1,DEMPUBSURWAT,WD,2025,1.867
RE1,DEMPUBSURWAT,WD,2026,2.0684
RE1,DEMPUBSURWAT,WD,2027,2.2851
RE1,DEMPUBSURWAT,WD,2028,2.5005
RE1,DEMPUBSURWAT,WD,2029,2.7313
RE1,DEMPUBSURWAT,WD,2030,2.9609
RE1,DEMPUBSURWAT,WD,2031,3.2075
RE1,DEMPUBSURWAT,WD,2032,3.4511
RE1,DEMPUBSURWAT,WD,2033,3.7135
RE1,DEMPUBSURWAT,WD,2034,3.9748
RE1,DEMPUBSURWAT,WD,2035,4.2566
RE1,DEMPUBSURWAT,WN,2020,0.5326
RE1,DEMPUBSURWAT,WN,2021,0.5702
RE1,DEMPUBSURWAT,WN,2022,0.61
RE1,DEMPUBSURWAT,WN,2023,0.6508
RE1,DEMPUBSURWAT,WN,2024,0.6933
RE1,DEMPUBSURWAT,WN,2025,0.7379
RE1,DEMPUBSURWAT,WN,2026,0.7841
RE1,DEMPUBSURWAT,WN,2027,0.832
RE1,DEMPUBSURWAT,WN,2028,0.8825
RE1,DEMPUBSURWAT,WN,2029,0.9346
RE1,DEMPUBSURWAT,WN,2030,0.9894
RE1,DEMPUBSURWAT,WN,2031,1.0464
RE1,DEMPUBSURWAT,WN,2032,1.1055
RE1,DEMPUBSURWAT,WN,2033,1.1673
RE1,DEMPUBSURWAT,WN,2034,1.2318
RE1,DEMPUBSURWAT,WN,2035,1.2995
RE1,DEMPUBGWTWAT,SD,2020,0.7132
RE1,DEMPUBGWTWAT,SD,2021,0.6508
RE1,DEMPUBGWTWAT,SD,2022,0.5925
RE1,DEMPUBGWTWAT,SD,2023,0.524
RE1,DEMPUBGWTWAT,SD,2024,0.4651
RE1,DEMPUBGWTWAT,SD,2025,0.3958
RE1,DEMPUBGWTWAT,SD,2026,0.3361
RE1,DEMPUBGWTWAT,SD,2027,0.2661
RE1,DEMPUBGWTWAT,SD,2028,0.2056
RE1,DEMPUBGWTWAT,SD,2029,0.1347
RE1,DEMPUBGWTWAT,SD,2030,0.0732
RE1,DEMPUBGWTWAT,SD,2031,0.0013
RE1,DEMPUBGWTWAT,SD,2032,0.0
RE1,DEMPUBGWTWAT,SD,2033,0.0
RE1,DEMPUBGWTWAT,SD,2034,0.0
RE1,DEMPUBGWTWAT,SD,2035,0.0
RE1,DEMPUBGWTWAT,SN,2020,0.0
RE1,DEMPUBGWTWAT,SN,2021,0.0
RE1,DEMPUBGWTWAT,SN,2022,0.0
RE1,DEMPUBGWTWAT,SN,2023,0.0
RE1,DEMPUBGWTWAT,SN,2024,0.0
RE1,DEMPUBGWTWAT,SN,2025,0.0
RE1,DEMPUBGWTWAT,SN,2026,0.0
RE1,DEMPUBGWTWAT,SN,2027,0.0
RE1,DEMPUBGWTWAT,SN,2028,0.0
RE1,DEMPUBGWTWAT,SN,2029,0.0
RE1,DEMPUBGWTWAT,SN,2030,0.0
RE1,DEMPUBGWTWAT,SN,2031,0.0
RE1,DEMPUBGWTWAT,SN,2032,0.0
RE1,DEMPUBGWTWAT,SN,2033,0.0
RE1,DEMPUBGWTWAT,SN,2034,0.0
RE1,DEMPUBGWTWAT,SN,2035,0.0
RE1,DEMPUBGWTWAT,WD,2020,0.8245
RE1,DEMPUBGWTWAT,WD,2021,0.77
RE1,DEMPUBGWTWAT,WD,2022,0.72
RE1,DEMPUBGWTWAT,WD,2023,0.66
RE1,DEMPUBGWTWAT,WD,2024,0.61
RE1,DEMPUBGWTWAT,WD,2025,0.55
RE1,DEMPUBGWTWAT,WD,2026,0.5
RE1,DEMPUBGWTWAT,WD,2027,0.44
RE1,DEMPUBGWTWAT,WD,2028,0.39
RE1,DEMPUBGWTWAT,WD,2029,0.33
RE1,DEMPUBGWTWAT,WD,2030,0.28
RE1,DEMPUBGWTWAT,WD,2031,0.22
RE1,DEMPUBGWTWAT,WD,2032,0.17
RE1,DEMPUBGWTWAT,WD,2033,0.11
RE1,DEMPUBGWTWAT,WD,2034,0.06
RE1,DEMPUBGWTWAT,WD,2035,0.0
RE1,DEMPUBGWTWAT,WN,2020,0.0
RE1,DEMPUBGWTWAT,WN,2021,0.0
RE1,DEMPUBGWTWAT,WN,2022,0.0
RE1,DEMPUBGWTWAT,WN,2023,0.0
RE1,DEMPUBGWTWAT,WN,2024,0.0
RE1,DEMPUBGWTWAT,WN,2025,0.0
RE1,DEMPUBGWTWAT,WN,2026,0.0
RE1,DEMPUBGWTWAT,WN,2027,0.0
RE1,DEMPUBGWTWAT,WN,2028,0.0
RE1,DEMPUBGWTWAT,WN,2029,0.0
RE1,DEMPUBGWTWAT,WN,2030,0.0
RE1,DEMPUBGWTWAT,WN,2031,0.0
RE1,DEMPUBGWTWAT,WN,2032,0.0
RE1,DEMPUBGWTWAT,WN,2033,0.0
RE1,DEMPUBGWTWAT,WN,2034,0.0
RE1,DEMPUBGWTWAT,WN,2035,0.0
RE1,DEMAGRSURWAT,SD,2020,0.4866
RE1,DEMAGRSURWAT,SD,2021,0.511
RE1,DEMAGRSURWAT,SD,2022,0.5365
RE1,DEMAGRSURWAT,SD,2023,0.5633
RE1,DEMAGRSURWAT,SD,2024,0.5915
RE1,DEMAGRSURWAT,SD,2025,0.6211
RE1,DEMAGRSURWAT,SD,2026,0.6
RE1,DEMAGRSURWAT,SD,2027,0.53
RE1,DEMAGRSURWAT,SD,2028,0.489
RE1,DEMAGRSURWAT,SD,2029,0.5549
RE1,DEMAGRSURWAT,SD,2030,0.6227
RE1,DEMAGRSURWAT,SD,2031,0.7023
RE1,DEMAGRSURWAT,SD,2032,0.7739
RE1,DEMAGRSURWAT,SD,2033,0.8476
RE1,DEMAGRSURWAT,SD,2034,0.9335
RE1,DEMAGRSURWAT,SD,2035,1.0117
RE1,DEMAGRSURWAT,SN,2020,0.4866
RE1,DEMAGRSURWAT,SN,2021,0.511
RE1,DEMAGRSURWAT,SN,2022,0.5365
RE1,DEMAGRSURWAT,SN,2023,0.5633
RE1,DEMAGRSURWAT,SN,2024,0.5915
RE1,DEMAGRSURWAT,SN,2025,0.6211
RE1,DEMAGRSURWAT,SN,2026,0.6
RE1,DEMAGRSURWAT,SN,2027,0.53
RE1,DEMAGRSURWAT,SN,2028,0.489
RE1,DEMAGRSURWAT,SN,2029,0.5549
RE1,DEMAGRSURWAT,SN,2030,0.6227
RE1,DEMAGRSURWAT,SN,2031,0.7023
RE1,DEMAGRSURWAT,SN,2032,0.7739
RE1,DEMAGRSURWAT,SN,2033,0.8476
RE1,DEMAGRSURWAT,SN,2034,0.9335
RE1,DEMAGRSURWAT,SN,2035,1.0117
RE1,DEMAGRSURWAT,WD,2020,0.4866
RE1,DEMAGRSURWAT,WD,2021,0.511
RE1,DEMAGRSURWAT,WD,2022,0.5365
RE1,DEMAGRSURWAT,WD,2023,0.5633
RE1,DEMAGRSURWAT,WD,2024,0.5915
RE1,DEMAGRSURWAT,WD,2025,0.6211
RE1,DEMAGRSURWAT,WD,2026,0.6
RE1,DEMAGRSURWAT,WD,2027,0.53
RE1,DEMAGRSURWAT,WD,2028,0.489
RE1,DEMAGRSURWAT,WD,2029,0.5549
RE1,DEMAGRSURWAT,WD,2030,0.6227
RE1,DEMAGRSURWAT,WD,2031,0.7023
RE1,DEMAGRSURWAT,WD,2032,0.7739
RE1,DEMAGRSURWAT,WD,2033,0.8476
RE1,DEMAGRSURWAT,WD,2034,0.9335
RE1,DEMAGRSURWAT,WD,2035,1.0117
RE1,DEMAGRSURWAT,WN,2020,0.4866
RE1,DEMAGRSURWAT,WN,2021,0.511
RE1,DEMAGRSURWAT,WN,2022,0.5365
RE1,DEMAGRSURWAT,WN,2023,0.5633
RE1,DEMAGRSURWAT,WN,2024,0.5915
RE1,DEMAGRSURWAT,WN,2025,0.6211
RE1,DEMAGRSURWAT,WN,2026,0.6
RE1,DEMAGRSURWAT,WN,2027,0.53
RE1,DEMAGRSURWAT,WN,2028,0.489
RE1,DEMAGRSURWAT,WN,2029,0.5549
RE1,DEMAGRSURWAT,WN,2030,0.6227
RE1,DEMAGRSURWAT,WN,2031,0.7023
RE1,DEMAGRSURWAT,WN,2032,0.7739
RE1,DEMAGRSURWAT,WN,2033,0.8476
RE1,DEMAGRSURWAT,WN,2034,0.9335
RE1,DEMAGRSURWAT,WN,2035,1.0117
RE1,DEMAGRGWTWAT,SD,2020,0.0
RE1,DEMAGRGWTWAT,SD,2021,0.0
RE1,DEMAGRGWTWAT,SD,2022,0.0
RE1,DEMAGRGWTWAT,SD,2023,0.0
RE1,DEMAGRGWTWAT,SD,2024,0.0
RE1,DEMAGRGWTWAT,SD,2025,0.0
RE1,DEMAGRGWTWAT,SD,2026,0.0521
RE1,DEMAGRGWTWAT,SD,2027,0.1548
RE1,DEMAGRGWTWAT,SD,2028,0.23
RE1,DEMAGRGWTWAT,SD,2029,0.2
RE1,DEMAGRGWTWAT,SD,2030,0.17
RE1,DEMAGRGWTWAT,SD,2031,0.13
RE1,DEMAGRGWTWAT,SD,2032,0.1
RE1,DEMAGRGWTWAT,SD,2033,0.07
RE1,DEMAGRGWTWAT,SD,2034,0.03
RE1,DEMAGRGWTWAT,SD,2035,0.0
RE1,DEMAGRGWTWAT,SN,2020,0.0
RE1,DEMAGRGWTWAT,SN,2021,0.0
RE1,DEMAGRGWTWAT,SN,2022,0.0
RE1,DEMAGRGWTWAT,SN,2023,0.0
RE1,DEMAGRGWTWAT,SN,2024,0.0
RE1,DEMAGRGWTWAT,SN,2025,0.0
RE1,DEMAGRGWTWAT,SN,2026,0.0521
RE1,DEMAGRGWTWAT,SN,2027,0.1548
RE1,DEMAGRGWTWAT,SN,2028,0.23
RE1,DEMAGRGWTWAT,SN,2029,0.2
RE1,DEMAGRGWTWAT,SN,2030,0.17
RE1,DEMAGRGWTWAT,SN,2031,0.13
RE1,DEMAGRGWTWAT,SN,2032,0.1
RE1,DEMAGRGWTWAT,SN,2033,0.07
RE1,DEMAGRGWTWAT,SN,2034,0.03
RE1,DEMAGRGWTWAT,SN,2035,0.0
RE1,DEMAGRGWTWAT,WD,2020,0.0
RE1,DEMAGRGWTWAT,WD,2021,0.0
RE1,DEMAGRGWTWAT,WD,2022,0.0
RE1,DEMAGRGWTWAT,WD,2023,0.0
RE1,DEMAGRGWTWAT,WD,2024,0.0
RE1,DEMAGRGWTWAT,WD,2025,0.0
RE1,DEMAGRGWTWAT,WD,2026,0.0521
RE1,DEMAGRGWTWAT,WD,2027,0.1548
RE1,DEMAGRGWTWAT,WD,2028,0.23
RE1,DEMAGRGWTWAT,WD,2029,0.2
RE1,DEMAGRGWTWAT,WD,2030,0.17
RE1,DEMAGRGWTWAT,WD,2031,0.13
RE1,DEMAGRGWTWAT,WD,2032,0.1
RE1,DEMAGRGWTWAT,WD,2033,0.07
RE1,DEMAGRGWTWAT,WD,2034,0.03
RE1,DEMAGRGWTWAT,WD,2035,0.0
RE1,DEMAGRGWTWAT,WN,2020,0.0
RE1,DEMAGRGWTWAT,WN,2021,0.0
RE1,DEMAGRGWTWAT,WN,2022,0.0
RE1,DEMAGRGWTWAT,WN,2023,0.0
RE1,DEMAGRGWTWAT,WN,2024,0.0
RE1,DEMAGRGWTWAT,WN,2025,0.0
RE1,DEMAGRGWTWAT,WN,2026,0.0521
RE1,DEMAGRGWTWAT,WN,2027,0.1548
RE1,DEMAGRGWTWAT,WN,2028,0.23
RE1,DEMAGRGWTWAT,WN,2029,0.2
RE1,DEMAGRGWTWAT,WN,2030,0.17
RE1,DEMAGRGWTWAT,WN,2031,0.13
RE1,DEMAGRGWTWAT,WN,2032,0.1
RE1,DEMAGRGWTWAT,WN,2033,0.07
RE1,DEMAGRGWTWAT,WN,2034,0.03
RE1,DEMAGRGWTWAT,WN,2035,0.0
RE1,DEMPWRSURWAT,SD,2020,0.1071
RE1,DEMPWRSURWAT,SD,2021,0.1092
RE1,DEMPWRSURWAT,SD,2022,0.1285
RE1,DEMPWRSURWAT,SD,2023,0.138
RE1,DEMPWRSURWAT,SD,2024,0.138
RE1,DEMPWRSURWAT,SD,2025,0.1157
RE1,DEMPWRSURWAT,SD,2026,0.0966
RE1,DEMPWRSURWAT,SD,2027,0.0966
RE1,DEMPWRSURWAT,SD,2028,0.0966
RE1,DEMPWRSURWAT,SD,2029,0.0966
RE1,DEMPWRSURWAT,SD,2030,0.0966
RE1,DEMPWRSURWAT,SD,2031,0.0966
RE1,DEMPWRSURWAT,SD,2032,0.0966
RE1,DEMPWRSURWAT,SD,2033,0.0966
RE1,DEMPWRSURWAT,SD,2034,0.0787
RE1,DEMPWRSURWAT,SD,2035,0.067
RE1,DEMPWRSURWAT,SN,2020,0.0699
RE1,DEMPWRSURWAT,SN,2021,0.0705
RE1,DEMPWRSURWAT,SN,2022,0.0886
RE1,DEMPWRSURWAT,SN,2023,0.1089
RE1,DEMPWRSURWAT,SN,2024,0.1075
RE1,DEMPWRSURWAT,SN,2025,0.1089
RE1,DEMPWRSURWAT,SN,2026,0.0966
RE1,DEMPWRSURWAT,SN,2027,0.0966
RE1,DEMPWRSURWAT,SN,2028,0.0966
RE1,DEMPWRSURWAT,SN,2029,0.0966
RE1,DEMPWRSURWAT,SN,2030,0.0966
RE1,DEMPWRSURWAT,SN,2031,0.0966
RE1,DEMPWRSURWAT,SN,2032,0.0966
RE1,DEMPWRSURWAT,SN,2033,0.0972
RE1,DEMPWRSURWAT,SN,2034,0.0991
RE1,DEMPWRSURWAT,SN,2035,0.1006
RE1,DEMPWRSURWAT,WD,2020,0.1445
RE1,DEMPWRSURWAT,WD,2021,0.1459
RE1,DEMPWRSURWAT,WD,2022,0.1459
RE1,DEMPWRSURWAT,WD,2023,0.1459
RE1,DEMPWRSURWAT,WD,2024,0.1459
RE1,DEMPWRSURWAT,WD,2025,0.142
RE1,DEMPWRSURWAT,WD,2026,0.1079
RE1,DEMPWRSURWAT,WD,2027,0.1079
RE1,DEMPWRSURWAT,WD,2028,0.1079
RE1,DEMPWRSURWAT,WD,2029,0.1079
RE1,DEMPWRSURWAT,WD,2030,0.1079
RE1,DEMPWRSURWAT,WD,2031,0.1079
RE1,DEMPWRSURWAT,WD,2032,0.1079
RE1,DEMPWRSURWAT,WD,2033,0.1079
RE1,DEMPWRSURWAT,WD,2034,0.104
RE1,DEMPWRSURWAT,WD,2035,0.0994
RE1,DEMPWRSURWAT,WN,2020,0.0976
RE1,DEMPWRSURWAT,WN,2021,0.0959
RE1,DEMPWRSURWAT,WN,2022,0.0712
RE1,DEMPWRSURWAT,WN,2023,0.0542
RE1,DEMPWRSURWAT,WN,2024,0.0533
RE1,DEMPWRSURWAT,WN,2025,0.0572
RE1,DEMPWRSURWAT,WN,2026,0.0628
RE1,DEMPWRSURWAT,WN,2027,0.0635
RE1,DEMPWRSURWAT,WN,2028,0.065
RE1,DEMPWRSURWAT,WN,2029,0.0678
RE1,DEMPWRSURWAT,WN,2030,0.0713
RE1,DEMPWRSURWAT,WN,2031,0.0756
RE1,DEMPWRSURWAT,WN,2032,0.0814
RE1,DEMPWRSURWAT,WN,2033,0.087
RE1,DEMPWRSURWAT,WN,2034,0.0937
RE1,DEMPWRSURWAT,WN,2035,0.094
RE1,IMPDSL,SD,2020,2.4815
RE1,IMPDSL,SD,2021,2.4964
RE1,IMPDSL,SD,2022,2.5611
RE1,IMPDSL,SD,2023,2.6524
RE1,IMPDSL,SD,2024,2.7629
RE1,IMPDSL,SD,2025,3.0158
RE1,IMPDSL,SD,2026,3.2625
RE1,IMPDSL,SD,2027,2.9774
RE1,IMPDSL,SD,2028,3.0571
RE1,IMPDSL,SD,2029,3.1515
RE1,IMPDSL,SD,2030,3.2332
RE1,IMPDSL,SD,2031,3.3149
RE1,IMPDSL,SD,2032,3.4124
RE1,IMPDSL,SD,2033,3.4918
RE1,IMPDSL,SD,2034,3.7504
RE1,IMPDSL,SD,2035,3.8456
RE1,IMPDSL,SN,2020,2.4815
RE1,IMPDSL,SN,2021,2.4964
RE1,IMPDSL,SN,2022,2.5611
RE1,IMPDSL,SN,2023,2.6524
RE1,IMPDSL,SN,2024,2.7629
RE1,IMPDSL,SN,2025,3.0158
RE1,IMPDSL,SN,2026,3.2625
RE1,IMPDSL,SN,2027,2.9774
RE1,IMPDSL,SN,2028,3.0571
RE1,IMPDSL,SN,2029,3.1515
RE1,IMPDSL,SN,2030,3.2332
RE1,IMPDSL,SN,2031,3.3149
RE1,IMPDSL,SN,2032,3.4124
RE1,IMPDSL,SN,2033,3.4918
RE1,IMPDSL,SN,2034,3.7504
RE1,IMPDSL,SN,2035,3.8456
RE1,IMPDSL,WD,2020,2.4815
RE1,IMPDSL,WD,2021,2.4964
RE1,IMPDSL,WD,2022,2.5611
RE1,IMPDSL,WD,2023,2.6524
RE1,IMPDSL,WD,2024,2.7629
RE1,IMPDSL,WD,2025,3.0158
RE1,IMPDSL,WD,2026,3.2625
RE1,IMPDSL,WD,2027,2.9774
RE1,IMPDSL,WD,2028,3.0571
RE1,IMPDSL,WD,2029,3.1515
RE1,IMPDSL,WD,2030,3.2332
RE1,IMPDSL,WD,2031,3.3149
RE1,IMPDSL,WD,2032,3.4124
RE1,IMPDSL,WD,2033,3.4918
RE1,IMPDSL,WD,2034,3.7504
RE1,IMPDSL,WD,2035,3.8456
RE1,IMPDSL,WN,2020,2.4815
RE1,IMPDSL,WN,2021,2.4964
RE1,IMPDSL,WN,2022,2.5611
RE1,IMPDSL,WN,2023,2.6524
RE1,IMPDSL,WN,2024,2.7629
RE1,IMPDSL,WN,2025,3.0158
RE1,IMPDSL,WN,2026,3.2625
RE1,IMPDSL,WN,2027,2.9774
RE1,IMPDSL,WN,2028,3.0571
RE1,IMPDSL,WN,2029,3.1515
RE1,IMPDSL,WN,2030,3.2332
RE1,IMPDSL,WN,2031,3.3149
RE1,IMPDSL,WN,2032,3.4124
RE1,IMPDSL,WN,2033,3.4918
RE1,IMPDSL,WN,2034,3.7504
RE1,IMPDSL,WN,2035,3.8456
RE1,DEMTRABIO,SD,2020,1.1848
RE1,DEMTRABIO,SD,2021,1.2204
RE1,DEMTRABIO,SD,2022,1.2559
RE1,DEMTRABIO,SD,2023,1.2915
RE1,DEMTRABIO,SD,2024,1.327
RE1,DEMTRABIO,SD,2025,1.3744
RE1,DEMTRABIO,SD,2026,1.41
RE1,DEMTRABIO,SD,2027,1.4455
RE1,DEMTRABIO,SD,2028,1.4929
RE1,DEMTRABIO,SD,2029,1.5403
RE1,DEMTRABIO,SD,2030,1.5877
RE1,DEMTRABIO,SD,2031,1.6351
RE1,DEMTRABIO,SD,2032,1.6825
RE1,DEMTRABIO,SD,2033,1.7299
RE1,DEMTRABIO,SD,2034,1.7773
RE1,DEMTRABIO,SD,2035,1.8246
RE1,DEMTRABIO,SN,2020,1.1848
RE1,DEMTRABIO,SN,2021,1.2204
RE1,DEMTRABIO,SN,2022,1.2559
RE1,DEMTRABIO,SN,2023,1.2915
RE1,DEMTRABIO,SN,2024,1.327
RE1,DEMTRABIO,SN,2025,1.3744
RE1,DEMTRABIO,SN,2026,1.41
RE1,DEMTRABIO,SN,2027,1.4455
RE1,DEMTRABIO,SN,2028,1.4929
RE1,DEMTRABIO,SN,2029,1.5403
RE1,DEMTRABIO,SN,2030,1.5877
RE1,DEMTRABIO,SN,2031,1.6351
RE1,DEMTRABIO,SN,2032,1.6825
RE1,DEMTRABIO,SN,2033,1.7299
RE1,DEMTRABIO,SN,2034,1.7773
RE1,DEMTRABIO,SN,2035,1.8246
RE1,DEMTRABIO,WD,2020,1.1848
RE1,DEMTRABIO,WD,2021,1.2204
RE1,DEMTRABIO,WD,2022,1.2559
RE1,DEMTRABIO,WD,2023,1.2915
RE1,DEMTRABIO,WD,2024,1.327
RE1,DEMTRABIO,WD,2025,1.3744
RE1,DEMTRABIO,WD,2026,1.41
RE1,DEMTRABIO,WD,2027,1.4455
RE1,DEMTRABIO,WD,2028,1.4929
RE1,DEMTRABIO,WD,2029,1.5403
RE1,DEMTRABIO,WD,2030,1.5877
RE1,DEMTRABIO,WD,2031,1.6351
RE1,DEMTRABIO,WD,2032,1.6825
RE1,DEMTRABIO,WD,2033,1.7299
RE1,DEMTRABIO,WD,2034,1.7773
RE1,DEMTRABIO,WD,2035,1.8246
RE1,DEMTRABIO,WN,2020,1.1848
RE1,DEMTRABIO,WN,2021,1.2204
RE1,DEMTRABIO,WN,2022,1.2559
RE1,DEMTRABIO,WN,2023,1.2915
RE1,DEMTRABIO,WN,2024,1.327
RE1,DEMTRABIO,WN,2025,1.3744
RE1,DEMTRABIO,WN,2026,1.41
RE1,DEMTRABIO,WN,2027,1.4455
RE1,DEMTRABIO,WN,2028,1.4929
RE1,DEMTRABIO,WN,2029,1.5403
RE1,DEMTRABIO,WN,2030,1.5877
RE1,DEMTRABIO,WN,2031,1.6351
RE1,DEMTRABIO,WN,2032,1.6825
RE1,DEMTRABIO,WN,2033,1.7299
RE1,DEMTRABIO,WN,2034,1.7773
RE1,DEMTRABIO,WN,2035,1.8246
RE1,STGIN,SD,2020,0.0
RE1,STGIN,SD,2021,0.6069
RE1,STGIN,SD,2022,16.4534
RE1,STGIN,SD,2023,25.4165
RE1,STGIN,SD,2024,30.4405
RE1,STGIN,SD,2025,30.4959
RE1,STGIN,SD,2026,37.7494
RE1,STGIN,SD,2027,44.02
RE1,STGIN,SD,2028,50.7557
RE1,STGIN,SD,2029,58.43
RE1,STGIN,SD,2030,66.6096
RE1,STGIN,SD,2031,75.2817
RE1,STGIN,SD,2032,84.8554
RE1,STGIN,SD,2033,94.5817
RE1,STGIN,SD,2034,102.7489
RE1,STGIN,SD,2035,118.5101
RE1,STGIN,SN,2020,0.0
RE1,STGIN,SN,2021,0.6069
RE1,STGIN,SN,2022,16.4534
RE1,STGIN,SN,2023,33.9668
RE1,STGIN,SN,2024,30.6068
RE1,STGIN,SN,2025,30.4959
RE1,STGIN,SN,2026,15.9889
RE1,STGIN,SN,2027,12.2471
RE1,STGIN,SN,2028,7.9297
RE1,STGIN,SN,2029,2.4767
RE1,STGIN,SN,2030,0.0
RE1,STGIN,SN,2031,0.0
RE1,STGIN,SN,2032,0.0
RE1,STGIN,SN,2033,0.0
RE1,STGIN,SN,2034,0.0
RE1,STGIN,SN,2035,0.0
RE1,STGIN,WD,2020,0.0
RE1,STGIN,WD,2021,0.0
RE1,STGIN,WD,2022,0.0
RE1,STGIN,WD,2023,0.0
RE1,STGIN,WD,2024,0.0
RE1,STGIN,WD,2025,0.0
RE1,STGIN,WD,2026,0.0
RE1,STGIN,WD,2027,0.0
RE1,STGIN,WD,2028,0.0
RE1,STGIN,WD,2029,0.0
RE1,STGIN,WD,2030,0.0
RE1,STGIN,WD,2031,0.0
RE1,STGIN,WD,2032,0.0
RE1,STGIN,WD,2033,0.0
RE1,STGIN,WD,2034,0.0
RE1,STGIN,WD,2035,0.0
RE1,STGIN,WN,2020,0.0
RE1,STGIN,WN,2021,0.0
RE1,STGIN,WN,2022,0.0
RE1,STGIN,WN,2023,0.0
RE1,STGIN,WN,2024,0.0
RE1,STGIN,WN,2025,0.0
RE1,STGIN,WN,2026,0.0
RE1,STGIN,WN,2027,0.0
RE1,STGIN,WN,2028,0.0
RE1,STGIN,WN,2029,0.0
RE1,STGIN,WN,2030,0.0
RE1,STGIN,WN,2031,0.0
RE1,STGIN,WN,2032,0.0
RE1,STGIN,WN,2033,0.0
RE1,STGIN,WN,2034,0.0
RE1,STGIN,WN,2035,0.0
RE1,STGOUT,SD,2020,0.0
RE1,STGOUT,SD,2021,0.0
RE1,STGOUT,SD,2022,0.0
RE1,STGOUT,SD,2023,0.0
RE1,STGOUT,SD,2024,0.0
RE1,STGOUT,SD,2025,0.0
RE1,STGOUT,SD,2026,0.0
RE1,STGOUT,SD,2027,0.0
RE1,STGOUT,SD,2028,0.0
RE1,STGOUT,SD,2029,0.0
RE1,STGOUT,SD,2030,0.0
RE1,STGOUT,SD,2031,0.0
RE1,STGOUT,SD,2032,0.0
RE1,STGOUT,SD,2033,0.0
RE1,STGOUT,SD,2034,0.0
RE1,STGOUT,SD,2035,0.0
RE1,STGOUT,SN,2020,0.0
RE1,STGOUT,SN,2021,0.0
RE1,STGOUT,SN,2022,0.0
RE1,STGOUT,SN,2023,0.0
RE1,STGOUT,SN,2024,0.0
RE1,STGOUT,SN,2025,0.0
RE1,STGOUT,SN,2026,0.0
RE1,STGOUT,SN,2027,0.0
RE1,STGOUT,SN,2028,0.0
RE1,STGOUT,SN,2029,0.0
RE1,STGOUT,SN,2030,3.7324
RE1,STGOUT,SN,2031,10.6725
RE1,STGOUT,SN,2032,18.8249
RE1,STGOUT,SN,2033,25.256
RE1,STGOUT,SN,2034,27.4369
RE1,STGOUT,SN,2035,31.6456
RE1,STGOUT,WD,2020,0.0
RE1,STGOUT,WD,2021,0.3059
RE1,STGOUT,WD,2022,8.2925
RE1,STGOUT,WD,2023,14.2464
RE1,STGOUT,WD,2024,15.3699
RE1,STGOUT,WD,2025,15.3699
RE1,STGOUT,WD,2026,15.3699
RE1,STGOUT,WD,2027,16.8482
RE1,STGOUT,WD,2028,18.3861
RE1,STGOUT,WD,2029,20.0486
RE1,STGOUT,WD,2030,21.7538
RE1,STGOUT,WD,2031,23.5017
RE1,STGOUT,WD,2032,25.3488
RE1,STGOUT,WD,2033,27.5364
RE1,STGOUT,WD,2034,29.9142
RE1,STGOUT,WD,2035,34.5029
RE1,STGOUT,WN,2020,0.0
RE1,STGOUT,WN,2021,1.0507
RE1,STGOUT,WN,2022,28.483
RE1,STGOUT,WN,2023,48.9332
RE1,STGOUT,WN,2024,52.7924
RE1,STGOUT,WN,2025,52.7924
RE1,STGOUT,WN,2026,52.7924
RE1,STGOUT,WN,2027,57.87
RE1,STGOUT,WN,2028,63.1522
RE1,STGOUT,WN,2029,68.8625
RE1,STGOUT,WN,2030,74.7196
RE1,STGOUT,WN,2031,80.7231
RE1,STGOUT,WN,2032,87.0678
RE1,STGOUT,WN,2033,94.5817
RE1,STGOUT,WN,2034,102.7489
RE1,STGOUT,WN,2035,118.5101
