r,s,ls,ld,y,StorageLevelDayTypeFinish
RE1,PMPSRG,1,1,2020,0.0
RE1,PMPSRG,1,1,2021,0.6069
RE1,PMPSRG,1,1,2022,16.4534
RE1,PMPSRG,1,1,2023,48.9332
RE1,PMPSRG,1,1,2024,52.7924
RE1,PMPSRG,1,1,2025,30.4959
RE1,PMPSRG,1,1,2026,15.9889
RE1,PMPSRG,1,1,2027,12.2471
RE1,PMPSRG,1,1,2028,7.9297
RE1,PMPSRG,1,1,2029,2.4767
RE1,PMPSRG,1,1,2030,70.9872
RE1,PMPSRG,1,1,2031,70.0506
RE1,PMPSRG,1,1,2032,0.0
RE1,PMPSRG,1,1,2033,69.3257
RE1,PMPSRG,1,1,2034,0.0
RE1,PMPSRG,1,1,2035,0.0
RE1,PMPSRG,2,1,2020,0.0
RE1,PMPSRG,2,1,2021,0.0
RE1,PMPSRG,2,1,2022,0.0
RE1,PMPSRG,2,1,2023,0.0
RE1,PMPSRG,2,1,2024,0.0
RE1,PMPSRG,2,1,2025,0.0
RE1,PMPSRG,2,1,2026,0.0
RE1,PMPSRG,2,1,2027,0.0
RE1,PMPSRG,2,1,2028,0.0
RE1,PMPSRG,2,1,2029,0.0
RE1,PMPSRG,2,1,2030,0.0
RE1,PMPSRG,2,1,2031,0.0
RE1,PMPSRG,2,1,2032,0.0
RE1,PMPSRG,2,1,2033,0.0
RE1,PMPSRG,2,1,2034,0.0
RE1,PMPSRG,2,1,2035,0.0
