r,s,ls,y,StorageLevelSeasonStart
RE1,PMPSRG,1,2020,0.0
RE1,PMPSRG,1,2021,0.0
RE1,PMPSRG,1,2022,0.0
RE1,PMPSRG,1,2023,0.0
RE1,PMPSRG,1,2024,0.0
RE1,PMPSRG,1,2025,0.0
RE1,PMPSRG,1,2026,0.0
RE1,PMPSRG,1,2027,0.0
RE1,PMPSRG,1,2028,0.0
RE1,PMPSRG,1,2029,0.0
RE1,PMPSRG,1,2030,0.0
RE1,PMPSRG,1,2031,0.0
RE1,PMPSRG,1,2032,0.0
RE1,PMPSRG,1,2033,0.0
RE1,PMPSRG,1,2034,0.0
RE1,PMPSRG,1,2035,0.0
RE1,PMPSRG,2,2020,0.0
RE1,PMPSRG,2,2021,0.3059
RE1,PMPSRG,2,2022,8.2925
RE1,PMPSRG,2,2023,14.2464
RE1,PMPSRG,2,2024,15.3699
RE1,PMPSRG,2,2025,15.3699
RE1,PMPSRG,2,2026,15.3699
RE1,PMPSRG,2,2027,16.8482
RE1,PMPSRG,2,2028,18.3861
RE1,PMPSRG,2,2029,20.0486
RE1,PMPSRG,2,2030,21.7538
RE1,PMPSRG,2,2031,23.5017
RE1,PMPSRG,2,2032,25.3488
RE1,PMPSRG,2,2033,27.5364
RE1,PMPSRG,2,2034,29.9142
RE1,PMPSRG,2,2035,34.5029
