r,t,y,TotalTechnologyAnnualActivity
RE1,MINCOA,2020,369.6056
RE1,MINCOA,2021,371.1698
RE1,MINCOA,2022,386.3275
RE1,MINCOA,2023,396.8167
RE1,MINCOA,2024,395.4101
RE1,MINCOA,2025,373.2852
RE1,MINCOA,2026,307.1702
RE1,MINCOA,2027,307.684
RE1,MINCOA,2028,308.6967
RE1,MINCOA,2029,310.6792
RE1,MINCOA,2030,313.2042
RE1,MINCOA,2031,316.271
RE1,MINCOA,2032,320.3849
RE1,MINCOA,2033,324.3357
RE1,MINCOA,2034,308.4817
RE1,MINCOA,2035,295.2352
RE1,MINGAS,2020,15.1607
RE1,MINGAS,2021,18.2278
RE1,MINGAS,2022,18.2278
RE1,MINGAS,2023,18.2278
RE1,MINGAS,2024,18.2278
RE1,MINGAS,2025,9.3851
RE1,MINGAS,2026,26.0742
RE1,MINGAS,2027,26.0742
RE1,MINGAS,2028,26.0742
RE1,MINGAS,2029,26.0742
RE1,MINGAS,2030,26.0742
RE1,MINGAS,2031,26.0742
RE1,MINGAS,2032,26.0742
RE1,MINGAS,2033,26.9536
RE1,MINGAS,2034,20.6513
RE1,MINGAS,2035,11.8183
RE1,PWRCOA,2020,123.2019
RE1,PWRCOA,2021,123.7233
RE1,PWRCOA,2022,128.7758
RE1,PWRCOA,2023,132.2723
RE1,PWRCOA,2024,131.8034
RE1,PWRCOA,2025,124.4284
RE1,PWRCOA,2026,102.3901
RE1,PWRCOA,2027,102.5613
RE1,PWRCOA,2028,102.8989
RE1,PWRCOA,2029,103.5597
RE1,PWRCOA,2030,104.4014
RE1,PWRCOA,2031,105.4237
RE1,PWRCOA,2032,106.795
RE1,PWRCOA,2033,108.1119
RE1,PWRCOA,2034,102.8272
RE1,PWRCOA,2035,98.4117
RE1,PWRGAS,2020,7.5803
RE1,PWRGAS,2021,9.1139
RE1,PWRGAS,2022,9.1139
RE1,PWRGAS,2023,9.1139
RE1,PWRGAS,2024,9.1139
RE1,PWRGAS,2025,4.6926
RE1,PWRGAS,2026,13.0371
RE1,PWRGAS,2027,13.0371
RE1,PWRGAS,2028,13.0371
RE1,PWRGAS,2029,13.0371
RE1,PWRGAS,2030,13.0371
RE1,PWRGAS,2031,13.0371
RE1,PWRGAS,2032,13.0371
RE1,PWRGAS,2033,13.4768
RE1,PWRGAS,2034,10.3256
RE1,PWRGAS,2035,5.9091
RE1,PWRTRN,2020,183.0595
RE1,PWRTRN,2021,196.6523
RE1,PWRTRN,2022,213.2436
RE1,PWRTRN,2023,228.2782
RE1,PWRTRN,2024,239.3489
RE1,PWRTRN,2025,239.0969
RE1,PWRTRN,2026,236.9412
RE1,PWRTRN,2027,248.6518
RE1,PWRTRN,2028,260.5336
RE1,PWRTRN,2029,272.7394
RE1,PWRTRN,2030,285.1252
RE1,PWRTRN,2031,297.6924
RE1,PWRTRN,2032,310.6074
RE1,PWRTRN,2033,323.9084
RE1,PWRTRN,2034,327.0166
RE1,PWRTRN,2035,329.7287
RE1,RSCWND,2020,11.5031
RE1,RSCWND,2021,23.0061
RE1,RSCWND,2022,34.5092
RE1,RSCWND,2023,46.0123
RE1,RSCWND,2024,57.5154
RE1,RSCWND,2025,69.0184
RE1,RSCWND,2026,80.5215
RE1,RSCWND,2027,92.0246
RE1,RSCWND,2028,103.5276
RE1,RSCWND,2029,115.0307
RE1,RSCWND,2030,126.5338
RE1,RSCWND,2031,138.0369
RE1,RSCWND,2032,149.5399
RE1,RSCWND,2033,161.043
RE1,RSCWND,2034,172.5461
RE1,RSCWND,2035,184.0491
RE1,RSCSOL,2020,2.1415
RE1,RSCSOL,2021,2.1415
RE1,RSCSOL,2022,2.8559
RE1,RSCSOL,2023,5.8652
RE1,RSCSOL,2024,12.2111
RE1,RSCSOL,2025,29.6772
RE1,RSCSOL,2026,50.8615
RE1,RSCSOL,2027,59.7031
RE1,RSCSOL,2028,69.4155
RE1,RSCSOL,2029,80.8232
RE1,RSCSOL,2030,93.1306
RE1,RSCSOL,2031,106.3088
RE1,RSCSOL,2032,121.2454
RE1,RSCSOL,2033,136.8533
RE1,RSCSOL,2034,163.6112
RE1,RSCSOL,2035,191.8756
RE1,RSCHYD,2020,101.9355
RE1,RSCHYD,2021,102.0225
RE1,RSCHYD,2022,102.1116
RE1,RSCHYD,2023,102.1994
RE1,RSCHYD,2024,102.2906
RE1,RSCHYD,2025,102.3938
RE1,RSCHYD,2026,102.4814
RE1,RSCHYD,2027,102.5719
RE1,RSCHYD,2028,102.6747
RE1,RSCHYD,2029,102.7796
RE1,RSCHYD,2030,102.8823
RE1,RSCHYD,2031,102.9869
RE1,RSCHYD,2032,103.0884
RE1,RSCHYD,2033,103.1919
RE1,RSCHYD,2034,103.2941
RE1,RSCHYD,2035,103.3968
RE1,PWRWND,2020,11.5031
RE1,PWRWND,2021,23.0061
RE1,PWRWND,2022,34.5092
RE1,PWRWND,2023,46.0123
RE1,PWRWND,2024,57.5154
RE1,PWRWND,2025,69.0184
RE1,PWRWND,2026,80.5215
RE1,PWRWND,2027,92.0246
RE1,PWRWND,2028,103.5276
RE1,PWRWND,2029,115.0307
RE1,PWRWND,2030,126.5338
RE1,PWRWND,2031,138.0369
RE1,PWRWND,2032,149.5399
RE1,PWRWND,2033,161.043
RE1,PWRWND,2034,172.5461
RE1,PWRWND,2035,184.0491
RE1,PWRSOL,2020,2.1415
RE1,PWRSOL,2021,2.1415
RE1,PWRSOL,2022,2.8559
RE1,PWRSOL,2023,5.8652
RE1,PWRSOL,2024,12.2111
RE1,PWRSOL,2025,29.6772
RE1,PWRSOL,2026,50.8615
RE1,PWRSOL,2027,59.7031
RE1,PWRSOL,2028,69.4155
RE1,PWRSOL,2029,80.8232
RE1,PWRSOL,2030,93.1306
RE1,PWRSOL,2031,106.3088
RE1,PWRSOL,2032,121.2454
RE1,PWRSOL,2033,136.8533
RE1,PWRSOL,2034,163.6112
RE1,PWRSOL,2035,191.8756
RE1,PWRHYD,2020,40.7742
RE1,PWRHYD,2021,40.809
RE1,PWRHYD,2022,40.8446
RE1,PWRHYD,2023,40.8798
RE1,PWRHYD,2024,40.9162
RE1,PWRHYD,2025,40.9575
RE1,PWRHYD,2026,40.9926
RE1,PWRHYD,2027,41.0288
RE1,PWRHYD,2028,41.0699
RE1,PWRHYD,2029,41.1119
RE1,PWRHYD,2030,41.1529
RE1,PWRHYD,2031,41.1948
RE1,PWRHYD,2032,41.2354
RE1,PWRHYD,2033,41.2767
RE1,PWRHYD,2034,41.3176
RE1,PWRHYD,2035,41.3587
RE1,RSCLND,2020,299.9965
RE1,RSCLND,2021,300.0
RE1,RSCLND,2022,300.0
RE1,RSCLND,2023,300.0
RE1,RSCLND,2024,300.0
RE1,RSCLND,2025,300.0
RE1,RSCLND,2026,300.0
RE1,RSCLND,2027,300.0
RE1,RSCLND,2028,300.0
RE1,RSCLND,2029,300.0
RE1,RSCLND,2030,300.0
RE1,RSCLND,2031,300.0
RE1,RSCLND,2032,300.0
RE1,RSCLND,2033,300.0
RE1,RSCLND,2034,300.0
RE1,RSCLND,2035,300.0
RE1,LNDMAIRNF,2020,4.085
RE1,LNDMAIRNF,2021,4.1872
RE1,LNDMAIRNF,2022,4.2912
RE1,LNDMAIRNF,2023,4.391
RE1,LNDMAIRNF,2024,4.4926
RE1,LNDMAIRNF,2025,4.6247
RE1,LNDMAIRNF,2026,4.7235
RE1,LNDMAIRNF,2027,4.8237
RE1,LNDMAIRNF,2028,4.9544
RE1,LNDMAIRNF,2029,5.0834
RE1,LNDMAIRNF,2030,5.2137
RE1,LNDMAIRNF,2031,5.3422
RE1,LNDMAIRNF,2032,5.4689
RE1,LNDMAIRNF,2033,5.5936
RE1,LNDMAIRNF,2034,5.7162
RE1,LNDMAIRNF,2035,5.8396
RE1,LNDRICRNF,2020,1.4205
RE1,LNDRICRNF,2021,1.4211
RE1,LNDRICRNF,2022,1.4192
RE1,LNDRICRNF,2023,1.4166
RE1,LNDRICRNF,2024,1.413
RE1,LNDRICRNF,2025,1.4067
RE1,LNDRICRNF,2026,1.3992
RE1,LNDRICRNF,2027,1.3886
RE1,LNDRICRNF,2028,1.3766
RE1,LNDRICRNF,2029,1.3629
RE1,LNDRICRNF,2030,1.3457
RE1,LNDRICRNF,2031,1.3265
RE1,LNDRICRNF,2032,1.3051
RE1,LNDRICRNF,2033,1.2813
RE1,LNDRICRNF,2034,1.2534
RE1,LNDRICRNF,2035,1.2226
RE1,LNDMAIIRR,2020,0.339
RE1,LNDMAIIRR,2021,0.356
RE1,LNDMAIIRR,2022,0.3737
RE1,LNDMAIIRR,2023,0.3924
RE1,LNDMAIIRR,2024,0.4121
RE1,LNDMAIIRR,2025,0.4327
RE1,LNDMAIIRR,2026,0.4543
RE1,LNDMAIIRR,2027,0.477
RE1,LNDMAIIRR,2028,0.5009
RE1,LNDMAIIRR,2029,0.5259
RE1,LNDMAIIRR,2030,0.5522
RE1,LNDMAIIRR,2031,0.5798
RE1,LNDMAIIRR,2032,0.6088
RE1,LNDMAIIRR,2033,0.6392
RE1,LNDMAIIRR,2034,0.6712
RE1,LNDMAIIRR,2035,0.7048
RE1,LNDRICIRR,2020,0.531
RE1,LNDRICIRR,2021,0.5576
RE1,LNDRICIRR,2022,0.5854
RE1,LNDRICIRR,2023,0.6147
RE1,LNDRICIRR,2024,0.6454
RE1,LNDRICIRR,2025,0.6777
RE1,LNDRICIRR,2026,0.7116
RE1,LNDRICIRR,2027,0.7472
RE1,LNDRICIRR,2028,0.7845
RE1,LNDRICIRR,2029,0.8238
RE1,LNDRICIRR,2030,0.8649
RE1,LNDRICIRR,2031,0.9082
RE1,LNDRICIRR,2032,0.9536
RE1,LNDRICIRR,2033,1.0013
RE1,LNDRICIRR,2034,1.0513
RE1,LNDRICIRR,2035,1.1039
RE1,LNDFOR,2020,253.6
RE1,LNDFOR,2021,253.3073
RE1,LNDFOR,2022,253.0094
RE1,LNDFOR,2023,252.7142
RE1,LNDFOR,2024,252.406
RE1,LNDFOR,2025,252.0673
RE1,LNDFOR,2026,251.7705
RE1,LNDFOR,2027,251.4625
RE1,LNDFOR,2028,251.1226
RE1,LNDFOR,2029,250.773
RE1,LNDFOR,2030,250.4325
RE1,LNDFOR,2031,250.0823
RE1,LNDFOR,2032,249.7426
RE1,LNDFOR,2033,249.3936
RE1,LNDFOR,2034,249.0469
RE1,LNDFOR,2035,248.6982
RE1,LNDBLT,2020,15.0
RE1,LNDBLT,2021,15.15
RE1,LNDBLT,2022,15.3
RE1,LNDBLT,2023,15.45
RE1,LNDBLT,2024,15.61
RE1,LNDBLT,2025,15.77
RE1,LNDBLT,2026,15.92
RE1,LNDBLT,2027,16.08
RE1,LNDBLT,2028,16.24
RE1,LNDBLT,2029,16.41
RE1,LNDBLT,2030,16.57
RE1,LNDBLT,2031,16.74
RE1,LNDBLT,2032,16.9
RE1,LNDBLT,2033,17.07
RE1,LNDBLT,2034,17.24
RE1,LNDBLT,2035,17.41
RE1,LNDWAT,2020,25.021
RE1,LNDWAT,2021,25.021
RE1,LNDWAT,2022,25.021
RE1,LNDWAT,2023,25.021
RE1,LNDWAT,2024,25.021
RE1,LNDWAT,2025,25.021
RE1,LNDWAT,2026,25.021
RE1,LNDWAT,2027,25.021
RE1,LNDWAT,2028,25.021
RE1,LNDWAT,2029,25.021
RE1,LNDWAT,2030,25.021
RE1,LNDWAT,2031,25.021
RE1,LNDWAT,2032,25.021
RE1,LNDWAT,2033,25.021
RE1,LNDWAT,2034,25.021
RE1,LNDWAT,2035,25.021
RE1,RSCPRC,2020,359.9958
RE1,RSCPRC,2021,360.0
RE1,RSCPRC,2022,360.0
RE1,RSCPRC,2023,360.0
RE1,RSCPRC,2024,360.0
RE1,RSCPRC,2025,360.0
RE1,RSCPRC,2026,360.0
RE1,RSCPRC,2027,360.0
RE1,RSCPRC,2028,360.0
RE1,RSCPRC,2029,360.0
RE1,RSCPRC,2030,360.0
RE1,RSCPRC,2031,360.0
RE1,RSCPRC,2032,360.0
RE1,RSCPRC,2033,360.0
RE1,RSCPRC,2034,360.0
RE1,RSCPRC,2035,360.0
RE1,UPSWTRSUR,2020,0.0
RE1,UPSWTRSUR,2021,0.0
RE1,UPSWTRSUR,2022,0.0
RE1,UPSWTRSUR,2023,0.0
RE1,UPSWTRSUR,2024,0.0
RE1,UPSWTRSUR,2025,0.0
RE1,UPSWTRSUR,2026,0.0
RE1,UPSWTRSUR,2027,0.0
RE1,UPSWTRSUR,2028,0.0
RE1,UPSWTRSUR,2029,0.0
RE1,UPSWTRSUR,2030,0.0
RE1,UPSWTRSUR,2031,0.0
RE1,UPSWTRSUR,2032,0.0
RE1,UPSWTRSUR,2033,0.0
RE1,UPSWTRSUR,2034,0.0
RE1,UPSWTRSUR,2035,0.0
RE1,DEMPUBSURWAT,2020,0.7608
RE1,DEMPUBSURWAT,2021,0.885
RE1,DEMPUBSURWAT,2022,1.0116
RE1,DEMPUBSURWAT,2023,1.147
RE1,DEMPUBSURWAT,2024,1.2799
RE1,DEMPUBSURWAT,2025,1.4243
RE1,DEMPUBSURWAT,2026,1.5663
RE1,DEMPUBSURWAT,2027,1.7184
RE1,DEMPUBSURWAT,2028,1.8707
RE1,DEMPUBSURWAT,2029,2.0331
RE1,DEMPUBSURWAT,2030,2.1957
RE1,DEMPUBSURWAT,2031,2.3697
RE1,DEMPUBSURWAT,2032,2.5221
RE1,DEMPUBSURWAT,2033,2.6832
RE1,DEMPUBSURWAT,2034,2.8477
RE1,DEMPUBSURWAT,2035,3.0225
RE1,DEMPUBGWTWAT,2020,0.4779
RE1,DEMPUBGWTWAT,2021,0.4412
RE1,DEMPUBGWTWAT,2022,0.4072
RE1,DEMPUBGWTWAT,2023,0.3668
RE1,DEMPUBGWTWAT,2024,0.3326
RE1,DEMPUBGWTWAT,2025,0.2919
RE1,DEMPUBGWTWAT,2026,0.2574
RE1,DEMPUBGWTWAT,2027,0.2166
RE1,DEMPUBGWTWAT,2028,0.1818
RE1,DEMPUBGWTWAT,2029,0.1406
RE1,DEMPUBGWTWAT,2030,0.1055
RE1,DEMPUBGWTWAT,2031,0.064
RE1,DEMPUBGWTWAT,2032,0.0491
RE1,DEMPUBGWTWAT,2033,0.0318
RE1,DEMPUBGWTWAT,2034,0.0173
RE1,DEMPUBGWTWAT,2035,0.0
RE1,DEMAGRSURWAT,2020,0.4866
RE1,DEMAGRSURWAT,2021,0.511
RE1,DEMAGRSURWAT,2022,0.5365
RE1,DEMAGRSURWAT,2023,0.5633
RE1,DEMAGRSURWAT,2024,0.5915
RE1,DEMAGRSURWAT,2025,0.6211
RE1,DEMAGRSURWAT,2026,0.6
RE1,DEMAGRSURWAT,2027,0.53
RE1,DEMAGRSURWAT,2028,0.489
RE1,DEMAGRSURWAT,2029,0.5549
RE1,DEMAGRSURWAT,2030,0.6227
RE1,DEMAGRSURWAT,2031,0.7023
RE1,DEMAGRSURWAT,2032,0.7739
RE1,DEMAGRSURWAT,2033,0.8476
RE1,DEMAGRSURWAT,2034,0.9335
RE1,DEMAGRSURWAT,2035,1.0117
RE1,DEMAGRGWTWAT,2020,0.0
RE1,DEMAGRGWTWAT,2021,0.0
RE1,DEMAGRGWTWAT,2022,0.0
RE1,DEMAGRGWTWAT,2023,0.0
RE1,DEMAGRGWTWAT,2024,0.0
RE1,DEMAGRGWTWAT,2025,0.0
RE1,DEMAGRGWTWAT,2026,0.0521
RE1,DEMAGRGWTWAT,2027,0.1548
RE1,DEMAGRGWTWAT,2028,0.23
RE1,DEMAGRGWTWAT,2029,0.2
RE1,DEMAGRGWTWAT,2030,0.17
RE1,DEMAGRGWTWAT,2031,0.13
RE1,DEMAGRGWTWAT,2032,0.1
RE1,DEMAGRGWTWAT,2033,0.07
RE1,DEMAGRGWTWAT,2034,0.03
RE1,DEMAGRGWTWAT,2035,0.0
RE1,DEMPWRSURWAT,2020,0.1097
RE1,DEMPWRSURWAT,2021,0.1105
RE1,DEMPWRSURWAT,2022,0.115
RE1,DEMPWRSURWAT,2023,0.118
RE1,DEMPWRSURWAT,2024,0.1176
RE1,DEMPWRSURWAT,2025,0.11
RE1,DEMPWRSURWAT,2026,0.0929
RE1,DEMPWRSURWAT,2027,0.093
RE1,DEMPWRSURWAT,2028,0.0933
RE1,DEMPWRSURWAT,2029,0.0939
RE1,DEMPWRSURWAT,2030,0.0946
RE1,DEMPWRSURWAT,2031,0.0955
RE1,DEMPWRSURWAT,2032,0.0967
RE1,DEMPWRSURWAT,2033,0.098
RE1,DEMPWRSURWAT,2034,0.0926
RE1,DEMPWRSURWAT,2035,0.0876
RE1,IMPDSL,2020,2.4815
RE1,IMPDSL,2021,2.4964
RE1,IMPDSL,2022,2.5611
RE1,IMPDSL,2023,2.6524
RE1,IMPDSL,2024,2.7629
RE1,IMPDSL,2025,3.0158
RE1,IMPDSL,2026,3.2625
RE1,IMPDSL,2027,2.9774
RE1,IMPDSL,2028,3.0571
RE1,IMPDSL,2029,3.1515
RE1,IMPDSL,2030,3.2332
RE1,IMPDSL,2031,3.3149
RE1,IMPDSL,2032,3.4124
RE1,IMPDSL,2033,3.4918
RE1,IMPDSL,2034,3.7504
RE1,IMPDSL,2035,3.8456
RE1,DEMTRABIO,2020,1.1848
RE1,DEMTRABIO,2021,1.2204
RE1,DEMTRABIO,2022,1.2559
RE1,DEMTRABIO,2023,1.2915
RE1,DEMTRABIO,2024,1.327
RE1,DEMTRABIO,2025,1.3744
RE1,DEMTRABIO,2026,1.41
RE1,DEMTRABIO,2027,1.4455
RE1,DEMTRABIO,2028,1.4929
RE1,DEMTRABIO,2029,1.5403
RE1,DEMTRABIO,2030,1.5877
RE1,DEMTRABIO,2031,1.6351
RE1,DEMTRABIO,2032,1.6825
RE1,DEMTRABIO,2033,1.7299
RE1,DEMTRABIO,2034,1.7773
RE1,DEMTRABIO,2035,1.8246
RE1,STGIN,2020,0.0
RE1,STGIN,2021,0.3059
RE1,STGIN,2022,8.2925
RE1,STGIN,2023,14.2464
RE1,STGIN,2024,15.3699
RE1,STGIN,2025,15.3699
RE1,STGIN,2026,15.3699
RE1,STGIN,2027,16.8482
RE1,STGIN,2028,18.3861
RE1,STGIN,2029,20.0486
RE1,STGIN,2030,22.3808
RE1,STGIN,2031,25.2946
RE1,STGIN,2032,28.5114
RE1,STGIN,2033,31.7794
RE1,STGIN,2034,34.5236
RE1,STGIN,2035,39.8194
RE1,STGOUT,2020,0.0
RE1,STGOUT,2021,0.3059
RE1,STGOUT,2022,8.2925
RE1,STGOUT,2023,14.2464
RE1,STGOUT,2024,15.3699
RE1,STGOUT,2025,15.3699
RE1,STGOUT,2026,15.3699
RE1,STGOUT,2027,16.8482
RE1,STGOUT,2028,18.3861
RE1,STGOUT,2029,20.0486
RE1,STGOUT,2030,22.3808
RE1,STGOUT,2031,25.2946
RE1,STGOUT,2032,28.5114
RE1,STGOUT,2033,31.7794
RE1,STGOUT,2034,34.5236
RE1,STGOUT,2035,39.8194
