r,t,TotalTechnologyModelPeriodActivity
RE1,MINCOA,5404.7579
RE1,MINGAS,339.3997
RE1,PWRCOA,1801.586
RE1,PWRGAS,169.6999
RE1,PWRTRN,4192.6241
RE1,RSCWND,1564.4177
RE1,RSCSOL,1128.7206
RE1,RSCHYD,1642.3014
RE1,PWRWND,1564.4177
RE1,PWRSOL,1128.7206
RE1,PWRHYD,656.9206
RE1,RSCLND,4799.9965
RE1,LNDMAIRNF,78.8308
RE1,LNDRICRNF,21.7589
RE1,LNDMAIIRR,8.0199
RE1,LNDRICIRR,12.5621
RE1,LNDFOR,4019.6288
RE1,LNDBLT,258.86
RE1,LNDWAT,400.336
RE1,RSCPRC,5759.9958
RE1,UPSWTRSUR,0.0
RE1,DEMPUBSURWAT,29.3381
RE1,DEMPUBGWTWAT,3.3819
RE1,DEMAGRSURWAT,10.3758
RE1,DEMAGRGWTWAT,1.1369
RE1,DEMPWRSURWAT,1.6188
RE1,IMPDSL,49.4668
RE1,DEMTRABIO,23.7796
RE1,STGIN,306.5469
RE1,STGOUT,306.5469
