r,cn,y,UDC1_UserDefinedConstraintInequality,DiscountRate
RE1,RE_target,2020,-4.230248684711102,0.05
RE1,RE_target,2021,0.0,0.05
RE1,RE_target,2022,-0.6526428961888084,0.05
RE1,RE_target,2023,-0.6649908048876897,0.05
RE1,RE_target,2024,0.0,0.05
RE1,RE_target,2025,0.0,0.05
RE1,RE_target,2026,0.0,0.05
RE1,RE_target,2027,0.0,0.05
RE1,RE_target,2028,0.0,0.05
RE1,RE_target,2029,0.0,0.05
RE1,RE_target,2030,0.0,0.05
RE1,RE_target,2031,0.0,0.05
RE1,RE_target,2032,0.0,0.05
RE1,RE_target,2033,0.0,0.05
RE1,RE_target,2034,-2.3051522851988597,0.05
RE1,RE_target,2035,-15.88476544384303,0.05
