{
    "osy-cases": [
        {
            "Case": "REF",
            "CaseId": "CS_hthvu",
            "Desc": "Reference case",
            "Runtime": "Mon Mar 31 2025 16:46:28 GMT-0600 (Mountain Daylight Time)",
            "Scenarios": [
                {
                    "ScenarioId": "SC_0",
                    "Scenario": "SC_0",
                    "Desc": "Base scenario",
                    "Active": true
                },
                {
                    "ScenarioId": "SC_s1mu3",
                    "Scenario": "RE_Target",
                    "Desc": "RE target",
                    "Active": false
                },
                {
                    "ScenarioId": "SC_b9q17",
                    "Scenario": "CO2_tax",
                    "Desc": "CO2 tax",
                    "Active": false
                },
                {
                    "ScenarioId": "SC_cmjth",
                    "Scenario": "Low_prc",
                    "Desc": "Low precipitation",
                    "Active": false
                }
            ]
        },
        {
            "Case": "RETRG",
            "CaseId": "CS_tjxlq",
            "Desc": "renewable energy target",
            "Runtime": "Mon Mar 31 2025 16:09:00 GMT-0600 (Mountain Daylight Time)",
            "Scenarios": [
                {
                    "ScenarioId": "SC_0",
                    "Scenario": "SC_0",
                    "Desc": "Base scenario",
                    "Active": true
                },
                {
                    "ScenarioId": "SC_s1mu3",
                    "Scenario": "RE_Target",
                    "Desc": "RE target",
                    "Active": true
                },
                {
                    "ScenarioId": "SC_b9q17",
                    "Scenario": "CO2_tax",
                    "Desc": "CO2 tax",
                    "Active": false
                },
                {
                    "ScenarioId": "SC_cmjth",
                    "Scenario": "Low_prc",
                    "Desc": "Low precipitation",
                    "Active": false
                }
            ]
        },
        {
            "Case": "CO2TAX",
            "CaseId": "CS_371xs",
            "Desc": "CO2 tax",
            "Runtime": "Thu Jan 22 2026 14:43:43 GMT-0500 (Eastern Standard Time)",
            "Scenarios": [
                {
                    "ScenarioId": "SC_0",
                    "Scenario": "SC_0",
                    "Desc": "Base scenario",
                    "Active": true
                },
                {
                    "ScenarioId": "SC_s1mu3",
                    "Scenario": "RE_Target",
                    "Desc": "RE target",
                    "Active": false
                },
                {
                    "ScenarioId": "SC_b9q17",
                    "Scenario": "CO2_tax",
                    "Desc": "CO2 tax",
                    "Active": true
                },
                {
                    "ScenarioId": "SC_cmjth",
                    "Scenario": "Low_prc",
                    "Desc": "Low precipitation",
                    "Active": false
                }
            ]
        },
        {
            "Case": "CLMCHG",
            "CaseId": "CS_rp8dn",
            "Desc": "Climate change scenario",
            "Runtime": "Mon Mar 31 2025 16:09:33 GMT-0600 (Mountain Daylight Time)",
            "Scenarios": [
                {
                    "ScenarioId": "SC_0",
                    "Scenario": "SC_0",
                    "Desc": "Base scenario",
                    "Active": true
                },
                {
                    "ScenarioId": "SC_s1mu3",
                    "Scenario": "RE_Target",
                    "Desc": "RE target",
                    "Active": false
                },
                {
                    "ScenarioId": "SC_b9q17",
                    "Scenario": "CO2_tax",
                    "Desc": "CO2 tax",
                    "Active": false
                },
                {
                    "ScenarioId": "SC_cmjth",
                    "Scenario": "Low_prc",
                    "Desc": "Low precipitation",
                    "Active": true
                }
            ]
        }
    ]
}