{
    "TTMPA": {
        "REF": [
            {
                "MINCOA": 5574.5108,
                "MINGAS": 494.8562,
                "PWRCOA": 1858.1703,
                "PWRGAS": 247.4281,
                "PWRTRN": 4298.679,
                "RSCWND": 1536.16,
                "RSCSOL": 1031.3312,
                "RSCHYD": 1642.3014,
                "PWRWND": 1536.16,
                "PWRSOL": 1031.3312,
                "PWRHYD": 656.9206,
                "RSCLND": 4799.9965,
                "LNDMAIRNF": 78.8308,
                "LNDRICRNF": 21.7589,
                "LNDMAIIRR": 8.0199,
                "LNDRICIRR": 12.5621,
                "LNDFOR": 4019.6288,
                "LNDBLT": 258.86,
                "LNDWAT": 400.336,
                "RSCPRC": 5759.9958,
                "UPSWTRSUR": 0.0,
                "DEMPUBSURWAT": 29.3381,
                "DEMPUBGWTWAT": 3.3819,
                "DEMAGRSURWAT": 10.3758,
                "DEMAGRGWTWAT": 1.1369,
                "DEMPWRSURWAT": 1.6878,
                "IMPDSL": 49.1012,
                "DEMTRABIO": 23.7796,
                "STGIN": 263.8568,
                "STGOUT": 263.8568
            }
        ],
        "RETRG": [
            {
                "MINCOA": 5404.7579,
                "MINGAS": 339.3997,
                "PWRCOA": 1801.586,
                "PWRGAS": 169.6999,
                "PWRTRN": 4192.6241,
                "RSCWND": 1564.4177,
                "RSCSOL": 1128.7206,
                "RSCHYD": 1642.3014,
                "PWRWND": 1564.4177,
                "PWRSOL": 1128.7206,
                "PWRHYD": 656.9206,
                "RSCLND": 4799.9965,
                "LNDMAIRNF": 78.8308,
                "LNDRICRNF": 21.7589,
                "LNDMAIIRR": 8.0199,
                "LNDRICIRR": 12.5621,
                "LNDFOR": 4019.6288,
                "LNDBLT": 258.86,
                "LNDWAT": 400.336,
                "RSCPRC": 5759.9958,
                "UPSWTRSUR": 0.0,
                "DEMPUBSURWAT": 29.3381,
                "DEMPUBGWTWAT": 3.3819,
                "DEMAGRSURWAT": 10.3758,
                "DEMAGRGWTWAT": 1.1369,
                "DEMPWRSURWAT": 1.6188,
                "IMPDSL": 49.4668,
                "DEMTRABIO": 23.7796,
                "STGIN": 306.5469,
                "STGOUT": 306.5469
            }
        ],
        "CLMCHG": [
            {
                "MINCOA": 5577.8296,
                "MINGAS": 487.5413,
                "PWRCOA": 1859.2765,
                "PWRGAS": 243.7706,
                "PWRTRN": 4267.7597,
                "RSCWND": 1533.8113,
                "RSCSOL": 1062.7455,
                "RSCHYD": 1577.253,
                "PWRWND": 1533.8113,
                "PWRSOL": 1062.7455,
                "PWRHYD": 630.9012,
                "RSCLND": 4797.2094,
                "LNDMAIRNF": 78.8308,
                "LNDRICRNF": 25.9744,
                "LNDMAIIRR": 8.0199,
                "LNDRICIRR": 12.5621,
                "LNDFOR": 4012.6262,
                "LNDBLT": 258.86,
                "LNDWAT": 400.336,
                "RSCPRC": 5294.9958,
                "UPSWTRSUR": 0.0,
                "DEMPUBSURWAT": 29.3381,
                "DEMPUBGWTWAT": 3.3819,
                "DEMAGRSURWAT": 13.1635,
                "DEMAGRGWTWAT": 1.48,
                "DEMPWRSURWAT": 1.6878,
                "IMPDSL": 50.3805,
                "DEMTRABIO": 23.7796,
                "STGIN": 280.2344,
                "STGOUT": 280.2344
            }
        ],
        "CO2TAX": [
            {
                "MINCOA": 3739.242,
                "MINGAS": 519.5205,
                "PWRCOA": 1246.414,
                "PWRGAS": 259.7602,
                "PWRTRN": 3727.5125,
                "RSCWND": 1564.4177,
                "RSCSOL": 1537.1053,
                "RSCHYD": 1642.3014,
                "PWRWND": 1564.4177,
                "PWRSOL": 1537.1053,
                "PWRHYD": 656.9206,
                "RSCLND": 4799.9965,
                "LNDMAIRNF": 78.8308,
                "LNDRICRNF": 21.7589,
                "LNDMAIIRR": 8.0199,
                "LNDRICIRR": 12.5621,
                "LNDFOR": 4019.6288,
                "LNDBLT": 258.86,
                "LNDWAT": 400.336,
                "RSCPRC": 5759.9958,
                "UPSWTRSUR": 0.0,
                "DEMPUBSURWAT": 29.3381,
                "DEMPUBGWTWAT": 3.3819,
                "DEMAGRSURWAT": 10.3758,
                "DEMAGRGWTWAT": 1.1369,
                "DEMPWRSURWAT": 1.1556,
                "IMPDSL": 49.1741,
                "DEMTRABIO": 23.7796,
                "STGIN": 128.3598,
                "STGOUT": 128.3598
            }
        ]
    }
}