{
    "EB_d": {
        "REF": [
            {
                "Comm": "COA",
                "2020": 1.5200326766,
                "2021": 1.5199660714,
                "2022": 1.5200467662,
                "2023": 0.0,
                "2024": 1.5200365986,
                "2025": 0.0,
                "2026": 0.0,
                "2027": 0.0,
                "2028": 1.5199970844,
                "2029": 0.0,
                "2030": 0.0,
                "2031": 0.0,
                "2032": 0.0,
                "2033": 0.0,
                "2034": 0.0,
                "2035": 0.0
            },
            {
                "Comm": "GAS",
                "2020": 0.0,
                "2021": 6.0000302924,
                "2022": 5.9999764959,
                "2023": 0.0,
                "2024": 6.0000592483,
                "2025": 6.0000530207,
                "2026": 0.0,
                "2027": 0.0,
                "2028": 0.0,
                "2029": 0.0,
                "2030": 0.0,
                "2031": 0.0,
                "2032": 4.5962803671,
                "2033": 0.0,
                "2034": 0.0,
                "2035": 0.0
            },
            {
                "Comm": "ELC001",
                "2020": 0.0,
                "2021": 0.0,
                "2022": 6.7785838769,
                "2023": 0.0,
                "2024": 0.0,
                "2025": 6.7785860234,
                "2026": 0.0,
                "2027": 6.7785641178,
                "2028": 6.7785208623,
                "2029": 0.0,
                "2030": 0.0,
                "2031": 0.0,
                "2032": 0.0,
                "2033": 0.0,
                "2034": 0.0,
                "2035": 0.0
            },
            {
                "Comm": "ELC002",
                "2020": 0.0,
                "2021": 0.0,
                "2022": 0.0,
                "2023": 0.0,
                "2024": 0.0,
                "2025": 0.0,
                "2026": 0.0,
                "2027": 0.0,
                "2028": 0.0,
                "2029": 0.0,
                "2030": 0.0,
                "2031": 0.0,
                "2032": 0.0,
                "2033": 0.0,
                "2034": 0.0,
                "2035": 0.0
            },
            {
                "Comm": "WND",
                "2020": 0.0001024695,
                "2021": 0.0,
                "2022": 0.0,
                "2023": 0.0001186213,
                "2024": 0.0,
                "2025": 0.0001307799,
                "2026": 0.0,
                "2027": 0.0001441849,
                "2028": 0.0,
                "2029": 0.0001589638,
                "2030": 0.0,
                "2031": 0.0,
                "2032": 0.0,
                "2033": 0.0,
                "2034": 0.0,
                "2035": 0.0
            },
            {
                "Comm": "SOL",
                "2020": 0.0,
                "2021": 0.000107593,
                "2022": 0.0,
                "2023": 0.0,
                "2024": 0.0,
                "2025": 0.0,
                "2026": 0.0,
                "2027": 0.0001441849,
                "2028": 0.0,
                "2029": 0.0,
                "2030": 0.0,
                "2031": 0.0,
                "2032": 0.0001840205,
                "2033": 0.0001932215,
                "2034": 0.0,
                "2035": 0.0
            },
            {
                "Comm": "HYD",
                "2020": 0.0,
                "2021": 0.0,
                "2022": 0.0,
                "2023": 0.0,
                "2024": 0.0002491047,
                "2025": 0.0,
                "2026": 0.0,
                "2027": 0.0002883698,
                "2028": 0.0,
                "2029": 0.0,
                "2030": 0.0,
                "2031": 0.0,
                "2032": 0.0001840205,
                "2033": 0.0,
                "2034": 0.0,
                "2035": 0.0002130267
            },
            {
                "Comm": "LND",
                "2020": 0.0,
                "2021": 26.2758203537,
                "2022": 25.992856188,
                "2023": 0.0,
                "2024": 0.0,
                "2025": 0.0,
                "2026": 0.0,
                "2027": 0.0,
                "2028": 0.0,
                "2029": 0.0,
                "2030": 25.4736133489,
                "2031": 0.0,
                "2032": 25.828567221,
                "2033": 0.0,
                "2034": 0.0,
                "2035": 25.5227345585
            },
            {
                "Comm": "CRPMAI",
                "2020": 0.0,
                "2021": 0.0,
                "2022": 440.8590901629,
                "2023": 0.0,
                "2024": 440.9117500959,
                "2025": 0.0,
                "2026": 0.0,
                "2027": 441.2826064089,
                "2028": 0.0,
                "2029": 441.3969569199,
                "2030": 441.4637932658,
                "2031": 0.0,
                "2032": 443.1869079429,
                "2033": 443.6327896473,
                "2034": 0.0,
                "2035": 443.4324290552
            },
            {
                "Comm": "CRPRIC",
                "2020": 109.0197684672,
                "2021": 0.0,
                "2022": 0.0,
                "2023": 339.037958249,
                "2024": 0.0,
                "2025": 339.7107113328,
                "2026": 0.0,
                "2027": 339.5115779443,
                "2028": 0.0,
                "2029": 0.0,
                "2030": 0.0,
                "2031": 339.9689606534,
                "2032": 340.9754739966,
                "2033": 0.0,
                "2034": 0.0,
                "2035": 341.4431045794
            },
            {
                "Comm": "LBLT",
                "2020": 2.1871091715,
                "2021": 240.3586355838,
                "2022": 0.0,
                "2023": 0.0,
                "2024": 251.3101020434,
                "2025": 255.6720428595,
                "2026": 0.0,
                "2027": 264.2586014409,
                "2028": 0.0,
                "2029": 273.9624123475,
                "2030": 0.0,
                "2031": 0.0,
                "2032": 0.0,
                "2033": 0.0,
                "2034": 303.4657308248,
                "2035": 0.0
            },
            {
                "Comm": "LWAT",
                "2020": 0.000409878,
                "2021": 26.2761431327,
                "2022": 25.9933080785,
                "2023": 25.9243213407,
                "2024": 25.8555684562,
                "2025": 26.1397719559,
                "2026": 25.7416712694,
                "2027": 25.7176816505,
                "2028": 25.6396559986,
                "2029": 25.5578880279,
                "2030": 25.473780261,
                "2031": 25.3834391245,
                "2032": 25.8296713441,
                "2033": 25.8574860447,
                "2034": 25.7520933562,
                "2035": 25.523160612
            },
            {
                "Comm": "WTRPRC",
                "2020": 0.0,
                "2021": 0.0,
                "2022": 0.0,
                "2023": 0.0,
                "2024": 0.0,
                "2025": 0.0003923398,
                "2026": 0.0,
                "2027": 0.0,
                "2028": 0.0,
                "2029": 0.0,
                "2030": 0.0,
                "2031": 0.0,
                "2032": 0.0,
                "2033": 0.0,
                "2034": 0.0,
                "2035": 0.0
            },
            {
                "Comm": "WTREVT",
                "2020": 0.0,
                "2021": 0.0,
                "2022": 0.0,
                "2023": 0.0,
                "2024": 0.0,
                "2025": 0.0,
                "2026": 0.0,
                "2027": 0.0,
                "2028": 0.0,
                "2029": 0.0,
                "2030": 0.0,
                "2031": 0.0,
                "2032": 0.0,
                "2033": 0.0,
                "2034": 0.0,
                "2035": 0.0
            },
            {
                "Comm": "WTRGWT",
                "2020": 0.0,
                "2021": 0.0,
                "2022": 0.0,
                "2023": 0.0,
                "2024": 0.0,
                "2025": 0.0,
                "2026": 0.0,
                "2027": 0.0,
                "2028": 0.0,
                "2029": 0.0,
                "2030": 0.0,
                "2031": 0.0,
                "2032": 0.0,
                "2033": 0.0,
                "2034": 0.0,
                "2035": 0.0
            },
            {
                "Comm": "WTRRUN",
                "2020": 0.0,
                "2021": 0.0,
                "2022": 0.0,
                "2023": 0.0,
                "2024": 0.0,
                "2025": 0.0,
                "2026": 0.0,
                "2027": 0.0,
                "2028": 0.0,
                "2029": 0.0,
                "2030": 0.0,
                "2031": 0.0,
                "2032": 0.0,
                "2033": 0.0,
                "2034": 0.0,
                "2035": 0.0
            },
            {
                "Comm": "WTRSUR",
                "2020": 0.0,
                "2021": 0.0,
                "2022": 0.0,
                "2023": 0.0,
                "2024": 0.0,
                "2025": 0.0,
                "2026": 0.0,
                "2027": 0.0,
                "2028": 0.0,
                "2029": 0.0,
                "2030": 0.0,
                "2031": 0.0,
                "2032": 0.0,
                "2033": 0.0,
                "2034": 0.0,
                "2035": 0.0
            },
            {
                "Comm": "PUBWAT",
                "2020": 0.0,
                "2021": 0.0,
                "2022": 0.0,
                "2023": 0.0,
                "2024": 0.0,
                "2025": 0.0,
                "2026": 0.0,
                "2027": 0.0,
                "2028": 0.0,
                "2029": 0.0,
                "2030": 0.0,
                "2031": 0.0,
                "2032": 0.0,
                "2033": 0.0,
                "2034": 0.0,
                "2035": 0.0
            },
            {
                "Comm": "AGRWAT",
                "2020": 9.2536113587,
                "2021": 0.0,
                "2022": 0.0,
                "2023": 0.0,
                "2024": 9.2536151341,
                "2025": 0.0,
                "2026": 0.0,
                "2027": 0.0,
                "2028": 0.0,
                "2029": 0.0,
                "2030": 0.0,
                "2031": 0.0,
                "2032": 16.6290137074,
                "2033": 0.0,
                "2034": 0.0,
                "2035": 0.0
            },
            {
                "Comm": "PWRWAT",
                "2020": 26.5499519041,
                "2021": 26.5499672745,
                "2022": 0.0,
                "2023": 0.0,
                "2024": 26.5499476792,
                "2025": 0.0,
                "2026": 0.0,
                "2027": 0.0,
                "2028": 0.0,
                "2029": 0.0,
                "2030": 0.0,
                "2031": 0.0,
                "2032": 0.0,
                "2033": 0.0,
                "2034": 40.5809866564,
                "2035": 0.0
            },
            {
                "Comm": "DSL",
                "2020": 28.000202846,
                "2021": 28.000213093,
                "2022": 28.0001539168,
                "2023": 28.0001934572,
                "2024": 28.0002349747,
                "2025": 28.0002474299,
                "2026": 28.000155884,
                "2027": 28.0002726051,
                "2028": 28.0001933034,
                "2029": 28.0002084428,
                "2030": 28.0001607536,
                "2031": 28.0002108272,
                "2032": 28.0001933015,
                "2033": 28.0001196933,
                "2034": 28.0002356262,
                "2035": 28.0002356262
            },
            {
                "Comm": "TRABIO",
                "2020": 0.0,
                "2021": 0.0,
                "2022": 52.2344781121,
                "2023": 52.2368900778,
                "2024": 52.2407334067,
                "2025": 0.0,
                "2026": 0.0,
                "2027": 52.2847564734,
                "2028": 0.0,
                "2029": 52.2983080505,
                "2030": 52.3062244497,
                "2031": 0.0,
                "2032": 52.5102535429,
                "2033": 0.0,
                "2034": 52.5717550387,
                "2035": 0.0
            }
        ],
        "RETRG": [
            {
                "Comm": "COA",
                "2020": 0.0,
                "2021": 0.0,
                "2022": 0.0,
                "2023": 1.5200128744,
                "2024": 0.0,
                "2025": 0.0,
                "2026": 0.0,
                "2027": 0.0,
                "2028": 1.5199970844,
                "2029": 0.0,
                "2030": 0.0,
                "2031": 0.0,
                "2032": 0.0,
                "2033": 0.0,
                "2034": 0.0,
                "2035": 0.0
            },
            {
                "Comm": "GAS",
                "2020": 0.0,
                "2021": 6.0000302924,
                "2022": 0.0,
                "2023": 0.0,
                "2024": 0.0,
                "2025": 0.0,
                "2026": 6.0000137867,
                "2027": 3.3398987349,
                "2028": 0.0,
                "2029": 0.0,
                "2030": 0.0,
                "2031": 0.0,
                "2032": 0.0,
                "2033": 0.0,
                "2034": 0.0,
                "2035": 0.0
            },
            {
                "Comm": "ELC001",
                "2020": 0.0,
                "2021": 0.0,
                "2022": 7.0154874867,
                "2023": 7.0426630533,
                "2024": 6.7786358444,
                "2025": 6.7785860234,
                "2026": 0.0,
                "2027": 0.0,
                "2028": 0.0,
                "2029": 0.0,
                "2030": 0.0,
                "2031": 0.0,
                "2032": 0.0,
                "2033": 6.7785980394,
                "2034": 0.0,
                "2035": 19.5213450419
            },
            {
                "Comm": "ELC002",
                "2020": 0.0,
                "2021": 0.0,
                "2022": 0.0,
                "2023": 0.0,
                "2024": 0.0,
                "2025": 0.0,
                "2026": 0.0,
                "2027": 0.0,
                "2028": 0.0,
                "2029": 0.0,
                "2030": 0.0,
                "2031": 0.0,
                "2032": 0.0,
                "2033": 0.0,
                "2034": 0.0,
                "2035": 0.0
            },
            {
                "Comm": "WND",
                "2020": 0.0,
                "2021": 0.0,
                "2022": 0.0,
                "2023": 0.0001186213,
                "2024": 0.0,
                "2025": 0.0,
                "2026": 0.0,
                "2027": 0.0,
                "2028": 0.0,
                "2029": 0.0001589638,
                "2030": 0.0,
                "2031": 0.0,
                "2032": 0.0001840205,
                "2033": 0.0001932215,
                "2034": 0.0,
                "2035": 0.0
            },
            {
                "Comm": "SOL",
                "2020": 0.0,
                "2021": 0.0,
                "2022": 0.0,
                "2023": 0.0,
                "2024": 0.0001245523,
                "2025": 0.0,
                "2026": 0.0,
                "2027": 0.0,
                "2028": 0.0001513941,
                "2029": 0.0,
                "2030": 0.0,
                "2031": 0.0,
                "2032": 0.0,
                "2033": 0.0,
                "2034": 0.0,
                "2035": 0.0
            },
            {
                "Comm": "HYD",
                "2020": 0.0,
                "2021": 0.0,
                "2022": 0.0,
                "2023": 0.0002372425,
                "2024": 0.0,
                "2025": 0.0,
                "2026": 0.0,
                "2027": 0.0,
                "2028": 0.0003027883,
                "2029": 0.0,
                "2030": 0.000166912,
                "2031": 0.0,
                "2032": 0.0001840205,
                "2033": 0.0,
                "2034": 0.0002028826,
                "2035": 0.0
            },
            {
                "Comm": "LND",
                "2020": 0.0,
                "2021": 0.0,
                "2022": 0.0,
                "2023": 26.0589564751,
                "2024": 0.0,
                "2025": 27.3951286321,
                "2026": 0.0,
                "2027": 0.0,
                "2028": 0.0,
                "2029": 0.0,
                "2030": 0.0,
                "2031": 25.3832638669,
                "2032": 0.0,
                "2033": 0.0,
                "2034": 27.0259933032,
                "2035": 0.0
            },
            {
                "Comm": "CRPMAI",
                "2020": 0.0,
                "2021": 441.4781102519,
                "2022": 441.2256863544,
                "2023": 441.2765579307,
                "2024": 441.2145368029,
                "2025": 0.0,
                "2026": 0.0,
                "2027": 0.0,
                "2028": 0.0,
                "2029": 0.0,
                "2030": 0.0,
                "2031": 441.5284800232,
                "2032": 0.0,
                "2033": 442.2790795434,
                "2034": 0.0,
                "2035": 441.4702396886
            },
            {
                "Comm": "CRPRIC",
                "2020": 108.9170940206,
                "2021": 0.0,
                "2022": 339.1603358528,
                "2023": 339.2467316733,
                "2024": 0.0,
                "2025": 0.0,
                "2026": 0.0,
                "2027": 339.5115779443,
                "2028": 339.6170059341,
                "2029": 339.7278188689,
                "2030": 0.0,
                "2031": 339.9689606534,
                "2032": 0.0,
                "2033": 340.5282305404,
                "2034": 0.0,
                "2035": 340.7413944747
            },
            {
                "Comm": "LBLT",
                "2020": 0.0,
                "2021": 0.0,
                "2022": 0.0,
                "2023": 247.5412257324,
                "2024": 251.389940085,
                "2025": 256.6464842173,
                "2026": 258.4783254228,
                "2027": 264.2586014409,
                "2028": 0.0,
                "2029": 0.0,
                "2030": 279.182570203,
                "2031": 284.6622087062,
                "2032": 0.0,
                "2033": 0.0,
                "2034": 304.3665296407,
                "2035": 0.0
            },
            {
                "Comm": "LWAT",
                "2020": 0.000409878,
                "2021": 26.2761431327,
                "2022": 26.1179168918,
                "2023": 26.0593123389,
                "2024": 25.9584486783,
                "2025": 27.3955209719,
                "2026": 24.1526164898,
                "2027": 25.7176816505,
                "2028": 25.6396559986,
                "2029": 25.5578880279,
                "2030": 25.473780261,
                "2031": 25.3834391245,
                "2032": 25.2888350548,
                "2033": 25.3972323383,
                "2034": 27.0263990685,
                "2035": 24.8559608404
            },
            {
                "Comm": "WTRPRC",
                "2020": 0.0,
                "2021": 0.000215186,
                "2022": 0.0002259453,
                "2023": 0.0002372425,
                "2024": 0.0,
                "2025": 0.0002615599,
                "2026": 0.0,
                "2027": 0.0,
                "2028": 0.0,
                "2029": 0.0,
                "2030": 0.0003338241,
                "2031": 0.0,
                "2032": 0.0,
                "2033": 0.0,
                "2034": 0.0,
                "2035": 0.0
            },
            {
                "Comm": "WTREVT",
                "2020": 0.0,
                "2021": 0.0,
                "2022": 0.0,
                "2023": 0.0,
                "2024": 0.0,
                "2025": 0.0,
                "2026": 0.0,
                "2027": 0.0,
                "2028": 0.0,
                "2029": 0.0,
                "2030": 0.0,
                "2031": 0.0,
                "2032": 0.0,
                "2033": 0.0,
                "2034": 0.0,
                "2035": 0.0
            },
            {
                "Comm": "WTRGWT",
                "2020": 0.0,
                "2021": 0.0,
                "2022": 0.0,
                "2023": 0.0,
                "2024": 0.0,
                "2025": 0.0,
                "2026": 0.0,
                "2027": 0.0,
                "2028": 0.0,
                "2029": 0.0,
                "2030": 0.0,
                "2031": 0.0,
                "2032": 0.0,
                "2033": 0.0,
                "2034": 0.0,
                "2035": 0.0
            },
            {
                "Comm": "WTRRUN",
                "2020": 0.0,
                "2021": 0.0,
                "2022": 0.0,
                "2023": 0.0,
                "2024": 0.0,
                "2025": 0.0,
                "2026": 0.0,
                "2027": 0.0,
                "2028": 0.0,
                "2029": 0.0,
                "2030": 0.0,
                "2031": 0.0,
                "2032": 0.0,
                "2033": 0.0,
                "2034": 0.0,
                "2035": 0.0
            },
            {
                "Comm": "WTRSUR",
                "2020": 0.0,
                "2021": 0.0,
                "2022": 0.0,
                "2023": 0.0,
                "2024": 0.0,
                "2025": 0.0,
                "2026": 0.0,
                "2027": 0.0,
                "2028": 0.0,
                "2029": 0.0,
                "2030": 0.0,
                "2031": 0.0,
                "2032": 0.0,
                "2033": 0.0,
                "2034": 0.0,
                "2035": 0.0
            },
            {
                "Comm": "PUBWAT",
                "2020": 0.0,
                "2021": 0.0,
                "2022": 0.0,
                "2023": 0.0,
                "2024": 0.0,
                "2025": 0.0,
                "2026": 0.0,
                "2027": 0.0,
                "2028": 0.0,
                "2029": 0.0,
                "2030": 0.0,
                "2031": 0.0,
                "2032": 0.0,
                "2033": 0.0,
                "2034": 0.0,
                "2035": 0.0
            },
            {
                "Comm": "AGRWAT",
                "2020": 0.0,
                "2021": 0.0,
                "2022": 0.0,
                "2023": 0.0,
                "2024": 0.0,
                "2025": 0.0,
                "2026": 0.0,
                "2027": 0.0,
                "2028": 0.0,
                "2029": 0.0,
                "2030": 12.4506359983,
                "2031": 0.0,
                "2032": 0.0,
                "2033": 0.0,
                "2034": 0.0,
                "2035": 0.0
            },
            {
                "Comm": "PWRWAT",
                "2020": 0.0,
                "2021": 26.5499672745,
                "2022": 0.0,
                "2023": 0.0,
                "2024": 0.0,
                "2025": 0.0,
                "2026": 0.0,
                "2027": 0.0,
                "2028": 0.0,
                "2029": 0.0,
                "2030": 26.5500290332,
                "2031": 0.0,
                "2032": 0.0,
                "2033": 26.5499920413,
                "2034": 33.4940939901,
                "2035": 0.0
            },
            {
                "Comm": "DSL",
                "2020": 28.000202846,
                "2021": 28.000213093,
                "2022": 28.0001539168,
                "2023": 28.0001934572,
                "2024": 28.0002349747,
                "2025": 28.0002474299,
                "2026": 28.000155884,
                "2027": 28.0002726051,
                "2028": 28.0001933034,
                "2029": 28.0002084428,
                "2030": 28.0001607536,
                "2031": 28.0002108272,
                "2032": 28.0001933015,
                "2033": 28.0001196933,
                "2034": 28.0002356262,
                "2035": 28.0002356262
            },
            {
                "Comm": "TRABIO",
                "2020": 0.0,
                "2021": 0.0,
                "2022": 0.0,
                "2023": 52.2839827195,
                "2024": 52.2766044769,
                "2025": 52.8065870835,
                "2026": 51.7071724118,
                "2027": 52.2847564734,
                "2028": 52.291381769,
                "2029": 52.2983080505,
                "2030": 0.0,
                "2031": 52.3138773663,
                "2032": 52.321816537,
                "2033": 0.0,
                "2034": 53.0156622029,
                "2035": 0.0
            }
        ],
        "CLMCHG": [
            {
                "Comm": "COA",
                "2020": 0.0,
                "2021": 1.5199660714,
                "2022": 0.0,
                "2023": 0.0,
                "2024": 1.5200365986,
                "2025": 1.5200552815,
                "2026": 0.0,
                "2027": 0.0,
                "2028": 0.0,
                "2029": 1.5200122238,
                "2030": 0.0,
                "2031": 0.0,
                "2032": 0.0,
                "2033": 0.0,
                "2034": 1.5199965605,
                "2035": 0.0
            },
            {
                "Comm": "GAS",
                "2020": 0.0,
                "2021": 0.0,
                "2022": 5.9999764959,
                "2023": 5.9999821445,
                "2024": 0.0,
                "2025": 0.0,
                "2026": 0.0,
                "2027": 0.0,
                "2028": 0.0,
                "2029": 0.0,
                "2030": 5.9999867581,
                "2031": 0.0,
                "2032": 0.0,
                "2033": 4.9109186411,
                "2034": 4.9263956864,
                "2035": 0.0
            },
            {
                "Comm": "ELC001",
                "2020": 0.0,
                "2021": 6.7785731176,
                "2022": 6.7785838769,
                "2023": 0.0,
                "2024": 6.7786358444,
                "2025": 0.0,
                "2026": 6.7786121794,
                "2027": 0.0,
                "2028": 0.0,
                "2029": 0.0,
                "2030": 0.0,
                "2031": 0.0,
                "2032": 0.0,
                "2033": 0.0,
                "2034": 0.0,
                "2035": 0.0
            },
            {
                "Comm": "ELC002",
                "2020": 0.0,
                "2021": 0.0,
                "2022": 0.0,
                "2023": 0.0,
                "2024": 0.0,
                "2025": 0.0,
                "2026": 0.0,
                "2027": 0.0,
                "2028": 0.0,
                "2029": 0.0,
                "2030": 0.0,
                "2031": 0.0,
                "2032": 0.0,
                "2033": 0.0,
                "2034": 0.0,
                "2035": 0.0
            },
            {
                "Comm": "WND",
                "2020": 0.0,
                "2021": 0.0,
                "2022": 0.0,
                "2023": 0.0,
                "2024": 0.0,
                "2025": 0.0,
                "2026": 0.0,
                "2027": 0.0,
                "2028": 0.0001513941,
                "2029": 0.0,
                "2030": 0.0,
                "2031": 0.0,
                "2032": 0.0,
                "2033": 0.0001932215,
                "2034": 0.0,
                "2035": 0.0
            },
            {
                "Comm": "SOL",
                "2020": 0.000204939,
                "2021": 0.000215186,
                "2022": 0.0,
                "2023": 0.0,
                "2024": 0.0,
                "2025": 0.0001307799,
                "2026": 0.0,
                "2027": 0.0,
                "2028": 0.0001513941,
                "2029": 0.0001589638,
                "2030": 0.0,
                "2031": 0.0,
                "2032": 0.0,
                "2033": 0.0,
                "2034": 0.0,
                "2035": 0.0
            },
            {
                "Comm": "HYD",
                "2020": 0.000204939,
                "2021": 0.0,
                "2022": 0.0,
                "2023": 0.0002372425,
                "2024": 0.0,
                "2025": 0.0,
                "2026": 0.0,
                "2027": 0.0002883698,
                "2028": 0.0003027883,
                "2029": 0.0003179277,
                "2030": 0.0,
                "2031": 0.0001752576,
                "2032": 0.0001840205,
                "2033": 10.3298167089,
                "2034": 0.0002028826,
                "2035": 0.0
            },
            {
                "Comm": "LND",
                "2020": 0.0001024695,
                "2021": 0.0,
                "2022": 26.0781505253,
                "2023": 0.0,
                "2024": 0.0,
                "2025": 0.0,
                "2026": 0.0,
                "2027": 0.0,
                "2028": 0.0,
                "2029": 0.0,
                "2030": 0.0,
                "2031": 0.0,
                "2032": 0.0,
                "2033": 0.0,
                "2034": 26.2073619469,
                "2035": 26.0069443545
            },
            {
                "Comm": "CRPMAI",
                "2020": 147.7419707167,
                "2021": 0.0,
                "2022": 0.0,
                "2023": 441.3901971014,
                "2024": 441.4326279274,
                "2025": 442.9606919236,
                "2026": 0.0,
                "2027": 0.0,
                "2028": 442.4432947535,
                "2029": 0.0,
                "2030": 442.6176561322,
                "2031": 442.7088401745,
                "2032": 444.5755267382,
                "2033": 0.0,
                "2034": 0.0,
                "2035": 444.8567258857
            },
            {
                "Comm": "CRPRIC",
                "2020": 108.9587991102,
                "2021": 350.8389839193,
                "2022": 0.0,
                "2023": 363.0808277244,
                "2024": 0.0,
                "2025": 384.2283348272,
                "2026": 0.0,
                "2027": 0.0,
                "2028": 406.8167734491,
                "2029": 415.1041790666,
                "2030": 0.0,
                "2031": 0.0,
                "2032": 453.043782731,
                "2033": 464.1241271044,
                "2034": 474.2630699158,
                "2035": 0.0
            },
            {
                "Comm": "LBLT",
                "2020": 0.0,
                "2021": 240.4367480894,
                "2022": 243.7714419687,
                "2023": 0.0,
                "2024": 0.0,
                "2025": 0.0,
                "2026": 0.0,
                "2027": 0.0,
                "2028": 269.2694516282,
                "2029": 0.0,
                "2030": 279.472997136,
                "2031": 0.0,
                "2032": 0.0,
                "2033": 0.0,
                "2034": 0.0,
                "2035": 0.0
            },
            {
                "Comm": "LWAT",
                "2020": 0.000409878,
                "2021": 26.3541480454,
                "2022": 26.0783764706,
                "2023": 26.0979828709,
                "2024": 26.0326818652,
                "2025": 26.4684219535,
                "2026": 25.9274637959,
                "2027": 25.9940840799,
                "2028": 26.0152648398,
                "2029": 25.9430574086,
                "2030": 25.8658566205,
                "2031": 25.7847791017,
                "2032": 26.3014999409,
                "2033": 26.3009294773,
                "2034": 26.2075648295,
                "2035": 26.0071573812
            },
            {
                "Comm": "WTRPRC",
                "2020": 0.0,
                "2021": 0.0,
                "2022": 0.0,
                "2023": 0.0,
                "2024": 0.0,
                "2025": 0.0001307799,
                "2026": 0.0,
                "2027": 0.0,
                "2028": 0.0,
                "2029": 0.0,
                "2030": 0.0,
                "2031": 0.0001752576,
                "2032": 0.0,
                "2033": 0.0,
                "2034": 0.0,
                "2035": 0.0
            },
            {
                "Comm": "WTREVT",
                "2020": 0.0,
                "2021": 0.0,
                "2022": 0.0,
                "2023": 0.0,
                "2024": 0.0,
                "2025": 0.0,
                "2026": 0.0,
                "2027": 0.0,
                "2028": 0.0,
                "2029": 0.0,
                "2030": 0.0,
                "2031": 0.0,
                "2032": 0.0,
                "2033": 0.0,
                "2034": 0.0,
                "2035": 0.0
            },
            {
                "Comm": "WTRGWT",
                "2020": 0.0,
                "2021": 0.0,
                "2022": 0.0,
                "2023": 0.0,
                "2024": 0.0,
                "2025": 0.0,
                "2026": 0.0,
                "2027": 0.0,
                "2028": 0.0,
                "2029": 0.0,
                "2030": 0.0,
                "2031": 0.0,
                "2032": 0.0,
                "2033": 0.0,
                "2034": 0.0,
                "2035": 0.0
            },
            {
                "Comm": "WTRRUN",
                "2020": 0.0,
                "2021": 0.0,
                "2022": 0.0,
                "2023": 0.0,
                "2024": 0.0,
                "2025": 0.0,
                "2026": 0.0,
                "2027": 0.0,
                "2028": 0.0,
                "2029": 0.0,
                "2030": 0.0,
                "2031": 0.0,
                "2032": 0.0,
                "2033": 0.0,
                "2034": 0.0,
                "2035": 0.0
            },
            {
                "Comm": "WTRSUR",
                "2020": 0.0,
                "2021": 0.0,
                "2022": 0.0,
                "2023": 0.0,
                "2024": 0.0,
                "2025": 0.0,
                "2026": 0.0,
                "2027": 0.0,
                "2028": 0.0,
                "2029": 0.0,
                "2030": 0.0,
                "2031": 0.0,
                "2032": 0.0,
                "2033": 0.0,
                "2034": 0.0,
                "2035": 0.0
            },
            {
                "Comm": "PUBWAT",
                "2020": 0.0,
                "2021": 0.0,
                "2022": 0.0,
                "2023": 0.0,
                "2024": 0.0,
                "2025": 0.0,
                "2026": 0.0,
                "2027": 0.0,
                "2028": 0.0,
                "2029": 0.0,
                "2030": 0.0,
                "2031": 0.0,
                "2032": 0.0,
                "2033": 0.0,
                "2034": 0.0,
                "2035": 0.0
            },
            {
                "Comm": "AGRWAT",
                "2020": 0.0,
                "2021": 0.0,
                "2022": 0.0,
                "2023": 0.0,
                "2024": 0.0,
                "2025": 0.0,
                "2026": 0.0,
                "2027": 12.3322776159,
                "2028": 24.6272834385,
                "2029": 12.4219112327,
                "2030": 41.6470552741,
                "2031": 13.1415182747,
                "2032": 0.0,
                "2033": 21.4456586394,
                "2034": 49.8892410874,
                "2035": 0.0
            },
            {
                "Comm": "PWRWAT",
                "2020": 26.5499519041,
                "2021": 0.0,
                "2022": 0.0,
                "2023": 0.0,
                "2024": 26.5499476792,
                "2025": 0.0,
                "2026": 0.0,
                "2027": 0.0,
                "2028": 0.0,
                "2029": 0.0,
                "2030": 0.0,
                "2031": 0.0,
                "2032": 0.0,
                "2033": 0.0,
                "2034": 40.5809866564,
                "2035": 0.0
            },
            {
                "Comm": "DSL",
                "2020": 28.000202846,
                "2021": 28.000213093,
                "2022": 28.0001539168,
                "2023": 28.0001934572,
                "2024": 28.0002349747,
                "2025": 28.0002474299,
                "2026": 28.000155884,
                "2027": 28.0002726051,
                "2028": 28.0001933034,
                "2029": 28.0002084428,
                "2030": 28.0001607536,
                "2031": 28.0002108272,
                "2032": 28.0001933015,
                "2033": 28.0001196933,
                "2034": 28.0002356262,
                "2035": 28.0002356262
            },
            {
                "Comm": "TRABIO",
                "2020": 17.504968463,
                "2021": 52.3350560326,
                "2022": 52.2641899143,
                "2023": 52.2975055436,
                "2024": 0.0,
                "2025": 52.4835606234,
                "2026": 52.3256569198,
                "2027": 0.0,
                "2028": 0.0,
                "2029": 52.4323145664,
                "2030": 52.4429254026,
                "2031": 0.0,
                "2032": 0.0,
                "2033": 0.0,
                "2034": 0.0,
                "2035": 0.0
            }
        ],
        "CO2TAX": [
            {
                "Comm": "COA",
                "2020": 0.0,
                "2021": 0.0,
                "2022": 0.0,
                "2023": 0.0,
                "2024": 0.0,
                "2025": 0.0,
                "2026": 0.0,
                "2027": 0.0,
                "2028": 0.0,
                "2029": 0.0,
                "2030": 0.0,
                "2031": 0.0,
                "2032": 4.9939486969,
                "2033": 0.0,
                "2034": 0.0,
                "2035": 0.0
            },
            {
                "Comm": "GAS",
                "2020": 0.0,
                "2021": 0.0,
                "2022": 0.0,
                "2023": 0.0,
                "2024": 7.1976298724,
                "2025": 0.0,
                "2026": 7.4877271882,
                "2027": 7.7421517212,
                "2028": 0.0,
                "2029": 7.8545622246,
                "2030": 0.0,
                "2031": 0.0,
                "2032": 8.0231103705,
                "2033": 8.0793654415,
                "2034": 8.1355929094,
                "2035": 8.1917305293
            },
            {
                "Comm": "ELC001",
                "2020": 0.0,
                "2021": 0.0,
                "2022": 0.0,
                "2023": 14.6166307472,
                "2024": 0.0,
                "2025": 0.0,
                "2026": 0.0,
                "2027": 0.0,
                "2028": 0.0,
                "2029": 16.2219417922,
                "2030": 0.0,
                "2031": 0.0,
                "2032": 17.2292886226,
                "2033": 0.0,
                "2034": 17.80984758,
                "2035": 18.1000305859
            },
            {
                "Comm": "ELC002",
                "2020": 0.0,
                "2021": 0.0,
                "2022": 0.0,
                "2023": 0.0,
                "2024": 0.0,
                "2025": 0.0,
                "2026": 0.0,
                "2027": 0.0,
                "2028": 0.0,
                "2029": 0.0,
                "2030": 0.0,
                "2031": 0.0,
                "2032": 0.0,
                "2033": 0.0,
                "2034": 0.0,
                "2035": 0.0
            },
            {
                "Comm": "WND",
                "2020": 0.0001024695,
                "2021": 0.0,
                "2022": 0.0,
                "2023": 0.0,
                "2024": 0.0,
                "2025": 0.0001307799,
                "2026": 0.0,
                "2027": 0.0,
                "2028": 0.0,
                "2029": 0.0001589638,
                "2030": 0.0,
                "2031": 0.0001752576,
                "2032": 0.0,
                "2033": 0.0001932215,
                "2034": 0.0,
                "2035": 0.0
            },
            {
                "Comm": "SOL",
                "2020": 0.0001024695,
                "2021": 0.0,
                "2022": 0.0,
                "2023": 0.0,
                "2024": 0.0,
                "2025": 0.0,
                "2026": 0.0,
                "2027": 0.0,
                "2028": 0.0,
                "2029": 0.0,
                "2030": 0.0,
                "2031": 0.0,
                "2032": 0.0,
                "2033": 0.0,
                "2034": 0.0,
                "2035": 0.0
            },
            {
                "Comm": "HYD",
                "2020": 0.0,
                "2021": 0.000215186,
                "2022": 0.0,
                "2023": 0.0002372425,
                "2024": 0.0,
                "2025": 0.0,
                "2026": 0.0,
                "2027": 0.0,
                "2028": 0.0003027883,
                "2029": 0.0,
                "2030": 0.000166912,
                "2031": 0.0,
                "2032": 0.0001840205,
                "2033": 0.0,
                "2034": 0.0,
                "2035": 0.0
            },
            {
                "Comm": "LND",
                "2020": 0.0,
                "2021": 0.0,
                "2022": 0.0,
                "2023": 16.6441053882,
                "2024": 0.0,
                "2025": 0.0,
                "2026": 24.2034244978,
                "2027": 0.0,
                "2028": 0.0,
                "2029": 0.0,
                "2030": 0.0,
                "2031": 36.6991233894,
                "2032": 0.0,
                "2033": 41.7364321389,
                "2034": 44.2521475964,
                "2035": 0.0
            },
            {
                "Comm": "CRPMAI",
                "2020": 156.8330654363,
                "2021": 0.0,
                "2022": 0.0,
                "2023": 423.403773492,
                "2024": 0.0,
                "2025": 0.0,
                "2026": 447.4672249133,
                "2027": 455.1383415465,
                "2028": 0.0,
                "2029": 471.3040955695,
                "2030": 0.0,
                "2031": 0.0,
                "2032": 0.0,
                "2033": 0.0,
                "2034": 0.0,
                "2035": 6570.1321602277
            },
            {
                "Comm": "CRPRIC",
                "2020": 116.1463177859,
                "2021": 327.1132248566,
                "2022": 0.0,
                "2023": 331.9259017563,
                "2024": 336.5860982436,
                "2025": 341.2531299846,
                "2026": 0.0,
                "2027": 0.0,
                "2028": 0.0,
                "2029": 0.0,
                "2030": 0.0,
                "2031": 369.111851241,
                "2032": 0.0,
                "2033": 0.0,
                "2034": 383.2945624666,
                "2035": 3760.2247956271
            },
            {
                "Comm": "LBLT",
                "2020": 1.7458754715,
                "2021": 0.0,
                "2022": 0.0,
                "2023": 238.0875854922,
                "2024": 0.0,
                "2025": 251.2864682394,
                "2026": 0.0,
                "2027": 0.0,
                "2028": 0.0,
                "2029": 280.076797432,
                "2030": 0.0,
                "2031": 0.0,
                "2032": 304.3767381787,
                "2033": 313.034737723,
                "2034": 0.0,
                "2035": 2388.3231717448
            },
            {
                "Comm": "LWAT",
                "2020": 0.000409878,
                "2021": 14.1053324839,
                "2022": 68.0733541184,
                "2023": 16.6443426307,
                "2024": 19.1837985084,
                "2025": 21.7217639098,
                "2026": 24.2035618167,
                "2027": 26.5959118004,
                "2028": 29.1132429612,
                "2029": 31.6462030428,
                "2030": 34.1739029354,
                "2031": 36.6994739047,
                "2032": 39.2202920539,
                "2033": 41.7366253604,
                "2034": 44.2523504791,
                "2035": 2103.7790852367
            },
            {
                "Comm": "WTRPRC",
                "2020": 0.0,
                "2021": 0.0,
                "2022": 0.0,
                "2023": 0.0,
                "2024": 0.0,
                "2025": 0.0006538997,
                "2026": 0.0001373189,
                "2027": 0.0,
                "2028": 0.0,
                "2029": 0.0,
                "2030": 0.000166912,
                "2031": 0.0001752576,
                "2032": 0.0,
                "2033": 0.0,
                "2034": 0.0,
                "2035": 0.0
            },
            {
                "Comm": "WTREVT",
                "2020": 0.0,
                "2021": 0.0,
                "2022": 0.0,
                "2023": 0.0,
                "2024": 0.0,
                "2025": 0.0,
                "2026": 0.0,
                "2027": 0.0,
                "2028": 0.0,
                "2029": 0.0,
                "2030": 0.0,
                "2031": 0.0,
                "2032": 0.0,
                "2033": 0.0,
                "2034": 0.0,
                "2035": 0.0
            },
            {
                "Comm": "WTRGWT",
                "2020": 0.0,
                "2021": 0.0,
                "2022": 0.0,
                "2023": 0.0,
                "2024": 0.0,
                "2025": 0.0,
                "2026": 0.0,
                "2027": 0.0,
                "2028": 0.0,
                "2029": 0.0,
                "2030": 0.0,
                "2031": 0.0,
                "2032": 0.0,
                "2033": 0.0,
                "2034": 0.0,
                "2035": 0.0
            },
            {
                "Comm": "WTRRUN",
                "2020": 0.0,
                "2021": 0.0,
                "2022": 0.0,
                "2023": 0.0,
                "2024": 0.0,
                "2025": 0.0,
                "2026": 0.0,
                "2027": 0.0,
                "2028": 0.0,
                "2029": 0.0,
                "2030": 0.0,
                "2031": 0.0,
                "2032": 0.0,
                "2033": 0.0,
                "2034": 0.0,
                "2035": 0.0
            },
            {
                "Comm": "WTRSUR",
                "2020": 0.0,
                "2021": 0.0,
                "2022": 0.0,
                "2023": 0.0,
                "2024": 0.0,
                "2025": 0.0,
                "2026": 0.0,
                "2027": 0.0,
                "2028": 0.0,
                "2029": 0.0,
                "2030": 0.0,
                "2031": 0.0,
                "2032": 0.0,
                "2033": 0.0,
                "2034": 0.0,
                "2035": 0.0
            },
            {
                "Comm": "PUBWAT",
                "2020": 0.0,
                "2021": 0.0,
                "2022": 0.0,
                "2023": 0.0,
                "2024": 0.0,
                "2025": 0.0,
                "2026": 0.0,
                "2027": 0.0,
                "2028": 0.0,
                "2029": 0.0,
                "2030": 0.0,
                "2031": 0.0,
                "2032": 0.0,
                "2033": 0.0,
                "2034": 0.0,
                "2035": 0.0
            },
            {
                "Comm": "AGRWAT",
                "2020": 19.1604658287,
                "2021": 0.0,
                "2022": 0.0,
                "2023": 19.953045542,
                "2024": 20.3493591844,
                "2025": 0.0,
                "2026": 26.5502051911,
                "2027": 0.0,
                "2028": 0.0,
                "2029": 52.5296004355,
                "2030": 52.8607062148,
                "2031": 0.0,
                "2032": 0.0,
                "2033": 30.0480747876,
                "2034": 0.0,
                "2035": 0.0
            },
            {
                "Comm": "PWRWAT",
                "2020": 0.0,
                "2021": 0.0,
                "2022": 0.0,
                "2023": 57.2487570948,
                "2024": 0.0,
                "2025": 0.0,
                "2026": 0.0,
                "2027": 61.7967776891,
                "2028": 0.0,
                "2029": 63.536256614,
                "2030": 0.0,
                "2031": 0.0,
                "2032": 0.0,
                "2033": 0.0,
                "2034": 0.0,
                "2035": 0.0
            },
            {
                "Comm": "DSL",
                "2020": 29.8402477951,
                "2021": 29.9137542964,
                "2022": 29.9874554898,
                "2023": 29.9874554898,
                "2024": 30.0609532248,
                "2025": 30.1345761053,
                "2026": 30.2082444474,
                "2027": 30.2818542654,
                "2028": 30.3554318136,
                "2029": 30.4290169314,
                "2030": 30.5026728259,
                "2031": 30.5761475017,
                "2032": 30.6497206556,
                "2033": 30.7233840672,
                "2034": 30.7969724904,
                "2035": 30.8705580153
            },
            {
                "Comm": "TRABIO",
                "2020": 0.0,
                "2021": 49.4111091255,
                "2022": 0.0,
                "2023": 0.0,
                "2024": 0.0,
                "2025": 52.3289787304,
                "2026": 53.2761786261,
                "2027": 54.1937643844,
                "2028": 0.0,
                "2029": 0.0,
                "2030": 0.0,
                "2031": 0.0,
                "2032": 59.0383812612,
                "2033": 0.0,
                "2034": 0.0,
                "2035": 0.0
            }
        ]
    }
}