{
    "ANSC": {
        "REF": [
            {
                "Stg": "PMPSRG",
                "2020": 0.0,
                "2021": 17.4416,
                "2022": 39.6259,
                "2023": 39.6259,
                "2024": 39.6259,
                "2025": 39.6259,
                "2026": 39.6259,
                "2027": 43.7026,
                "2028": 48.9848,
                "2029": 54.6951,
                "2030": 60.5128,
                "2031": 66.5163,
                "2032": 73.371,
                "2033": 82.563,
                "2034": 92.5911,
                "2035": 103.0216
            }
        ],
        "RETRG": [
            {
                "Stg": "PMPSRG",
                "2020": 0.0,
                "2021": 1.0507,
                "2022": 28.483,
                "2023": 48.9332,
                "2024": 52.7924,
                "2025": 52.7924,
                "2026": 52.7924,
                "2027": 57.87,
                "2028": 63.1522,
                "2029": 68.8625,
                "2030": 74.7196,
                "2031": 80.7231,
                "2032": 87.0678,
                "2033": 94.5817,
                "2034": 102.7489,
                "2035": 118.5101
            }
        ],
        "CLMCHG": [
            {
                "Stg": "PMPSRG",
                "2020": 0.0,
                "2021": 18.0004,
                "2022": 41.7674,
                "2023": 41.7674,
                "2024": 41.7674,
                "2025": 41.7674,
                "2026": 41.7674,
                "2027": 47.4508,
                "2028": 53.2395,
                "2029": 59.5555,
                "2030": 65.7403,
                "2031": 71.7316,
                "2032": 78.0632,
                "2033": 87.0075,
                "2034": 97.4046,
                "2035": 107.8308
            }
        ],
        "CO2TAX": [
            {
                "Stg": "PMPSRG",
                "2020": 0.0,
                "2021": 0.0,
                "2022": 0.0,
                "2023": 0.0,
                "2024": 0.0,
                "2025": 0.0,
                "2026": 0.0,
                "2027": 3.6371,
                "2028": 11.3483,
                "2029": 20.8648,
                "2030": 31.3342,
                "2031": 42.7283,
                "2032": 55.9823,
                "2033": 70.165,
                "2034": 86.2017,
                "2035": 103.1737
            }
        ]
    },
    "NSC": {
        "REF": [
            {
                "Stg": "PMPSRG",
                "2020": 0.0,
                "2021": 17.4416,
                "2022": 22.1843,
                "2023": 0.0,
                "2024": 0.0,
                "2025": 0.0,
                "2026": 0.0,
                "2027": 4.0766,
                "2028": 5.2822,
                "2029": 5.7103,
                "2030": 5.8177,
                "2031": 6.0035,
                "2032": 6.8547,
                "2033": 9.192,
                "2034": 10.0281,
                "2035": 10.4305
            }
        ],
        "RETRG": [
            {
                "Stg": "PMPSRG",
                "2020": 0.0,
                "2021": 1.0507,
                "2022": 27.4323,
                "2023": 20.4502,
                "2024": 3.8592,
                "2025": 0.0,
                "2026": 0.0,
                "2027": 5.0776,
                "2028": 5.2822,
                "2029": 5.7103,
                "2030": 5.8571,
                "2031": 6.0035,
                "2032": 6.3447,
                "2033": 7.5139,
                "2034": 8.1673,
                "2035": 15.7612
            }
        ],
        "CLMCHG": [
            {
                "Stg": "PMPSRG",
                "2020": 0.0,
                "2021": 18.0004,
                "2022": 23.767,
                "2023": 0.0,
                "2024": 0.0,
                "2025": 0.0,
                "2026": 0.0,
                "2027": 5.6834,
                "2028": 5.7888,
                "2029": 6.316,
                "2030": 6.1848,
                "2031": 5.9913,
                "2032": 6.3316,
                "2033": 8.9442,
                "2034": 10.3972,
                "2035": 10.4261
            }
        ],
        "CO2TAX": [
            {
                "Stg": "PMPSRG",
                "2020": 0.0,
                "2021": 0.0,
                "2022": 0.0,
                "2023": 0.0,
                "2024": 0.0,
                "2025": 0.0,
                "2026": 0.0,
                "2027": 3.6371,
                "2028": 7.7112,
                "2029": 9.5165,
                "2030": 10.4694,
                "2031": 11.3942,
                "2032": 13.2539,
                "2033": 14.1827,
                "2034": 16.0367,
                "2035": 16.972
            }
        ]
    },
    "CIS": {
        "REF": [
            {
                "Stg": "PMPSRG",
                "2020": 0.0,
                "2021": 697.6655,
                "2022": 887.372,
                "2023": 0.0,
                "2024": 0.0,
                "2025": 0.0,
                "2026": 0.0,
                "2027": 163.065,
                "2028": 211.2885,
                "2029": 228.4116,
                "2030": 232.7081,
                "2031": 240.1411,
                "2032": 274.1887,
                "2033": 367.6799,
                "2034": 401.1233,
                "2035": 417.2207
            }
        ],
        "RETRG": [
            {
                "Stg": "PMPSRG",
                "2020": 0.0,
                "2021": 42.0278,
                "2022": 1097.2933,
                "2023": 818.0065,
                "2024": 154.3691,
                "2025": 0.0,
                "2026": 0.0,
                "2027": 203.1033,
                "2028": 211.2885,
                "2029": 228.4116,
                "2030": 234.2827,
                "2031": 240.1411,
                "2032": 253.7872,
                "2033": 300.5557,
                "2034": 326.6902,
                "2035": 630.4476
            }
        ],
        "CLMCHG": [
            {
                "Stg": "PMPSRG",
                "2020": 0.0,
                "2021": 720.0165,
                "2022": 950.6795,
                "2023": 0.0,
                "2024": 0.0,
                "2025": 0.0,
                "2026": 0.0,
                "2027": 227.3343,
                "2028": 231.5514,
                "2029": 252.6399,
                "2030": 247.3914,
                "2031": 239.6511,
                "2032": 253.2651,
                "2033": 357.7694,
                "2034": 415.8874,
                "2035": 417.0452
            }
        ],
        "CO2TAX": [
            {
                "Stg": "PMPSRG",
                "2020": 0.0,
                "2021": 0.0,
                "2022": 0.0,
                "2023": 0.0,
                "2024": 0.0,
                "2025": 0.0,
                "2026": 0.0,
                "2027": 145.4846,
                "2028": 308.4473,
                "2029": 380.6588,
                "2030": 418.7756,
                "2031": 455.7674,
                "2032": 530.1572,
                "2033": 567.309,
                "2034": 641.4696,
                "2035": 678.8783
            }
        ]
    },
    "SVS": {
        "REF": [
            {
                "Stg": "PMPSRG",
                "2020": 0.0,
                "2021": 279.0662,
                "2022": 390.4437,
                "2023": 0.0,
                "2024": 0.0,
                "2025": 0.0,
                "2026": 0.0,
                "2027": 104.3616,
                "2028": 143.6762,
                "2029": 164.4563,
                "2030": 176.8582,
                "2031": 192.1129,
                "2032": 230.3185,
                "2033": 323.5583,
                "2034": 369.0334,
                "2035": 400.5318
            }
        ],
        "RETRG": [
            {
                "Stg": "PMPSRG",
                "2020": 0.0,
                "2021": 16.8111,
                "2022": 482.8091,
                "2023": 392.6431,
                "2024": 80.2719,
                "2025": 0.0,
                "2026": 0.0,
                "2027": 129.9861,
                "2028": 143.6762,
                "2029": 164.4563,
                "2030": 178.0548,
                "2031": 192.1129,
                "2032": 213.1813,
                "2033": 264.489,
                "2034": 300.555,
                "2035": 605.2297
            }
        ],
        "CLMCHG": [
            {
                "Stg": "PMPSRG",
                "2020": 0.0,
                "2021": 288.0066,
                "2022": 418.299,
                "2023": 0.0,
                "2024": 0.0,
                "2025": 0.0,
                "2026": 0.0,
                "2027": 145.4939,
                "2028": 157.4549,
                "2029": 181.9007,
                "2030": 188.0175,
                "2031": 191.7209,
                "2032": 212.7426,
                "2033": 314.837,
                "2034": 382.6164,
                "2035": 400.3634
            }
        ],
        "CO2TAX": [
            {
                "Stg": "PMPSRG",
                "2020": 0.0,
                "2021": 0.0,
                "2022": 0.0,
                "2023": 0.0,
                "2024": 0.0,
                "2025": 0.0,
                "2026": 0.0,
                "2027": 93.1101,
                "2028": 209.7442,
                "2029": 274.0743,
                "2030": 318.2695,
                "2031": 364.6139,
                "2032": 445.332,
                "2033": 499.2319,
                "2034": 590.1521,
                "2035": 651.7232
            }
        ]
    },
    "TSC": {
        "REF": [
            {
                "Stg": "PMPSRG",
                "2021": 17.4416,
                "2022": 39.6259,
                "2023": 39.6259,
                "2024": 39.6259,
                "2025": 39.6259,
                "2026": 39.6259,
                "2027": 43.7026,
                "2028": 48.9848,
                "2029": 54.6951,
                "2030": 60.5128,
                "2031": 66.5163,
                "2032": 73.371,
                "2033": 82.563,
                "2034": 92.5911,
                "2035": 103.0216
            }
        ],
        "RETRG": [
            {
                "Stg": "PMPSRG",
                "2021": 1.0507,
                "2022": 28.483,
                "2023": 48.9332,
                "2024": 52.7924,
                "2025": 52.7924,
                "2026": 52.7924,
                "2027": 57.87,
                "2028": 63.1522,
                "2029": 68.8625,
                "2030": 74.7196,
                "2031": 80.7231,
                "2032": 87.0678,
                "2033": 94.5817,
                "2034": 102.7489,
                "2035": 118.5101
            }
        ],
        "CLMCHG": [
            {
                "Stg": "PMPSRG",
                "2021": 18.0004,
                "2022": 41.7674,
                "2023": 41.7674,
                "2024": 41.7674,
                "2025": 41.7674,
                "2026": 41.7674,
                "2027": 47.4508,
                "2028": 53.2395,
                "2029": 59.5555,
                "2030": 65.7403,
                "2031": 71.7316,
                "2032": 78.0632,
                "2033": 87.0075,
                "2034": 97.4046,
                "2035": 107.8308
            }
        ],
        "CO2TAX": [
            {
                "Stg": "PMPSRG",
                "2027": 3.6371,
                "2028": 11.3483,
                "2029": 20.8648,
                "2030": 31.3342,
                "2031": 42.7283,
                "2032": 55.9823,
                "2033": 70.165,
                "2034": 86.2017,
                "2035": 103.1737
            }
        ]
    }
}