{
    "ATEBM": {
        "REF": [
            {
                "Tech": "DEMTRABIO",
                "Emi": "CO2",
                "MoId": 1,
                "2020": 83.8863,
                "2021": 86.4028,
                "2022": 88.9194,
                "2023": 91.436,
                "2024": 93.9526,
                "2025": 97.3081,
                "2026": 99.8246,
                "2027": 102.3412,
                "2028": 105.6967,
                "2029": 109.0521,
                "2030": 112.4076,
                "2031": 115.763,
                "2032": 119.1185,
                "2033": 122.4739,
                "2034": 125.8294,
                "2035": 129.1848
            },
            {
                "Tech": "MINCOA",
                "Emi": "CO2",
                "MoId": 1,
                "2020": 36274.546,
                "2021": 36944.506,
                "2022": 38039.342,
                "2023": 37637.448,
                "2024": 37236.202,
                "2025": 36869.854,
                "2026": 30516.208,
                "2027": 30632.132,
                "2028": 30729.459,
                "2029": 30919.977,
                "2030": 31165.246,
                "2031": 31459.967,
                "2032": 31821.401,
                "2033": 31821.401,
                "2034": 31821.401,
                "2035": 31821.401
            },
            {
                "Tech": "LNDFOR",
                "Emi": "CO2",
                "MoId": 1,
                "2020": -3651.84,
                "2021": -3647.6245,
                "2022": -3643.3354,
                "2023": -3639.0851,
                "2024": -3634.6457,
                "2025": -3629.769,
                "2026": -3625.4952,
                "2027": -3621.0594,
                "2028": -3616.166,
                "2029": -3611.1318,
                "2030": -3606.2274,
                "2031": -3601.1849,
                "2032": -3596.2938,
                "2033": -3591.2676,
                "2034": -3586.2757,
                "2035": -3581.2537
            },
            {
                "Tech": "IMPDSL",
                "Emi": "CO2",
                "MoId": 1,
                "2020": 174.711,
                "2021": 182.9889,
                "2022": 189.0417,
                "2023": 199.5438,
                "2024": 203.4843,
                "2025": 209.2132,
                "2026": 249.8092,
                "2027": 218.4024,
                "2028": 224.0874,
                "2029": 231.0047,
                "2030": 237.0028,
                "2031": 242.9845,
                "2032": 250.0,
                "2033": 255.5288,
                "2034": 262.5912,
                "2035": 268.7222
            },
            {
                "Tech": "MINGAS",
                "Emi": "CO2",
                "MoId": 1,
                "2020": 1022.58,
                "2021": 1022.58,
                "2022": 1022.58,
                "2023": 1022.58,
                "2024": 1022.58,
                "2025": 1022.58,
                "2026": 1958.8376,
                "2027": 1997.0509,
                "2028": 1997.0509,
                "2029": 1997.0509,
                "2030": 1997.0509,
                "2031": 1997.0509,
                "2032": 2022.6148,
                "2033": 2260.187,
                "2034": 2544.9151,
                "2035": 2854.1446
            },
            {
                "Tech": "LNDMAIRNF",
                "Emi": "N2O",
                "MoId": 1,
                "2020": 0.817,
                "2021": 0.8374,
                "2022": 0.8582,
                "2023": 0.8782,
                "2024": 0.8985,
                "2025": 0.9249,
                "2026": 0.9447,
                "2027": 0.9647,
                "2028": 0.9909,
                "2029": 1.0167,
                "2030": 1.0427,
                "2031": 1.0684,
                "2032": 1.0938,
                "2033": 1.1187,
                "2034": 1.1432,
                "2035": 1.1679
            },
            {
                "Tech": "LNDMAIIRR",
                "Emi": "N2O",
                "MoId": 1,
                "2020": 0.1356,
                "2021": 0.1424,
                "2022": 0.1495,
                "2023": 0.157,
                "2024": 0.1648,
                "2025": 0.1731,
                "2026": 0.1817,
                "2027": 0.1908,
                "2028": 0.2003,
                "2029": 0.2104,
                "2030": 0.2209,
                "2031": 0.2319,
                "2032": 0.2435,
                "2033": 0.2557,
                "2034": 0.2685,
                "2035": 0.2819
            },
            {
                "Tech": "LNDRICIRR",
                "Emi": "CH4",
                "MoId": 1,
                "2020": 4.4073,
                "2021": 4.6277,
                "2022": 4.859,
                "2023": 5.102,
                "2024": 5.3571,
                "2025": 5.625,
                "2026": 5.9062,
                "2027": 6.2015,
                "2028": 6.5116,
                "2029": 6.8372,
                "2030": 7.179,
                "2031": 7.538,
                "2032": 7.9149,
                "2033": 8.3106,
                "2034": 8.7262,
                "2035": 9.1625
            },
            {
                "Tech": "LNDRICRNF",
                "Emi": "CH4",
                "MoId": 1,
                "2020": 8.5231,
                "2021": 8.5264,
                "2022": 8.5155,
                "2023": 8.4996,
                "2024": 8.478,
                "2025": 8.4401,
                "2026": 8.3949,
                "2027": 8.3317,
                "2028": 8.2594,
                "2029": 8.1772,
                "2030": 8.074,
                "2031": 7.9589,
                "2032": 7.8306,
                "2033": 7.688,
                "2034": 7.5202,
                "2035": 7.3355
            },
            {
                "Tech": "LNDFOR",
                "Emi": "CO2EQ",
                "MoId": 1,
                "2020": -3651.84,
                "2021": -3647.6245,
                "2022": -3643.3354,
                "2023": -3639.0851,
                "2024": -3634.6457,
                "2025": -3629.769,
                "2026": -3625.4952,
                "2027": -3621.0594,
                "2028": -3616.166,
                "2029": -3611.1318,
                "2030": -3606.2274,
                "2031": -3601.1849,
                "2032": -3596.2938,
                "2033": -3591.2676,
                "2034": -3586.2757,
                "2035": -3581.2537
            },
            {
                "Tech": "IMPDSL",
                "Emi": "CO2EQ",
                "MoId": 1,
                "2020": 175.426,
                "2021": 183.7378,
                "2022": 189.8154,
                "2023": 200.3604,
                "2024": 204.3171,
                "2025": 210.0695,
                "2026": 250.8316,
                "2027": 219.2962,
                "2028": 225.0045,
                "2029": 231.9502,
                "2030": 237.9728,
                "2031": 243.979,
                "2032": 251.0232,
                "2033": 256.5746,
                "2034": 263.6659,
                "2035": 269.822
            },
            {
                "Tech": "MINCOA",
                "Emi": "CO2EQ",
                "MoId": 1,
                "2020": 36425.533,
                "2021": 37098.281,
                "2022": 38197.674,
                "2023": 37794.108,
                "2024": 37391.191,
                "2025": 37023.319,
                "2026": 30643.227,
                "2027": 30759.633,
                "2028": 30857.365,
                "2029": 31048.676,
                "2030": 31294.966,
                "2031": 31590.914,
                "2032": 31953.852,
                "2033": 31953.852,
                "2034": 31953.852,
                "2035": 31953.852
            },
            {
                "Tech": "LNDMAIIRR",
                "Emi": "CO2EQ",
                "MoId": 1,
                "2020": 47.121,
                "2021": 49.477,
                "2022": 51.9509,
                "2023": 54.5484,
                "2024": 57.2759,
                "2025": 60.1397,
                "2026": 63.1466,
                "2027": 66.304,
                "2028": 69.6192,
                "2029": 73.1001,
                "2030": 76.7551,
                "2031": 80.5929,
                "2032": 84.6225,
                "2033": 88.8537,
                "2034": 93.2964,
                "2035": 97.9612
            },
            {
                "Tech": "MINGAS",
                "Emi": "CO2EQ",
                "MoId": 1,
                "2020": 1024.4028,
                "2021": 1024.4028,
                "2022": 1024.4028,
                "2023": 1024.4028,
                "2024": 1024.4028,
                "2025": 1024.4028,
                "2026": 1962.3293,
                "2027": 2000.6107,
                "2028": 2000.6107,
                "2029": 2000.6107,
                "2030": 2000.6107,
                "2031": 2000.6107,
                "2032": 2026.2202,
                "2033": 2264.2158,
                "2034": 2549.4515,
                "2035": 2859.2322
            },
            {
                "Tech": "LNDMAIRNF",
                "Emi": "CO2EQ",
                "MoId": 1,
                "2020": 416.6682,
                "2021": 427.0926,
                "2022": 437.7001,
                "2023": 447.8848,
                "2024": 458.2404,
                "2025": 471.7153,
                "2026": 481.7934,
                "2027": 492.0223,
                "2028": 505.349,
                "2029": 518.5111,
                "2030": 531.8004,
                "2031": 544.9082,
                "2032": 557.8256,
                "2033": 570.5429,
                "2034": 583.0502,
                "2035": 595.637
            },
            {
                "Tech": "LNDRICRNF",
                "Emi": "CO2EQ",
                "MoId": 1,
                "2020": 230.8352,
                "2021": 230.9221,
                "2022": 230.627,
                "2023": 230.1973,
                "2024": 229.6129,
                "2025": 228.5864,
                "2026": 227.362,
                "2027": 225.6502,
                "2028": 223.6929,
                "2029": 221.4647,
                "2030": 218.6721,
                "2031": 215.5535,
                "2032": 212.0791,
                "2033": 208.2179,
                "2034": 203.6708,
                "2035": 198.6699
            },
            {
                "Tech": "DEMTRABIO",
                "Emi": "CO2EQ",
                "MoId": 1,
                "2020": 86.2559,
                "2021": 88.8436,
                "2022": 91.4313,
                "2023": 94.019,
                "2024": 96.6066,
                "2025": 100.0569,
                "2026": 102.6446,
                "2027": 105.2322,
                "2028": 108.6825,
                "2029": 112.1327,
                "2030": 115.5829,
                "2031": 119.0332,
                "2032": 122.4834,
                "2033": 125.9336,
                "2034": 129.3839,
                "2035": 132.8341
            },
            {
                "Tech": "LNDRICIRR",
                "Emi": "CO2EQ",
                "MoId": 1,
                "2020": 118.4661,
                "2021": 124.3894,
                "2022": 130.6089,
                "2023": 137.1393,
                "2024": 143.9963,
                "2025": 151.1961,
                "2026": 158.7559,
                "2027": 166.6937,
                "2028": 175.0284,
                "2029": 183.7798,
                "2030": 192.9688,
                "2031": 202.6172,
                "2032": 212.7481,
                "2033": 223.3855,
                "2034": 234.5548,
                "2035": 246.2825
            }
        ],
        "RETRG": [
            {
                "Tech": "DEMTRABIO",
                "Emi": "CO2",
                "MoId": 1,
                "2020": 83.8863,
                "2021": 86.4028,
                "2022": 88.9194,
                "2023": 91.436,
                "2024": 93.9526,
                "2025": 97.3081,
                "2026": 99.8246,
                "2027": 102.3412,
                "2028": 105.6967,
                "2029": 109.0521,
                "2030": 112.4076,
                "2031": 115.763,
                "2032": 119.1185,
                "2033": 122.4739,
                "2034": 125.8294,
                "2035": 129.1848
            },
            {
                "Tech": "MINCOA",
                "Emi": "CO2",
                "MoId": 1,
                "2020": 35519.097,
                "2021": 35669.421,
                "2022": 37126.075,
                "2023": 38134.089,
                "2024": 37998.911,
                "2025": 35872.705,
                "2026": 29519.059,
                "2027": 29568.427,
                "2028": 29665.754,
                "2029": 29856.272,
                "2030": 30098.924,
                "2031": 30393.645,
                "2032": 30788.992,
                "2033": 31168.663,
                "2034": 29645.095,
                "2035": 28372.102
            },
            {
                "Tech": "LNDFOR",
                "Emi": "CO2",
                "MoId": 1,
                "2020": -3651.84,
                "2021": -3647.6245,
                "2022": -3643.3354,
                "2023": -3639.0851,
                "2024": -3634.6457,
                "2025": -3629.769,
                "2026": -3625.4952,
                "2027": -3621.0594,
                "2028": -3616.166,
                "2029": -3611.1318,
                "2030": -3606.2274,
                "2031": -3601.1849,
                "2032": -3596.2938,
                "2033": -3591.2676,
                "2034": -3586.2757,
                "2035": -3581.2537
            },
            {
                "Tech": "IMPDSL",
                "Emi": "CO2",
                "MoId": 1,
                "2020": 181.8951,
                "2021": 182.9889,
                "2022": 187.7264,
                "2023": 194.4183,
                "2024": 202.5171,
                "2025": 221.057,
                "2026": 239.1414,
                "2027": 218.2421,
                "2028": 224.0874,
                "2029": 231.0047,
                "2030": 236.9929,
                "2031": 242.9845,
                "2032": 250.1279,
                "2033": 255.9494,
                "2034": 274.9022,
                "2035": 281.8788
            },
            {
                "Tech": "MINGAS",
                "Emi": "CO2",
                "MoId": 1,
                "2020": 850.5148,
                "2021": 1022.58,
                "2022": 1022.58,
                "2023": 1022.58,
                "2024": 1022.58,
                "2025": 526.5061,
                "2026": 1462.7637,
                "2027": 1462.7637,
                "2028": 1462.7637,
                "2029": 1462.7637,
                "2030": 1462.7637,
                "2031": 1462.7637,
                "2032": 1462.7637,
                "2033": 1512.0958,
                "2034": 1158.5364,
                "2035": 663.0054
            },
            {
                "Tech": "LNDMAIRNF",
                "Emi": "N2O",
                "MoId": 1,
                "2020": 0.817,
                "2021": 0.8374,
                "2022": 0.8582,
                "2023": 0.8782,
                "2024": 0.8985,
                "2025": 0.9249,
                "2026": 0.9447,
                "2027": 0.9647,
                "2028": 0.9909,
                "2029": 1.0167,
                "2030": 1.0427,
                "2031": 1.0684,
                "2032": 1.0938,
                "2033": 1.1187,
                "2034": 1.1432,
                "2035": 1.1679
            },
            {
                "Tech": "LNDMAIIRR",
                "Emi": "N2O",
                "MoId": 1,
                "2020": 0.1356,
                "2021": 0.1424,
                "2022": 0.1495,
                "2023": 0.157,
                "2024": 0.1648,
                "2025": 0.1731,
                "2026": 0.1817,
                "2027": 0.1908,
                "2028": 0.2003,
                "2029": 0.2104,
                "2030": 0.2209,
                "2031": 0.2319,
                "2032": 0.2435,
                "2033": 0.2557,
                "2034": 0.2685,
                "2035": 0.2819
            },
            {
                "Tech": "LNDRICIRR",
                "Emi": "CH4",
                "MoId": 1,
                "2020": 4.4073,
                "2021": 4.6277,
                "2022": 4.859,
                "2023": 5.102,
                "2024": 5.3571,
                "2025": 5.625,
                "2026": 5.9062,
                "2027": 6.2015,
                "2028": 6.5116,
                "2029": 6.8372,
                "2030": 7.179,
                "2031": 7.538,
                "2032": 7.9149,
                "2033": 8.3106,
                "2034": 8.7262,
                "2035": 9.1625
            },
            {
                "Tech": "LNDRICRNF",
                "Emi": "CH4",
                "MoId": 1,
                "2020": 8.5231,
                "2021": 8.5264,
                "2022": 8.5155,
                "2023": 8.4996,
                "2024": 8.478,
                "2025": 8.4401,
                "2026": 8.3949,
                "2027": 8.3317,
                "2028": 8.2594,
                "2029": 8.1772,
                "2030": 8.074,
                "2031": 7.9589,
                "2032": 7.8306,
                "2033": 7.688,
                "2034": 7.5202,
                "2035": 7.3355
            },
            {
                "Tech": "LNDFOR",
                "Emi": "CO2EQ",
                "MoId": 1,
                "2020": -3651.84,
                "2021": -3647.6245,
                "2022": -3643.3354,
                "2023": -3639.0851,
                "2024": -3634.6457,
                "2025": -3629.769,
                "2026": -3625.4952,
                "2027": -3621.0594,
                "2028": -3616.166,
                "2029": -3611.1318,
                "2030": -3606.2274,
                "2031": -3601.1849,
                "2032": -3596.2938,
                "2033": -3591.2676,
                "2034": -3586.2757,
                "2035": -3581.2537
            },
            {
                "Tech": "IMPDSL",
                "Emi": "CO2EQ",
                "MoId": 1,
                "2020": 182.6396,
                "2021": 183.7378,
                "2022": 188.4947,
                "2023": 195.214,
                "2024": 203.3459,
                "2025": 221.9617,
                "2026": 240.1202,
                "2027": 219.1353,
                "2028": 225.0045,
                "2029": 231.9502,
                "2030": 237.9629,
                "2031": 243.979,
                "2032": 251.1516,
                "2033": 256.9969,
                "2034": 276.0273,
                "2035": 283.0325
            },
            {
                "Tech": "MINCOA",
                "Emi": "CO2EQ",
                "MoId": 1,
                "2020": 35666.939,
                "2021": 35817.889,
                "2022": 37280.606,
                "2023": 38292.815,
                "2024": 38157.075,
                "2025": 36022.019,
                "2026": 29641.927,
                "2027": 29691.501,
                "2028": 29789.233,
                "2029": 29980.544,
                "2030": 30224.206,
                "2031": 30520.153,
                "2032": 30917.146,
                "2033": 31298.397,
                "2034": 29768.487,
                "2035": 28490.196
            },
            {
                "Tech": "LNDMAIIRR",
                "Emi": "CO2EQ",
                "MoId": 1,
                "2020": 47.121,
                "2021": 49.477,
                "2022": 51.9509,
                "2023": 54.5484,
                "2024": 57.2759,
                "2025": 60.1397,
                "2026": 63.1466,
                "2027": 66.304,
                "2028": 69.6192,
                "2029": 73.1001,
                "2030": 76.7551,
                "2031": 80.5929,
                "2032": 84.6225,
                "2033": 88.8537,
                "2034": 93.2964,
                "2035": 97.9612
            },
            {
                "Tech": "MINGAS",
                "Emi": "CO2EQ",
                "MoId": 1,
                "2020": 852.0308,
                "2021": 1024.4028,
                "2022": 1024.4028,
                "2023": 1024.4028,
                "2024": 1024.4028,
                "2025": 527.4446,
                "2026": 1465.3711,
                "2027": 1465.3711,
                "2028": 1465.3711,
                "2029": 1465.3711,
                "2030": 1465.3711,
                "2031": 1465.3711,
                "2032": 1465.3711,
                "2033": 1514.7912,
                "2034": 1160.6015,
                "2035": 664.1872
            },
            {
                "Tech": "LNDMAIRNF",
                "Emi": "CO2EQ",
                "MoId": 1,
                "2020": 416.6682,
                "2021": 427.0926,
                "2022": 437.7001,
                "2023": 447.8848,
                "2024": 458.2404,
                "2025": 471.7153,
                "2026": 481.7934,
                "2027": 492.0223,
                "2028": 505.349,
                "2029": 518.5111,
                "2030": 531.8004,
                "2031": 544.9082,
                "2032": 557.8256,
                "2033": 570.5429,
                "2034": 583.0502,
                "2035": 595.637
            },
            {
                "Tech": "LNDRICRNF",
                "Emi": "CO2EQ",
                "MoId": 1,
                "2020": 230.8352,
                "2021": 230.9221,
                "2022": 230.627,
                "2023": 230.1973,
                "2024": 229.6129,
                "2025": 228.5864,
                "2026": 227.362,
                "2027": 225.6502,
                "2028": 223.6929,
                "2029": 221.4647,
                "2030": 218.6721,
                "2031": 215.5535,
                "2032": 212.0791,
                "2033": 208.2179,
                "2034": 203.6708,
                "2035": 198.6699
            },
            {
                "Tech": "DEMTRABIO",
                "Emi": "CO2EQ",
                "MoId": 1,
                "2020": 86.2559,
                "2021": 88.8436,
                "2022": 91.4313,
                "2023": 94.019,
                "2024": 96.6066,
                "2025": 100.0569,
                "2026": 102.6446,
                "2027": 105.2322,
                "2028": 108.6825,
                "2029": 112.1327,
                "2030": 115.5829,
                "2031": 119.0332,
                "2032": 122.4834,
                "2033": 125.9336,
                "2034": 129.3839,
                "2035": 132.8341
            },
            {
                "Tech": "LNDRICIRR",
                "Emi": "CO2EQ",
                "MoId": 1,
                "2020": 118.4661,
                "2021": 124.3894,
                "2022": 130.6089,
                "2023": 137.1393,
                "2024": 143.9963,
                "2025": 151.1961,
                "2026": 158.7559,
                "2027": 166.6937,
                "2028": 175.0284,
                "2029": 183.7798,
                "2030": 192.9688,
                "2031": 202.6172,
                "2032": 212.7481,
                "2033": 223.3855,
                "2034": 234.5548,
                "2035": 246.2825
            }
        ],
        "CLMCHG": [
            {
                "Tech": "DEMTRABIO",
                "Emi": "CO2",
                "MoId": 1,
                "2020": 83.8863,
                "2021": 86.4028,
                "2022": 88.9194,
                "2023": 91.436,
                "2024": 93.9526,
                "2025": 97.3081,
                "2026": 99.8246,
                "2027": 102.3412,
                "2028": 105.6967,
                "2029": 109.0521,
                "2030": 112.4076,
                "2031": 115.763,
                "2032": 119.1185,
                "2033": 122.4739,
                "2034": 125.8294,
                "2035": 129.1848
            },
            {
                "Tech": "MINCOA",
                "Emi": "CO2",
                "MoId": 1,
                "2020": 36295.055,
                "2021": 36998.494,
                "2022": 38142.778,
                "2023": 37733.509,
                "2024": 37273.91,
                "2025": 36901.175,
                "2026": 30550.884,
                "2027": 30631.775,
                "2028": 30702.166,
                "2029": 30924.844,
                "2030": 31146.882,
                "2031": 31442.352,
                "2032": 31821.401,
                "2033": 31821.401,
                "2034": 31821.401,
                "2035": 31821.401
            },
            {
                "Tech": "LNDFOR",
                "Emi": "CO2",
                "MoId": 1,
                "2020": -3651.84,
                "2021": -3646.9308,
                "2022": -3642.2783,
                "2023": -3637.6536,
                "2024": -3632.426,
                "2025": -3627.1432,
                "2026": -3622.454,
                "2027": -3604.5076,
                "2028": -3612.2792,
                "2029": -3593.3563,
                "2030": -3600.9793,
                "2031": -3595.4951,
                "2032": -3590.1655,
                "2033": -3571.1223,
                "2034": -3579.3025,
                "2035": -3573.884
            },
            {
                "Tech": "IMPDSL",
                "Emi": "CO2",
                "MoId": 1,
                "2020": 174.3368,
                "2021": 184.027,
                "2022": 191.1005,
                "2023": 201.8465,
                "2024": 207.6775,
                "2025": 213.3267,
                "2026": 254.3868,
                "2027": 223.8368,
                "2028": 230.2539,
                "2029": 237.8948,
                "2030": 245.1305,
                "2031": 251.5048,
                "2032": 259.3044,
                "2033": 265.1877,
                "2034": 273.3181,
                "2035": 279.7596
            },
            {
                "Tech": "MINGAS",
                "Emi": "CO2",
                "MoId": 1,
                "2020": 1022.58,
                "2021": 1022.58,
                "2022": 1022.58,
                "2023": 1022.58,
                "2024": 1022.58,
                "2025": 1022.58,
                "2026": 1958.6375,
                "2027": 1958.6375,
                "2028": 1958.6375,
                "2029": 1958.6375,
                "2030": 1958.6375,
                "2031": 1958.6375,
                "2032": 1965.2951,
                "2033": 2213.6058,
                "2034": 2487.6029,
                "2035": 2797.2571
            },
            {
                "Tech": "LNDMAIRNF",
                "Emi": "N2O",
                "MoId": 1,
                "2020": 0.817,
                "2021": 0.8374,
                "2022": 0.8582,
                "2023": 0.8782,
                "2024": 0.8985,
                "2025": 0.9249,
                "2026": 0.9447,
                "2027": 0.9647,
                "2028": 0.9909,
                "2029": 1.0167,
                "2030": 1.0427,
                "2031": 1.0684,
                "2032": 1.0938,
                "2033": 1.1187,
                "2034": 1.1432,
                "2035": 1.1679
            },
            {
                "Tech": "LNDMAIIRR",
                "Emi": "N2O",
                "MoId": 1,
                "2020": 0.1356,
                "2021": 0.1424,
                "2022": 0.1495,
                "2023": 0.157,
                "2024": 0.1648,
                "2025": 0.1731,
                "2026": 0.1817,
                "2027": 0.1908,
                "2028": 0.2003,
                "2029": 0.2104,
                "2030": 0.2209,
                "2031": 0.2319,
                "2032": 0.2435,
                "2033": 0.2557,
                "2034": 0.2685,
                "2035": 0.2819
            },
            {
                "Tech": "LNDRICIRR",
                "Emi": "CH4",
                "MoId": 1,
                "2020": 4.4073,
                "2021": 4.6277,
                "2022": 4.859,
                "2023": 5.102,
                "2024": 5.3571,
                "2025": 5.625,
                "2026": 5.9062,
                "2027": 6.2015,
                "2028": 6.5116,
                "2029": 6.8372,
                "2030": 7.179,
                "2031": 7.538,
                "2032": 7.9149,
                "2033": 8.3106,
                "2034": 8.7262,
                "2035": 9.1625
            },
            {
                "Tech": "LNDRICRNF",
                "Emi": "CH4",
                "MoId": 1,
                "2020": 8.5231,
                "2021": 8.8154,
                "2022": 8.9559,
                "2023": 9.0961,
                "2024": 9.4029,
                "2025": 9.5342,
                "2026": 9.6621,
                "2027": 9.7737,
                "2028": 9.8789,
                "2029": 9.9761,
                "2030": 10.2608,
                "2031": 10.3296,
                "2032": 10.3841,
                "2033": 10.4216,
                "2034": 10.4257,
                "2035": 10.4062
            },
            {
                "Tech": "LNDFOR",
                "Emi": "CO2EQ",
                "MoId": 1,
                "2020": -3651.84,
                "2021": -3646.9308,
                "2022": -3642.2783,
                "2023": -3637.6536,
                "2024": -3632.426,
                "2025": -3627.1432,
                "2026": -3622.454,
                "2027": -3604.5076,
                "2028": -3612.2792,
                "2029": -3593.3563,
                "2030": -3600.9793,
                "2031": -3595.4951,
                "2032": -3590.1655,
                "2033": -3571.1223,
                "2034": -3579.3025,
                "2035": -3573.884
            },
            {
                "Tech": "IMPDSL",
                "Emi": "CO2EQ",
                "MoId": 1,
                "2020": 175.0503,
                "2021": 184.7802,
                "2022": 191.8827,
                "2023": 202.6726,
                "2024": 208.5274,
                "2025": 214.1998,
                "2026": 255.4279,
                "2027": 224.753,
                "2028": 231.1962,
                "2029": 238.8684,
                "2030": 246.1338,
                "2031": 252.5342,
                "2032": 260.3657,
                "2033": 266.273,
                "2034": 274.4367,
                "2035": 280.9046
            },
            {
                "Tech": "MINCOA",
                "Emi": "CO2EQ",
                "MoId": 1,
                "2020": 36446.127,
                "2021": 37152.493,
                "2022": 38301.541,
                "2023": 37890.568,
                "2024": 37429.057,
                "2025": 37054.77,
                "2026": 30678.047,
                "2027": 30759.274,
                "2028": 30829.958,
                "2029": 31053.564,
                "2030": 31276.526,
                "2031": 31573.225,
                "2032": 31953.852,
                "2033": 31953.852,
                "2034": 31953.852,
                "2035": 31953.852
            },
            {
                "Tech": "LNDMAIIRR",
                "Emi": "CO2EQ",
                "MoId": 1,
                "2020": 47.121,
                "2021": 49.477,
                "2022": 51.9509,
                "2023": 54.5484,
                "2024": 57.2759,
                "2025": 60.1397,
                "2026": 63.1466,
                "2027": 66.304,
                "2028": 69.6192,
                "2029": 73.1001,
                "2030": 76.7551,
                "2031": 80.5929,
                "2032": 84.6225,
                "2033": 88.8537,
                "2034": 93.2964,
                "2035": 97.9612
            },
            {
                "Tech": "MINGAS",
                "Emi": "CO2EQ",
                "MoId": 1,
                "2020": 1024.4028,
                "2021": 1024.4028,
                "2022": 1024.4028,
                "2023": 1024.4028,
                "2024": 1024.4028,
                "2025": 1024.4028,
                "2026": 1962.1289,
                "2027": 1962.1289,
                "2028": 1962.1289,
                "2029": 1962.1289,
                "2030": 1962.1289,
                "2031": 1962.1289,
                "2032": 1968.7983,
                "2033": 2217.5516,
                "2034": 2492.0371,
                "2035": 2802.2433
            },
            {
                "Tech": "LNDMAIRNF",
                "Emi": "CO2EQ",
                "MoId": 1,
                "2020": 416.6682,
                "2021": 427.0926,
                "2022": 437.7001,
                "2023": 447.8848,
                "2024": 458.2404,
                "2025": 471.7153,
                "2026": 481.7934,
                "2027": 492.0223,
                "2028": 505.349,
                "2029": 518.5111,
                "2030": 531.8004,
                "2031": 544.9082,
                "2032": 557.8256,
                "2033": 570.5429,
                "2034": 583.0502,
                "2035": 595.637
            },
            {
                "Tech": "LNDRICRNF",
                "Emi": "CO2EQ",
                "MoId": 1,
                "2020": 230.8352,
                "2021": 238.75,
                "2022": 242.556,
                "2023": 246.3515,
                "2024": 254.6616,
                "2025": 258.2179,
                "2026": 261.6808,
                "2027": 264.705,
                "2028": 267.5543,
                "2029": 270.1869,
                "2030": 277.8958,
                "2031": 279.7609,
                "2032": 281.2353,
                "2033": 282.2509,
                "2034": 282.3618,
                "2035": 281.834
            },
            {
                "Tech": "DEMTRABIO",
                "Emi": "CO2EQ",
                "MoId": 1,
                "2020": 86.2559,
                "2021": 88.8436,
                "2022": 91.4313,
                "2023": 94.019,
                "2024": 96.6066,
                "2025": 100.0569,
                "2026": 102.6446,
                "2027": 105.2322,
                "2028": 108.6825,
                "2029": 112.1327,
                "2030": 115.5829,
                "2031": 119.0332,
                "2032": 122.4834,
                "2033": 125.9336,
                "2034": 129.3839,
                "2035": 132.8341
            },
            {
                "Tech": "LNDRICIRR",
                "Emi": "CO2EQ",
                "MoId": 1,
                "2020": 118.4661,
                "2021": 124.3894,
                "2022": 130.6089,
                "2023": 137.1393,
                "2024": 143.9963,
                "2025": 151.1961,
                "2026": 158.7559,
                "2027": 166.6937,
                "2028": 175.0284,
                "2029": 183.7798,
                "2030": 192.9688,
                "2031": 202.6172,
                "2032": 212.7481,
                "2033": 223.3855,
                "2034": 234.5548,
                "2035": 246.2825
            }
        ],
        "CO2TAX": [
            {
                "Tech": "IMPDSL",
                "Emi": "CO2",
                "MoId": 1,
                "2020": 233.0829,
                "2021": 190.9152,
                "2022": 191.9675,
                "2023": 196.1102,
                "2024": 200.0504,
                "2025": 204.9916,
                "2026": 209.6251,
                "2027": 215.8794,
                "2028": 223.4786,
                "2029": 230.0508,
                "2030": 235.8369,
                "2031": 241.6334,
                "2032": 248.3962,
                "2033": 254.278,
                "2034": 261.0852,
                "2035": 267.0827
            },
            {
                "Tech": "DEMTRABIO",
                "Emi": "CO2",
                "MoId": 1,
                "2020": 83.8863,
                "2021": 86.4028,
                "2022": 88.9194,
                "2023": 91.436,
                "2024": 93.9526,
                "2025": 97.3081,
                "2026": 99.8246,
                "2027": 102.3412,
                "2028": 105.6967,
                "2029": 109.0521,
                "2030": 112.4076,
                "2031": 115.763,
                "2032": 119.1185,
                "2033": 122.4739,
                "2034": 125.8294,
                "2035": 129.1848
            },
            {
                "Tech": "MINGAS",
                "Emi": "CO2",
                "MoId": 1,
                "2020": 0.0,
                "2021": 0.0,
                "2022": 0.0,
                "2023": 0.0,
                "2024": 0.0,
                "2025": 0.0,
                "2026": 1377.6608,
                "2027": 1548.1219,
                "2028": 1523.194,
                "2029": 3466.0873,
                "2030": 3538.3392,
                "2031": 3538.3392,
                "2032": 3538.3392,
                "2033": 3538.3392,
                "2034": 3538.3392,
                "2035": 3538.3392
            },
            {
                "Tech": "MINCOA",
                "Emi": "CO2",
                "MoId": 1,
                "2020": 24583.04,
                "2021": 23138.952,
                "2022": 23379.819,
                "2023": 23858.356,
                "2024": 24337.652,
                "2025": 25053.827,
                "2026": 22705.164,
                "2027": 22914.795,
                "2028": 23243.762,
                "2029": 18694.587,
                "2030": 19059.141,
                "2031": 19706.787,
                "2032": 20556.485,
                "2033": 21505.586,
                "2034": 22667.226,
                "2035": 23935.976
            },
            {
                "Tech": "LNDFOR",
                "Emi": "CO2",
                "MoId": 1,
                "2020": -3651.84,
                "2021": -3647.6245,
                "2022": -3643.3354,
                "2023": -3639.0851,
                "2024": -3634.6457,
                "2025": -3629.769,
                "2026": -3625.4952,
                "2027": -3621.0594,
                "2028": -3616.166,
                "2029": -3611.1318,
                "2030": -3606.2274,
                "2031": -3601.1849,
                "2032": -3596.2938,
                "2033": -3591.2676,
                "2034": -3586.2757,
                "2035": -3581.2537
            },
            {
                "Tech": "LNDMAIRNF",
                "Emi": "N2O",
                "MoId": 1,
                "2020": 0.817,
                "2021": 0.8374,
                "2022": 0.8582,
                "2023": 0.8782,
                "2024": 0.8985,
                "2025": 0.9249,
                "2026": 0.9447,
                "2027": 0.9647,
                "2028": 0.9909,
                "2029": 1.0167,
                "2030": 1.0427,
                "2031": 1.0684,
                "2032": 1.0938,
                "2033": 1.1187,
                "2034": 1.1432,
                "2035": 1.1679
            },
            {
                "Tech": "LNDMAIIRR",
                "Emi": "N2O",
                "MoId": 1,
                "2020": 0.1356,
                "2021": 0.1424,
                "2022": 0.1495,
                "2023": 0.157,
                "2024": 0.1648,
                "2025": 0.1731,
                "2026": 0.1817,
                "2027": 0.1908,
                "2028": 0.2003,
                "2029": 0.2104,
                "2030": 0.2209,
                "2031": 0.2319,
                "2032": 0.2435,
                "2033": 0.2557,
                "2034": 0.2685,
                "2035": 0.2819
            },
            {
                "Tech": "LNDRICRNF",
                "Emi": "CH4",
                "MoId": 1,
                "2020": 8.5231,
                "2021": 8.5264,
                "2022": 8.5155,
                "2023": 8.4996,
                "2024": 8.478,
                "2025": 8.4401,
                "2026": 8.3949,
                "2027": 8.3317,
                "2028": 8.2594,
                "2029": 8.1772,
                "2030": 8.074,
                "2031": 7.9589,
                "2032": 7.8306,
                "2033": 7.688,
                "2034": 7.5202,
                "2035": 7.3355
            },
            {
                "Tech": "LNDRICIRR",
                "Emi": "CH4",
                "MoId": 1,
                "2020": 4.4073,
                "2021": 4.6277,
                "2022": 4.859,
                "2023": 5.102,
                "2024": 5.3571,
                "2025": 5.625,
                "2026": 5.9062,
                "2027": 6.2015,
                "2028": 6.5116,
                "2029": 6.8372,
                "2030": 7.179,
                "2031": 7.538,
                "2032": 7.9149,
                "2033": 8.3106,
                "2034": 8.7262,
                "2035": 9.1625
            },
            {
                "Tech": "LNDRICRNF",
                "Emi": "CO2EQ",
                "MoId": 1,
                "2020": 230.8352,
                "2021": 230.9221,
                "2022": 230.627,
                "2023": 230.1973,
                "2024": 229.6129,
                "2025": 228.5864,
                "2026": 227.362,
                "2027": 225.6502,
                "2028": 223.6929,
                "2029": 221.4647,
                "2030": 218.6721,
                "2031": 215.5535,
                "2032": 212.0791,
                "2033": 208.2179,
                "2034": 203.6708,
                "2035": 198.6699
            },
            {
                "Tech": "LNDRICIRR",
                "Emi": "CO2EQ",
                "MoId": 1,
                "2020": 118.4661,
                "2021": 124.3894,
                "2022": 130.6089,
                "2023": 137.1393,
                "2024": 143.9963,
                "2025": 151.1961,
                "2026": 158.7559,
                "2027": 166.6937,
                "2028": 175.0284,
                "2029": 183.7798,
                "2030": 192.9688,
                "2031": 202.6172,
                "2032": 212.7481,
                "2033": 223.3855,
                "2034": 234.5548,
                "2035": 246.2825
            },
            {
                "Tech": "IMPDSL",
                "Emi": "CO2EQ",
                "MoId": 1,
                "2020": 234.0369,
                "2021": 191.6966,
                "2022": 192.7532,
                "2023": 196.9129,
                "2024": 200.8691,
                "2025": 205.8306,
                "2026": 210.483,
                "2027": 216.7629,
                "2028": 224.3932,
                "2029": 230.9923,
                "2030": 236.8022,
                "2031": 242.6224,
                "2032": 249.4128,
                "2033": 255.3187,
                "2034": 262.1538,
                "2035": 268.1759
            },
            {
                "Tech": "DEMTRABIO",
                "Emi": "CO2EQ",
                "MoId": 1,
                "2020": 86.2559,
                "2021": 88.8436,
                "2022": 91.4313,
                "2023": 94.019,
                "2024": 96.6066,
                "2025": 100.0569,
                "2026": 102.6446,
                "2027": 105.2322,
                "2028": 108.6825,
                "2029": 112.1327,
                "2030": 115.5829,
                "2031": 119.0332,
                "2032": 122.4834,
                "2033": 125.9336,
                "2034": 129.3839,
                "2035": 132.8341
            },
            {
                "Tech": "LNDMAIRNF",
                "Emi": "CO2EQ",
                "MoId": 1,
                "2020": 416.6682,
                "2021": 427.0926,
                "2022": 437.7001,
                "2023": 447.8848,
                "2024": 458.2404,
                "2025": 471.7153,
                "2026": 481.7934,
                "2027": 492.0223,
                "2028": 505.349,
                "2029": 518.5111,
                "2030": 531.8004,
                "2031": 544.9082,
                "2032": 557.8256,
                "2033": 570.5429,
                "2034": 583.0502,
                "2035": 595.637
            },
            {
                "Tech": "MINGAS",
                "Emi": "CO2EQ",
                "MoId": 1,
                "2020": 0.0,
                "2021": 0.0,
                "2022": 0.0,
                "2023": 0.0,
                "2024": 0.0,
                "2025": 0.0,
                "2026": 1380.1165,
                "2027": 1550.8815,
                "2028": 1525.9091,
                "2029": 3472.2657,
                "2030": 3544.6464,
                "2031": 3544.6464,
                "2032": 3544.6464,
                "2033": 3544.6464,
                "2034": 3544.6464,
                "2035": 3544.6464
            },
            {
                "Tech": "MINCOA",
                "Emi": "CO2EQ",
                "MoId": 1,
                "2020": 24685.363,
                "2021": 23235.264,
                "2022": 23477.134,
                "2023": 23957.663,
                "2024": 24438.953,
                "2025": 25158.109,
                "2026": 22799.67,
                "2027": 23010.174,
                "2028": 23340.51,
                "2029": 18772.4,
                "2030": 19138.471,
                "2031": 19788.813,
                "2032": 20642.048,
                "2033": 21595.099,
                "2034": 22761.575,
                "2035": 24035.605
            },
            {
                "Tech": "LNDMAIIRR",
                "Emi": "CO2EQ",
                "MoId": 1,
                "2020": 47.121,
                "2021": 49.477,
                "2022": 51.9509,
                "2023": 54.5484,
                "2024": 57.2759,
                "2025": 60.1397,
                "2026": 63.1466,
                "2027": 66.304,
                "2028": 69.6192,
                "2029": 73.1001,
                "2030": 76.7551,
                "2031": 80.5929,
                "2032": 84.6225,
                "2033": 88.8537,
                "2034": 93.2964,
                "2035": 97.9612
            },
            {
                "Tech": "LNDFOR",
                "Emi": "CO2EQ",
                "MoId": 1,
                "2020": -3651.84,
                "2021": -3647.6245,
                "2022": -3643.3354,
                "2023": -3639.0851,
                "2024": -3634.6457,
                "2025": -3629.769,
                "2026": -3625.4952,
                "2027": -3621.0594,
                "2028": -3616.166,
                "2029": -3611.1318,
                "2030": -3606.2274,
                "2031": -3601.1849,
                "2032": -3596.2938,
                "2033": -3591.2676,
                "2034": -3586.2757,
                "2035": -3581.2537
            }
        ]
    },
    "EBAC": {
        "REF": [
            {
                "Tech": "LNDFOR",
                "Emi": "CO2",
                "MoId": 1,
                "2020": 0.0,
                "2021": 15808.057,
                "2022": 16084.101,
                "2023": 15938.848,
                "2024": 16647.494,
                "2025": 18287.829,
                "2026": 16026.613,
                "2027": 16634.329,
                "2028": 18350.162,
                "2029": 18878.241,
                "2030": 18391.596,
                "2031": 18909.379,
                "2032": 18341.625,
                "2033": 18848.057,
                "2034": 18719.86,
                "2035": 18832.601
            },
            {
                "Tech": "LNDFOR",
                "Emi": "CO2EQ",
                "MoId": 1,
                "2020": 0.0,
                "2021": 15808.057,
                "2022": 16084.101,
                "2023": 15938.848,
                "2024": 16647.494,
                "2025": 18287.829,
                "2026": 16026.613,
                "2027": 16634.329,
                "2028": 18350.162,
                "2029": 18878.241,
                "2030": 18391.596,
                "2031": 18909.379,
                "2032": 18341.625,
                "2033": 18848.057,
                "2034": 18719.86,
                "2035": 18832.601
            }
        ],
        "RETRG": [
            {
                "Tech": "LNDFOR",
                "Emi": "CO2",
                "MoId": 1,
                "2020": 0.0,
                "2021": 15808.057,
                "2022": 16084.101,
                "2023": 15938.848,
                "2024": 16647.494,
                "2025": 18287.829,
                "2026": 16026.613,
                "2027": 16634.329,
                "2028": 18350.162,
                "2029": 18878.241,
                "2030": 18391.596,
                "2031": 18909.379,
                "2032": 18341.625,
                "2033": 18848.057,
                "2034": 18719.86,
                "2035": 18832.601
            },
            {
                "Tech": "LNDFOR",
                "Emi": "CO2EQ",
                "MoId": 1,
                "2020": 0.0,
                "2021": 15808.057,
                "2022": 16084.101,
                "2023": 15938.848,
                "2024": 16647.494,
                "2025": 18287.829,
                "2026": 16026.613,
                "2027": 16634.329,
                "2028": 18350.162,
                "2029": 18878.241,
                "2030": 18391.596,
                "2031": 18909.379,
                "2032": 18341.625,
                "2033": 18848.057,
                "2034": 18719.86,
                "2035": 18832.601
            }
        ],
        "CLMCHG": [
            {
                "Tech": "LNDFOR",
                "Emi": "CO2",
                "MoId": 1,
                "2020": 0.0,
                "2021": 18409.318,
                "2022": 17446.934,
                "2023": 17342.919,
                "2024": 19603.199,
                "2025": 19810.757,
                "2026": 17584.214,
                "2027": 67299.062,
                "2028": -29143.503,
                "2029": 70960.834,
                "2030": -28585.973,
                "2031": 20565.507,
                "2032": 19986.153,
                "2033": 71412.051,
                "2034": -30675.66,
                "2035": 20319.066
            },
            {
                "Tech": "LNDFOR",
                "Emi": "CO2EQ",
                "MoId": 1,
                "2020": 0.0,
                "2021": 18409.318,
                "2022": 17446.934,
                "2023": 17342.919,
                "2024": 19603.199,
                "2025": 19810.757,
                "2026": 17584.214,
                "2027": 67299.062,
                "2028": -29143.503,
                "2029": 70960.834,
                "2030": -28585.973,
                "2031": 20565.507,
                "2032": 19986.153,
                "2033": 71412.051,
                "2034": -30675.66,
                "2035": 20319.066
            }
        ],
        "CO2TAX": [
            {
                "Tech": "LNDFOR",
                "Emi": "CO2EQ",
                "MoId": 1,
                "2020": 0.0,
                "2021": 15808.057,
                "2022": 16084.101,
                "2023": 15938.848,
                "2024": 16647.494,
                "2025": 18287.829,
                "2026": 16026.613,
                "2027": 16634.329,
                "2028": 18350.162,
                "2029": 18878.241,
                "2030": 18391.596,
                "2031": 18909.379,
                "2032": 18341.625,
                "2033": 18848.057,
                "2034": 18719.86,
                "2035": 18832.601
            },
            {
                "Tech": "LNDFOR",
                "Emi": "CO2",
                "MoId": 1,
                "2020": 0.0,
                "2021": 15808.057,
                "2022": 16084.101,
                "2023": 15938.848,
                "2024": 16647.494,
                "2025": 18287.829,
                "2026": 16026.613,
                "2027": 16634.329,
                "2028": 18350.162,
                "2029": 18878.241,
                "2030": 18391.596,
                "2031": 18909.379,
                "2032": 18341.625,
                "2033": 18848.057,
                "2034": 18719.86,
                "2035": 18832.601
            }
        ]
    }
}