{
    "TATABM": {
        "REF": [
            {
                "Tech": "MINCOA",
                "MoId": 1,
                "2020": 377.4667,
                "2021": 384.4381,
                "2022": 395.8308,
                "2023": 391.6488,
                "2024": 387.4735,
                "2025": 383.6613,
                "2026": 317.5464,
                "2027": 318.7527,
                "2028": 319.7654,
                "2029": 321.7479,
                "2030": 324.3002,
                "2031": 327.367,
                "2032": 331.128,
                "2033": 331.128,
                "2034": 331.128,
                "2035": 331.128
            },
            {
                "Tech": "MINGAS",
                "MoId": 1,
                "2020": 18.2278,
                "2021": 18.2278,
                "2022": 18.2278,
                "2023": 18.2278,
                "2024": 18.2278,
                "2025": 18.2278,
                "2026": 34.9169,
                "2027": 35.5981,
                "2028": 35.5981,
                "2029": 35.5981,
                "2030": 35.5981,
                "2031": 35.5981,
                "2032": 36.0537,
                "2033": 40.2885,
                "2034": 45.3639,
                "2035": 50.876
            },
            {
                "Tech": "PWRCOA",
                "MoId": 1,
                "2020": 125.8222,
                "2021": 128.146,
                "2022": 131.9436,
                "2023": 130.5496,
                "2024": 129.1578,
                "2025": 127.8871,
                "2026": 105.8488,
                "2027": 106.2509,
                "2028": 106.5885,
                "2029": 107.2493,
                "2030": 108.1001,
                "2031": 109.1223,
                "2032": 110.376,
                "2033": 110.376,
                "2034": 110.376,
                "2035": 110.376
            },
            {
                "Tech": "PWRGAS",
                "MoId": 1,
                "2020": 9.1139,
                "2021": 9.1139,
                "2022": 9.1139,
                "2023": 9.1139,
                "2024": 9.1139,
                "2025": 9.1139,
                "2026": 17.4584,
                "2027": 17.799,
                "2028": 17.799,
                "2029": 17.799,
                "2030": 17.799,
                "2031": 17.799,
                "2032": 18.0269,
                "2033": 20.1443,
                "2034": 22.682,
                "2035": 25.438
            },
            {
                "Tech": "PWRTRN",
                "MoId": 1,
                "2020": 185.4473,
                "2021": 199.309,
                "2022": 214.6453,
                "2023": 224.7894,
                "2024": 234.9372,
                "2025": 245.2108,
                "2026": 243.0552,
                "2027": 255.3371,
                "2028": 267.2189,
                "2029": 279.4248,
                "2030": 291.8197,
                "2031": 304.3869,
                "2032": 317.4121,
                "2033": 331.0739,
                "2034": 345.1556,
                "2035": 359.4558
            },
            {
                "Tech": "RSCWND",
                "MoId": 1,
                "2020": 9.737,
                "2021": 21.24,
                "2022": 32.7431,
                "2023": 44.2462,
                "2024": 55.7493,
                "2025": 67.2523,
                "2026": 78.7554,
                "2027": 90.2585,
                "2028": 101.7615,
                "2029": 113.2646,
                "2030": 124.7677,
                "2031": 136.2708,
                "2032": 147.7738,
                "2033": 159.2769,
                "2034": 170.78,
                "2035": 182.283
            },
            {
                "Tech": "RSCSOL",
                "MoId": 1,
                "2020": 0.0,
                "2021": 0.0,
                "2022": 1.7645,
                "2023": 8.8653,
                "2024": 15.9833,
                "2025": 23.9947,
                "2026": 45.1789,
                "2027": 53.4925,
                "2028": 63.2049,
                "2029": 74.6126,
                "2030": 86.9278,
                "2031": 100.106,
                "2032": 114.9406,
                "2033": 130.2128,
                "2034": 147.1428,
                "2035": 164.9044
            },
            {
                "Tech": "RSCHYD",
                "MoId": 1,
                "2020": 101.9355,
                "2021": 102.0225,
                "2022": 102.1116,
                "2023": 102.1994,
                "2024": 102.2906,
                "2025": 102.3938,
                "2026": 102.4814,
                "2027": 102.5719,
                "2028": 102.6747,
                "2029": 102.7796,
                "2030": 102.8823,
                "2031": 102.9869,
                "2032": 103.0884,
                "2033": 103.1919,
                "2034": 103.2941,
                "2035": 103.3968
            },
            {
                "Tech": "PWRWND",
                "MoId": 1,
                "2020": 9.737,
                "2021": 21.24,
                "2022": 32.7431,
                "2023": 44.2462,
                "2024": 55.7493,
                "2025": 67.2523,
                "2026": 78.7554,
                "2027": 90.2585,
                "2028": 101.7615,
                "2029": 113.2646,
                "2030": 124.7677,
                "2031": 136.2708,
                "2032": 147.7738,
                "2033": 159.2769,
                "2034": 170.78,
                "2035": 182.283
            },
            {
                "Tech": "PWRSOL",
                "MoId": 1,
                "2020": 0.0,
                "2021": 0.0,
                "2022": 1.7645,
                "2023": 8.8653,
                "2024": 15.9833,
                "2025": 23.9947,
                "2026": 45.1789,
                "2027": 53.4925,
                "2028": 63.2049,
                "2029": 74.6126,
                "2030": 86.9278,
                "2031": 100.106,
                "2032": 114.9406,
                "2033": 130.2128,
                "2034": 147.1428,
                "2035": 164.9044
            },
            {
                "Tech": "PWRHYD",
                "MoId": 1,
                "2020": 40.7742,
                "2021": 40.809,
                "2022": 40.8446,
                "2023": 40.8798,
                "2024": 40.9162,
                "2025": 40.9575,
                "2026": 40.9926,
                "2027": 41.0288,
                "2028": 41.0699,
                "2029": 41.1119,
                "2030": 41.1529,
                "2031": 41.1948,
                "2032": 41.2354,
                "2033": 41.2767,
                "2034": 41.3176,
                "2035": 41.3587
            },
            {
                "Tech": "RSCLND",
                "MoId": 1,
                "2020": 299.9965,
                "2021": 300.0,
                "2022": 300.0,
                "2023": 300.0,
                "2024": 300.0,
                "2025": 300.0,
                "2026": 300.0,
                "2027": 300.0,
                "2028": 300.0,
                "2029": 300.0,
                "2030": 300.0,
                "2031": 300.0,
                "2032": 300.0,
                "2033": 300.0,
                "2034": 300.0,
                "2035": 300.0
            },
            {
                "Tech": "LNDMAIRNF",
                "MoId": 1,
                "2020": 4.085,
                "2021": 4.1872,
                "2022": 4.2912,
                "2023": 4.391,
                "2024": 4.4926,
                "2025": 4.6247,
                "2026": 4.7235,
                "2027": 4.8237,
                "2028": 4.9544,
                "2029": 5.0834,
                "2030": 5.2137,
                "2031": 5.3422,
                "2032": 5.4689,
                "2033": 5.5936,
                "2034": 5.7162,
                "2035": 5.8396
            },
            {
                "Tech": "LNDRICRNF",
                "MoId": 1,
                "2020": 1.4205,
                "2021": 1.4211,
                "2022": 1.4192,
                "2023": 1.4166,
                "2024": 1.413,
                "2025": 1.4067,
                "2026": 1.3992,
                "2027": 1.3886,
                "2028": 1.3766,
                "2029": 1.3629,
                "2030": 1.3457,
                "2031": 1.3265,
                "2032": 1.3051,
                "2033": 1.2813,
                "2034": 1.2534,
                "2035": 1.2226
            },
            {
                "Tech": "LNDMAIIRR",
                "MoId": 1,
                "2020": 0.339,
                "2021": 0.356,
                "2022": 0.3737,
                "2023": 0.3924,
                "2024": 0.4121,
                "2025": 0.4327,
                "2026": 0.4543,
                "2027": 0.477,
                "2028": 0.5009,
                "2029": 0.5259,
                "2030": 0.5522,
                "2031": 0.5798,
                "2032": 0.6088,
                "2033": 0.6392,
                "2034": 0.6712,
                "2035": 0.7048
            },
            {
                "Tech": "LNDRICIRR",
                "MoId": 1,
                "2020": 0.531,
                "2021": 0.5576,
                "2022": 0.5854,
                "2023": 0.6147,
                "2024": 0.6454,
                "2025": 0.6777,
                "2026": 0.7116,
                "2027": 0.7472,
                "2028": 0.7845,
                "2029": 0.8238,
                "2030": 0.8649,
                "2031": 0.9082,
                "2032": 0.9536,
                "2033": 1.0013,
                "2034": 1.0513,
                "2035": 1.1039
            },
            {
                "Tech": "LNDFOR",
                "MoId": 1,
                "2020": 253.6,
                "2021": 253.3073,
                "2022": 253.0094,
                "2023": 252.7142,
                "2024": 252.406,
                "2025": 252.0673,
                "2026": 251.7705,
                "2027": 251.4625,
                "2028": 251.1226,
                "2029": 250.773,
                "2030": 250.4325,
                "2031": 250.0823,
                "2032": 249.7426,
                "2033": 249.3936,
                "2034": 249.0469,
                "2035": 248.6982
            },
            {
                "Tech": "LNDBLT",
                "MoId": 1,
                "2020": 15.0,
                "2021": 15.15,
                "2022": 15.3,
                "2023": 15.45,
                "2024": 15.61,
                "2025": 15.77,
                "2026": 15.92,
                "2027": 16.08,
                "2028": 16.24,
                "2029": 16.41,
                "2030": 16.57,
                "2031": 16.74,
                "2032": 16.9,
                "2033": 17.07,
                "2034": 17.24,
                "2035": 17.41
            },
            {
                "Tech": "LNDWAT",
                "MoId": 1,
                "2020": 25.021,
                "2021": 25.021,
                "2022": 25.021,
                "2023": 25.021,
                "2024": 25.021,
                "2025": 25.021,
                "2026": 25.021,
                "2027": 25.021,
                "2028": 25.021,
                "2029": 25.021,
                "2030": 25.021,
                "2031": 25.021,
                "2032": 25.021,
                "2033": 25.021,
                "2034": 25.021,
                "2035": 25.021
            },
            {
                "Tech": "RSCPRC",
                "MoId": 1,
                "2020": 359.9958,
                "2021": 360.0,
                "2022": 360.0,
                "2023": 360.0,
                "2024": 360.0,
                "2025": 360.0,
                "2026": 360.0,
                "2027": 360.0,
                "2028": 360.0,
                "2029": 360.0,
                "2030": 360.0,
                "2031": 360.0,
                "2032": 360.0,
                "2033": 360.0,
                "2034": 360.0,
                "2035": 360.0
            },
            {
                "Tech": "UPSWTRSUR",
                "MoId": 1,
                "2020": 0.0,
                "2021": 0.0,
                "2022": 0.0,
                "2023": 0.0,
                "2024": 0.0,
                "2025": 0.0,
                "2026": 0.0,
                "2027": 0.0,
                "2028": 0.0,
                "2029": 0.0,
                "2030": 0.0,
                "2031": 0.0,
                "2032": 0.0,
                "2033": 0.0,
                "2034": 0.0,
                "2035": 0.0
            },
            {
                "Tech": "DEMPUBSURWAT",
                "MoId": 1,
                "2020": 0.7608,
                "2021": 0.885,
                "2022": 1.0116,
                "2023": 1.147,
                "2024": 1.2799,
                "2025": 1.4243,
                "2026": 1.5663,
                "2027": 1.7184,
                "2028": 1.8707,
                "2029": 2.0331,
                "2030": 2.1957,
                "2031": 2.3697,
                "2032": 2.5221,
                "2033": 2.6832,
                "2034": 2.8477,
                "2035": 3.0225
            },
            {
                "Tech": "DEMPUBGWTWAT",
                "MoId": 1,
                "2020": 0.4779,
                "2021": 0.4412,
                "2022": 0.4072,
                "2023": 0.3668,
                "2024": 0.3326,
                "2025": 0.2919,
                "2026": 0.2574,
                "2027": 0.2166,
                "2028": 0.1818,
                "2029": 0.1406,
                "2030": 0.1055,
                "2031": 0.064,
                "2032": 0.0491,
                "2033": 0.0318,
                "2034": 0.0173,
                "2035": 0.0
            },
            {
                "Tech": "DEMAGRSURWAT",
                "MoId": 1,
                "2020": 0.4866,
                "2021": 0.511,
                "2022": 0.5365,
                "2023": 0.5633,
                "2024": 0.5915,
                "2025": 0.6211,
                "2026": 0.6,
                "2027": 0.53,
                "2028": 0.489,
                "2029": 0.5549,
                "2030": 0.6227,
                "2031": 0.7023,
                "2032": 0.7739,
                "2033": 0.8476,
                "2034": 0.9335,
                "2035": 1.0117
            },
            {
                "Tech": "DEMAGRGWTWAT",
                "MoId": 1,
                "2020": 0.0,
                "2021": 0.0,
                "2022": 0.0,
                "2023": 0.0,
                "2024": 0.0,
                "2025": 0.0,
                "2026": 0.0521,
                "2027": 0.1548,
                "2028": 0.23,
                "2029": 0.2,
                "2030": 0.17,
                "2031": 0.13,
                "2032": 0.1,
                "2033": 0.07,
                "2034": 0.03,
                "2035": 0.0
            },
            {
                "Tech": "DEMPWRSURWAT",
                "MoId": 1,
                "2020": 0.1124,
                "2021": 0.1144,
                "2022": 0.1177,
                "2023": 0.1165,
                "2024": 0.1153,
                "2025": 0.1142,
                "2026": 0.097,
                "2027": 0.0974,
                "2028": 0.0977,
                "2029": 0.0983,
                "2030": 0.099,
                "2031": 0.0999,
                "2032": 0.1011,
                "2033": 0.1016,
                "2034": 0.1022,
                "2035": 0.1029
            },
            {
                "Tech": "IMPDSL",
                "MoId": 1,
                "2020": 2.3835,
                "2021": 2.4964,
                "2022": 2.579,
                "2023": 2.7223,
                "2024": 2.776,
                "2025": 2.8542,
                "2026": 3.408,
                "2027": 2.9796,
                "2028": 3.0571,
                "2029": 3.1515,
                "2030": 3.2333,
                "2031": 3.3149,
                "2032": 3.4106,
                "2033": 3.4861,
                "2034": 3.5824,
                "2035": 3.6661
            },
            {
                "Tech": "DEMTRABIO",
                "MoId": 1,
                "2020": 1.1848,
                "2021": 1.2204,
                "2022": 1.2559,
                "2023": 1.2915,
                "2024": 1.327,
                "2025": 1.3744,
                "2026": 1.41,
                "2027": 1.4455,
                "2028": 1.4929,
                "2029": 1.5403,
                "2030": 1.5877,
                "2031": 1.6351,
                "2032": 1.6825,
                "2033": 1.7299,
                "2034": 1.7773,
                "2035": 1.8246
            },
            {
                "Tech": "STGIN",
                "MoId": 1,
                "2020": 0.0,
                "2021": 5.0779,
                "2022": 11.5367,
                "2023": 11.5367,
                "2024": 11.5367,
                "2025": 11.5367,
                "2026": 11.5367,
                "2027": 12.7235,
                "2028": 14.2614,
                "2029": 15.9239,
                "2030": 18.5766,
                "2031": 21.4904,
                "2032": 24.6527,
                "2033": 27.7412,
                "2034": 31.1106,
                "2035": 34.6153
            },
            {
                "Tech": "STGOUT",
                "MoId": 1,
                "2020": 0.0,
                "2021": 5.0779,
                "2022": 11.5367,
                "2023": 11.5367,
                "2024": 11.5367,
                "2025": 11.5367,
                "2026": 11.5367,
                "2027": 12.7235,
                "2028": 14.2614,
                "2029": 15.9239,
                "2030": 18.5766,
                "2031": 21.4904,
                "2032": 24.6527,
                "2033": 27.7412,
                "2034": 31.1106,
                "2035": 34.6153
            }
        ],
        "RETRG": [
            {
                "Tech": "MINCOA",
                "MoId": 1,
                "2020": 369.6056,
                "2021": 371.1698,
                "2022": 386.3275,
                "2023": 396.8167,
                "2024": 395.4101,
                "2025": 373.2852,
                "2026": 307.1702,
                "2027": 307.684,
                "2028": 308.6967,
                "2029": 310.6792,
                "2030": 313.2042,
                "2031": 316.271,
                "2032": 320.3849,
                "2033": 324.3357,
                "2034": 308.4817,
                "2035": 295.2352
            },
            {
                "Tech": "MINGAS",
                "MoId": 1,
                "2020": 15.1607,
                "2021": 18.2278,
                "2022": 18.2278,
                "2023": 18.2278,
                "2024": 18.2278,
                "2025": 9.3851,
                "2026": 26.0742,
                "2027": 26.0742,
                "2028": 26.0742,
                "2029": 26.0742,
                "2030": 26.0742,
                "2031": 26.0742,
                "2032": 26.0742,
                "2033": 26.9536,
                "2034": 20.6513,
                "2035": 11.8183
            },
            {
                "Tech": "PWRCOA",
                "MoId": 1,
                "2020": 123.2019,
                "2021": 123.7233,
                "2022": 128.7758,
                "2023": 132.2723,
                "2024": 131.8034,
                "2025": 124.4284,
                "2026": 102.3901,
                "2027": 102.5613,
                "2028": 102.8989,
                "2029": 103.5597,
                "2030": 104.4014,
                "2031": 105.4237,
                "2032": 106.795,
                "2033": 108.1119,
                "2034": 102.8272,
                "2035": 98.4117
            },
            {
                "Tech": "PWRGAS",
                "MoId": 1,
                "2020": 7.5803,
                "2021": 9.1139,
                "2022": 9.1139,
                "2023": 9.1139,
                "2024": 9.1139,
                "2025": 4.6926,
                "2026": 13.0371,
                "2027": 13.0371,
                "2028": 13.0371,
                "2029": 13.0371,
                "2030": 13.0371,
                "2031": 13.0371,
                "2032": 13.0371,
                "2033": 13.4768,
                "2034": 10.3256,
                "2035": 5.9091
            },
            {
                "Tech": "PWRTRN",
                "MoId": 1,
                "2020": 183.0595,
                "2021": 196.6523,
                "2022": 213.2436,
                "2023": 228.2782,
                "2024": 239.3489,
                "2025": 239.0969,
                "2026": 236.9412,
                "2027": 248.6518,
                "2028": 260.5336,
                "2029": 272.7394,
                "2030": 285.1252,
                "2031": 297.6924,
                "2032": 310.6074,
                "2033": 323.9084,
                "2034": 327.0166,
                "2035": 329.7287
            },
            {
                "Tech": "RSCWND",
                "MoId": 1,
                "2020": 11.5031,
                "2021": 23.0061,
                "2022": 34.5092,
                "2023": 46.0123,
                "2024": 57.5154,
                "2025": 69.0184,
                "2026": 80.5215,
                "2027": 92.0246,
                "2028": 103.5276,
                "2029": 115.0307,
                "2030": 126.5338,
                "2031": 138.0369,
                "2032": 149.5399,
                "2033": 161.043,
                "2034": 172.5461,
                "2035": 184.0491
            },
            {
                "Tech": "RSCSOL",
                "MoId": 1,
                "2020": 2.1415,
                "2021": 2.1415,
                "2022": 2.8559,
                "2023": 5.8652,
                "2024": 12.2111,
                "2025": 29.6772,
                "2026": 50.8615,
                "2027": 59.7031,
                "2028": 69.4155,
                "2029": 80.8232,
                "2030": 93.1306,
                "2031": 106.3088,
                "2032": 121.2454,
                "2033": 136.8533,
                "2034": 163.6112,
                "2035": 191.8756
            },
            {
                "Tech": "RSCHYD",
                "MoId": 1,
                "2020": 101.9355,
                "2021": 102.0225,
                "2022": 102.1116,
                "2023": 102.1994,
                "2024": 102.2906,
                "2025": 102.3938,
                "2026": 102.4814,
                "2027": 102.5719,
                "2028": 102.6747,
                "2029": 102.7796,
                "2030": 102.8823,
                "2031": 102.9869,
                "2032": 103.0884,
                "2033": 103.1919,
                "2034": 103.2941,
                "2035": 103.3968
            },
            {
                "Tech": "PWRWND",
                "MoId": 1,
                "2020": 11.5031,
                "2021": 23.0061,
                "2022": 34.5092,
                "2023": 46.0123,
                "2024": 57.5154,
                "2025": 69.0184,
                "2026": 80.5215,
                "2027": 92.0246,
                "2028": 103.5276,
                "2029": 115.0307,
                "2030": 126.5338,
                "2031": 138.0369,
                "2032": 149.5399,
                "2033": 161.043,
                "2034": 172.5461,
                "2035": 184.0491
            },
            {
                "Tech": "PWRSOL",
                "MoId": 1,
                "2020": 2.1415,
                "2021": 2.1415,
                "2022": 2.8559,
                "2023": 5.8652,
                "2024": 12.2111,
                "2025": 29.6772,
                "2026": 50.8615,
                "2027": 59.7031,
                "2028": 69.4155,
                "2029": 80.8232,
                "2030": 93.1306,
                "2031": 106.3088,
                "2032": 121.2454,
                "2033": 136.8533,
                "2034": 163.6112,
                "2035": 191.8756
            },
            {
                "Tech": "PWRHYD",
                "MoId": 1,
                "2020": 40.7742,
                "2021": 40.809,
                "2022": 40.8446,
                "2023": 40.8798,
                "2024": 40.9162,
                "2025": 40.9575,
                "2026": 40.9926,
                "2027": 41.0288,
                "2028": 41.0699,
                "2029": 41.1119,
                "2030": 41.1529,
                "2031": 41.1948,
                "2032": 41.2354,
                "2033": 41.2767,
                "2034": 41.3176,
                "2035": 41.3587
            },
            {
                "Tech": "RSCLND",
                "MoId": 1,
                "2020": 299.9965,
                "2021": 300.0,
                "2022": 300.0,
                "2023": 300.0,
                "2024": 300.0,
                "2025": 300.0,
                "2026": 300.0,
                "2027": 300.0,
                "2028": 300.0,
                "2029": 300.0,
                "2030": 300.0,
                "2031": 300.0,
                "2032": 300.0,
                "2033": 300.0,
                "2034": 300.0,
                "2035": 300.0
            },
            {
                "Tech": "LNDMAIRNF",
                "MoId": 1,
                "2020": 4.085,
                "2021": 4.1872,
                "2022": 4.2912,
                "2023": 4.391,
                "2024": 4.4926,
                "2025": 4.6247,
                "2026": 4.7235,
                "2027": 4.8237,
                "2028": 4.9544,
                "2029": 5.0834,
                "2030": 5.2137,
                "2031": 5.3422,
                "2032": 5.4689,
                "2033": 5.5936,
                "2034": 5.7162,
                "2035": 5.8396
            },
            {
                "Tech": "LNDRICRNF",
                "MoId": 1,
                "2020": 1.4205,
                "2021": 1.4211,
                "2022": 1.4192,
                "2023": 1.4166,
                "2024": 1.413,
                "2025": 1.4067,
                "2026": 1.3992,
                "2027": 1.3886,
                "2028": 1.3766,
                "2029": 1.3629,
                "2030": 1.3457,
                "2031": 1.3265,
                "2032": 1.3051,
                "2033": 1.2813,
                "2034": 1.2534,
                "2035": 1.2226
            },
            {
                "Tech": "LNDMAIIRR",
                "MoId": 1,
                "2020": 0.339,
                "2021": 0.356,
                "2022": 0.3737,
                "2023": 0.3924,
                "2024": 0.4121,
                "2025": 0.4327,
                "2026": 0.4543,
                "2027": 0.477,
                "2028": 0.5009,
                "2029": 0.5259,
                "2030": 0.5522,
                "2031": 0.5798,
                "2032": 0.6088,
                "2033": 0.6392,
                "2034": 0.6712,
                "2035": 0.7048
            },
            {
                "Tech": "LNDRICIRR",
                "MoId": 1,
                "2020": 0.531,
                "2021": 0.5576,
                "2022": 0.5854,
                "2023": 0.6147,
                "2024": 0.6454,
                "2025": 0.6777,
                "2026": 0.7116,
                "2027": 0.7472,
                "2028": 0.7845,
                "2029": 0.8238,
                "2030": 0.8649,
                "2031": 0.9082,
                "2032": 0.9536,
                "2033": 1.0013,
                "2034": 1.0513,
                "2035": 1.1039
            },
            {
                "Tech": "LNDFOR",
                "MoId": 1,
                "2020": 253.6,
                "2021": 253.3073,
                "2022": 253.0094,
                "2023": 252.7142,
                "2024": 252.406,
                "2025": 252.0673,
                "2026": 251.7705,
                "2027": 251.4625,
                "2028": 251.1226,
                "2029": 250.773,
                "2030": 250.4325,
                "2031": 250.0823,
                "2032": 249.7426,
                "2033": 249.3936,
                "2034": 249.0469,
                "2035": 248.6982
            },
            {
                "Tech": "LNDBLT",
                "MoId": 1,
                "2020": 15.0,
                "2021": 15.15,
                "2022": 15.3,
                "2023": 15.45,
                "2024": 15.61,
                "2025": 15.77,
                "2026": 15.92,
                "2027": 16.08,
                "2028": 16.24,
                "2029": 16.41,
                "2030": 16.57,
                "2031": 16.74,
                "2032": 16.9,
                "2033": 17.07,
                "2034": 17.24,
                "2035": 17.41
            },
            {
                "Tech": "LNDWAT",
                "MoId": 1,
                "2020": 25.021,
                "2021": 25.021,
                "2022": 25.021,
                "2023": 25.021,
                "2024": 25.021,
                "2025": 25.021,
                "2026": 25.021,
                "2027": 25.021,
                "2028": 25.021,
                "2029": 25.021,
                "2030": 25.021,
                "2031": 25.021,
                "2032": 25.021,
                "2033": 25.021,
                "2034": 25.021,
                "2035": 25.021
            },
            {
                "Tech": "RSCPRC",
                "MoId": 1,
                "2020": 359.9958,
                "2021": 360.0,
                "2022": 360.0,
                "2023": 360.0,
                "2024": 360.0,
                "2025": 360.0,
                "2026": 360.0,
                "2027": 360.0,
                "2028": 360.0,
                "2029": 360.0,
                "2030": 360.0,
                "2031": 360.0,
                "2032": 360.0,
                "2033": 360.0,
                "2034": 360.0,
                "2035": 360.0
            },
            {
                "Tech": "UPSWTRSUR",
                "MoId": 1,
                "2020": 0.0,
                "2021": 0.0,
                "2022": 0.0,
                "2023": 0.0,
                "2024": 0.0,
                "2025": 0.0,
                "2026": 0.0,
                "2027": 0.0,
                "2028": 0.0,
                "2029": 0.0,
                "2030": 0.0,
                "2031": 0.0,
                "2032": 0.0,
                "2033": 0.0,
                "2034": 0.0,
                "2035": 0.0
            },
            {
                "Tech": "DEMPUBSURWAT",
                "MoId": 1,
                "2020": 0.7608,
                "2021": 0.885,
                "2022": 1.0116,
                "2023": 1.147,
                "2024": 1.2799,
                "2025": 1.4243,
                "2026": 1.5663,
                "2027": 1.7184,
                "2028": 1.8707,
                "2029": 2.0331,
                "2030": 2.1957,
                "2031": 2.3697,
                "2032": 2.5221,
                "2033": 2.6832,
                "2034": 2.8477,
                "2035": 3.0225
            },
            {
                "Tech": "DEMPUBGWTWAT",
                "MoId": 1,
                "2020": 0.4779,
                "2021": 0.4412,
                "2022": 0.4072,
                "2023": 0.3668,
                "2024": 0.3326,
                "2025": 0.2919,
                "2026": 0.2574,
                "2027": 0.2166,
                "2028": 0.1818,
                "2029": 0.1406,
                "2030": 0.1055,
                "2031": 0.064,
                "2032": 0.0491,
                "2033": 0.0318,
                "2034": 0.0173,
                "2035": 0.0
            },
            {
                "Tech": "DEMAGRSURWAT",
                "MoId": 1,
                "2020": 0.4866,
                "2021": 0.511,
                "2022": 0.5365,
                "2023": 0.5633,
                "2024": 0.5915,
                "2025": 0.6211,
                "2026": 0.6,
                "2027": 0.53,
                "2028": 0.489,
                "2029": 0.5549,
                "2030": 0.6227,
                "2031": 0.7023,
                "2032": 0.7739,
                "2033": 0.8476,
                "2034": 0.9335,
                "2035": 1.0117
            },
            {
                "Tech": "DEMAGRGWTWAT",
                "MoId": 1,
                "2020": 0.0,
                "2021": 0.0,
                "2022": 0.0,
                "2023": 0.0,
                "2024": 0.0,
                "2025": 0.0,
                "2026": 0.0521,
                "2027": 0.1548,
                "2028": 0.23,
                "2029": 0.2,
                "2030": 0.17,
                "2031": 0.13,
                "2032": 0.1,
                "2033": 0.07,
                "2034": 0.03,
                "2035": 0.0
            },
            {
                "Tech": "DEMPWRSURWAT",
                "MoId": 1,
                "2020": 0.1097,
                "2021": 0.1105,
                "2022": 0.115,
                "2023": 0.118,
                "2024": 0.1176,
                "2025": 0.11,
                "2026": 0.0929,
                "2027": 0.093,
                "2028": 0.0933,
                "2029": 0.0939,
                "2030": 0.0946,
                "2031": 0.0955,
                "2032": 0.0967,
                "2033": 0.098,
                "2034": 0.0926,
                "2035": 0.0876
            },
            {
                "Tech": "IMPDSL",
                "MoId": 1,
                "2020": 2.4815,
                "2021": 2.4964,
                "2022": 2.5611,
                "2023": 2.6524,
                "2024": 2.7629,
                "2025": 3.0158,
                "2026": 3.2625,
                "2027": 2.9774,
                "2028": 3.0571,
                "2029": 3.1515,
                "2030": 3.2332,
                "2031": 3.3149,
                "2032": 3.4124,
                "2033": 3.4918,
                "2034": 3.7504,
                "2035": 3.8456
            },
            {
                "Tech": "DEMTRABIO",
                "MoId": 1,
                "2020": 1.1848,
                "2021": 1.2204,
                "2022": 1.2559,
                "2023": 1.2915,
                "2024": 1.327,
                "2025": 1.3744,
                "2026": 1.41,
                "2027": 1.4455,
                "2028": 1.4929,
                "2029": 1.5403,
                "2030": 1.5877,
                "2031": 1.6351,
                "2032": 1.6825,
                "2033": 1.7299,
                "2034": 1.7773,
                "2035": 1.8246
            },
            {
                "Tech": "STGIN",
                "MoId": 1,
                "2020": 0.0,
                "2021": 0.3059,
                "2022": 8.2925,
                "2023": 14.2464,
                "2024": 15.3699,
                "2025": 15.3699,
                "2026": 15.3699,
                "2027": 16.8482,
                "2028": 18.3861,
                "2029": 20.0486,
                "2030": 22.3808,
                "2031": 25.2946,
                "2032": 28.5114,
                "2033": 31.7794,
                "2034": 34.5236,
                "2035": 39.8194
            },
            {
                "Tech": "STGOUT",
                "MoId": 1,
                "2020": 0.0,
                "2021": 0.3059,
                "2022": 8.2925,
                "2023": 14.2464,
                "2024": 15.3699,
                "2025": 15.3699,
                "2026": 15.3699,
                "2027": 16.8482,
                "2028": 18.3861,
                "2029": 20.0486,
                "2030": 22.3808,
                "2031": 25.2946,
                "2032": 28.5114,
                "2033": 31.7794,
                "2034": 34.5236,
                "2035": 39.8194
            }
        ],
        "CLMCHG": [
            {
                "Tech": "MINCOA",
                "MoId": 1,
                "2020": 377.6801,
                "2021": 384.9999,
                "2022": 396.9072,
                "2023": 392.6484,
                "2024": 387.8659,
                "2025": 383.9873,
                "2026": 317.9072,
                "2027": 318.749,
                "2028": 319.4814,
                "2029": 321.7986,
                "2030": 324.1091,
                "2031": 327.1837,
                "2032": 331.128,
                "2033": 331.128,
                "2034": 331.128,
                "2035": 331.128
            },
            {
                "Tech": "MINGAS",
                "MoId": 1,
                "2020": 18.2278,
                "2021": 18.2278,
                "2022": 18.2278,
                "2023": 18.2278,
                "2024": 18.2278,
                "2025": 18.2278,
                "2026": 34.9133,
                "2027": 34.9133,
                "2028": 34.9133,
                "2029": 34.9133,
                "2030": 34.9133,
                "2031": 34.9133,
                "2032": 35.032,
                "2033": 39.4582,
                "2034": 44.3423,
                "2035": 49.862
            },
            {
                "Tech": "PWRCOA",
                "MoId": 1,
                "2020": 125.8934,
                "2021": 128.3333,
                "2022": 132.3024,
                "2023": 130.8828,
                "2024": 129.2886,
                "2025": 127.9958,
                "2026": 105.9691,
                "2027": 106.2496,
                "2028": 106.4938,
                "2029": 107.2662,
                "2030": 108.0364,
                "2031": 109.0612,
                "2032": 110.376,
                "2033": 110.376,
                "2034": 110.376,
                "2035": 110.376
            },
            {
                "Tech": "PWRGAS",
                "MoId": 1,
                "2020": 9.1139,
                "2021": 9.1139,
                "2022": 9.1139,
                "2023": 9.1139,
                "2024": 9.1139,
                "2025": 9.1139,
                "2026": 17.4567,
                "2027": 17.4567,
                "2028": 17.4567,
                "2029": 17.4567,
                "2030": 17.4567,
                "2031": 17.4567,
                "2032": 17.516,
                "2033": 19.7291,
                "2034": 22.1711,
                "2035": 24.931
            },
            {
                "Tech": "PWRTRN",
                "MoId": 1,
                "2020": 185.4475,
                "2021": 199.3435,
                "2022": 214.2972,
                "2023": 224.3285,
                "2024": 233.7207,
                "2025": 243.8849,
                "2026": 241.7417,
                "2027": 253.1092,
                "2028": 264.704,
                "2029": 276.5687,
                "2030": 288.758,
                "2031": 301.3339,
                "2032": 314.2582,
                "2033": 328.0716,
                "2034": 341.941,
                "2035": 356.2512
            },
            {
                "Tech": "RSCWND",
                "MoId": 1,
                "2020": 9.5902,
                "2021": 21.0932,
                "2022": 32.5963,
                "2023": 44.0994,
                "2024": 55.6025,
                "2025": 67.1055,
                "2026": 78.6086,
                "2027": 90.1117,
                "2028": 101.6147,
                "2029": 113.1178,
                "2030": 124.6209,
                "2031": 136.124,
                "2032": 147.627,
                "2033": 159.1301,
                "2034": 170.6332,
                "2035": 182.1362
            },
            {
                "Tech": "RSCSOL",
                "MoId": 1,
                "2020": 0.0,
                "2021": 0.0,
                "2022": 2.1451,
                "2023": 9.3741,
                "2024": 17.1876,
                "2025": 25.3457,
                "2026": 46.5545,
                "2027": 55.7277,
                "2028": 65.7193,
                "2029": 77.4692,
                "2030": 90.0029,
                "2031": 103.1854,
                "2032": 118.1263,
                "2033": 133.2714,
                "2034": 150.4339,
                "2035": 168.2022
            },
            {
                "Tech": "RSCHYD",
                "MoId": 1,
                "2020": 102.1252,
                "2021": 102.0076,
                "2022": 100.7115,
                "2023": 100.5809,
                "2024": 99.2893,
                "2025": 99.1743,
                "2026": 99.2683,
                "2027": 98.228,
                "2028": 97.8469,
                "2029": 96.82,
                "2030": 96.6103,
                "2031": 96.7301,
                "2032": 96.848,
                "2033": 97.0909,
                "2034": 96.9016,
                "2035": 97.02
            },
            {
                "Tech": "PWRWND",
                "MoId": 1,
                "2020": 9.5902,
                "2021": 21.0932,
                "2022": 32.5963,
                "2023": 44.0994,
                "2024": 55.6025,
                "2025": 67.1055,
                "2026": 78.6086,
                "2027": 90.1117,
                "2028": 101.6147,
                "2029": 113.1178,
                "2030": 124.6209,
                "2031": 136.124,
                "2032": 147.627,
                "2033": 159.1301,
                "2034": 170.6332,
                "2035": 182.1362
            },
            {
                "Tech": "PWRSOL",
                "MoId": 1,
                "2020": 0.0,
                "2021": 0.0,
                "2022": 2.1451,
                "2023": 9.3741,
                "2024": 17.1876,
                "2025": 25.3457,
                "2026": 46.5545,
                "2027": 55.7277,
                "2028": 65.7193,
                "2029": 77.4692,
                "2030": 90.0029,
                "2031": 103.1854,
                "2032": 118.1263,
                "2033": 133.2714,
                "2034": 150.4339,
                "2035": 168.2022
            },
            {
                "Tech": "PWRHYD",
                "MoId": 1,
                "2020": 40.8501,
                "2021": 40.803,
                "2022": 40.2846,
                "2023": 40.2324,
                "2024": 39.7157,
                "2025": 39.6697,
                "2026": 39.7073,
                "2027": 39.2912,
                "2028": 39.1388,
                "2029": 38.728,
                "2030": 38.6441,
                "2031": 38.692,
                "2032": 38.7392,
                "2033": 38.8364,
                "2034": 38.7606,
                "2035": 38.808
            },
            {
                "Tech": "RSCLND",
                "MoId": 1,
                "2020": 299.9965,
                "2021": 300.0,
                "2022": 300.0,
                "2023": 300.0,
                "2024": 300.0,
                "2025": 300.0,
                "2026": 300.0,
                "2027": 299.0909,
                "2028": 300.0,
                "2029": 299.0654,
                "2030": 300.0,
                "2031": 300.0,
                "2032": 300.0,
                "2033": 299.0566,
                "2034": 300.0,
                "2035": 300.0
            },
            {
                "Tech": "LNDMAIRNF",
                "MoId": 1,
                "2020": 4.085,
                "2021": 4.1872,
                "2022": 4.2912,
                "2023": 4.391,
                "2024": 4.4926,
                "2025": 4.6247,
                "2026": 4.7235,
                "2027": 4.8237,
                "2028": 4.9544,
                "2029": 5.0834,
                "2030": 5.2137,
                "2031": 5.3422,
                "2032": 5.4689,
                "2033": 5.5936,
                "2034": 5.7162,
                "2035": 5.8396
            },
            {
                "Tech": "LNDRICRNF",
                "MoId": 1,
                "2020": 1.4205,
                "2021": 1.4692,
                "2022": 1.4927,
                "2023": 1.516,
                "2024": 1.5671,
                "2025": 1.589,
                "2026": 1.6103,
                "2027": 1.629,
                "2028": 1.6465,
                "2029": 1.6627,
                "2030": 1.7101,
                "2031": 1.7216,
                "2032": 1.7307,
                "2033": 1.7369,
                "2034": 1.7376,
                "2035": 1.7344
            },
            {
                "Tech": "LNDMAIIRR",
                "MoId": 1,
                "2020": 0.339,
                "2021": 0.356,
                "2022": 0.3737,
                "2023": 0.3924,
                "2024": 0.4121,
                "2025": 0.4327,
                "2026": 0.4543,
                "2027": 0.477,
                "2028": 0.5009,
                "2029": 0.5259,
                "2030": 0.5522,
                "2031": 0.5798,
                "2032": 0.6088,
                "2033": 0.6392,
                "2034": 0.6712,
                "2035": 0.7048
            },
            {
                "Tech": "LNDRICIRR",
                "MoId": 1,
                "2020": 0.531,
                "2021": 0.5576,
                "2022": 0.5854,
                "2023": 0.6147,
                "2024": 0.6454,
                "2025": 0.6777,
                "2026": 0.7116,
                "2027": 0.7472,
                "2028": 0.7845,
                "2029": 0.8238,
                "2030": 0.8649,
                "2031": 0.9082,
                "2032": 0.9536,
                "2033": 1.0013,
                "2034": 1.0513,
                "2035": 1.1039
            },
            {
                "Tech": "LNDFOR",
                "MoId": 1,
                "2020": 253.6,
                "2021": 253.2591,
                "2022": 252.936,
                "2023": 252.6148,
                "2024": 252.2518,
                "2025": 251.8849,
                "2026": 251.5593,
                "2027": 250.313,
                "2028": 250.8527,
                "2029": 249.5386,
                "2030": 250.068,
                "2031": 249.6872,
                "2032": 249.317,
                "2033": 247.9946,
                "2034": 248.5627,
                "2035": 248.1864
            },
            {
                "Tech": "LNDBLT",
                "MoId": 1,
                "2020": 15.0,
                "2021": 15.15,
                "2022": 15.3,
                "2023": 15.45,
                "2024": 15.61,
                "2025": 15.77,
                "2026": 15.92,
                "2027": 16.08,
                "2028": 16.24,
                "2029": 16.41,
                "2030": 16.57,
                "2031": 16.74,
                "2032": 16.9,
                "2033": 17.07,
                "2034": 17.24,
                "2035": 17.41
            },
            {
                "Tech": "LNDWAT",
                "MoId": 1,
                "2020": 25.021,
                "2021": 25.021,
                "2022": 25.021,
                "2023": 25.021,
                "2024": 25.021,
                "2025": 25.021,
                "2026": 25.021,
                "2027": 25.021,
                "2028": 25.021,
                "2029": 25.021,
                "2030": 25.021,
                "2031": 25.021,
                "2032": 25.021,
                "2033": 25.021,
                "2034": 25.021,
                "2035": 25.021
            },
            {
                "Tech": "RSCPRC",
                "MoId": 1,
                "2020": 359.9958,
                "2021": 354.0,
                "2022": 351.0,
                "2023": 345.0,
                "2024": 342.0,
                "2025": 336.0,
                "2026": 333.0,
                "2027": 329.0,
                "2028": 324.0,
                "2029": 320.0,
                "2030": 318.0,
                "2031": 318.0,
                "2032": 318.0,
                "2033": 317.0,
                "2034": 315.0,
                "2035": 315.0
            },
            {
                "Tech": "UPSWTRSUR",
                "MoId": 1,
                "2020": 0.0,
                "2021": 0.0,
                "2022": 0.0,
                "2023": 0.0,
                "2024": 0.0,
                "2025": 0.0,
                "2026": 0.0,
                "2027": 0.0,
                "2028": 0.0,
                "2029": 0.0,
                "2030": 0.0,
                "2031": 0.0,
                "2032": 0.0,
                "2033": 0.0,
                "2034": 0.0,
                "2035": 0.0
            },
            {
                "Tech": "DEMPUBSURWAT",
                "MoId": 1,
                "2020": 0.7608,
                "2021": 0.885,
                "2022": 1.0116,
                "2023": 1.147,
                "2024": 1.2799,
                "2025": 1.4243,
                "2026": 1.5663,
                "2027": 1.7184,
                "2028": 1.8707,
                "2029": 2.0331,
                "2030": 2.1957,
                "2031": 2.3697,
                "2032": 2.5221,
                "2033": 2.6832,
                "2034": 2.8477,
                "2035": 3.0225
            },
            {
                "Tech": "DEMPUBGWTWAT",
                "MoId": 1,
                "2020": 0.4779,
                "2021": 0.4412,
                "2022": 0.4072,
                "2023": 0.3668,
                "2024": 0.3326,
                "2025": 0.2919,
                "2026": 0.2574,
                "2027": 0.2166,
                "2028": 0.1818,
                "2029": 0.1406,
                "2030": 0.1055,
                "2031": 0.064,
                "2032": 0.0491,
                "2033": 0.0318,
                "2034": 0.0173,
                "2035": 0.0
            },
            {
                "Tech": "DEMAGRSURWAT",
                "MoId": 1,
                "2020": 0.4866,
                "2021": 0.5371,
                "2022": 0.5776,
                "2023": 0.6353,
                "2024": 0.6822,
                "2025": 0.67,
                "2026": 0.6,
                "2027": 0.5896,
                "2028": 0.7093,
                "2029": 0.8056,
                "2030": 0.9061,
                "2031": 0.9999,
                "2032": 1.0864,
                "2033": 1.1757,
                "2034": 1.3026,
                "2035": 1.3993
            },
            {
                "Tech": "DEMAGRGWTWAT",
                "MoId": 1,
                "2020": 0.0,
                "2021": 0.0,
                "2022": 0.0,
                "2023": 0.0,
                "2024": 0.0,
                "2025": 0.078,
                "2026": 0.202,
                "2027": 0.27,
                "2028": 0.23,
                "2029": 0.2,
                "2030": 0.17,
                "2031": 0.13,
                "2032": 0.1,
                "2033": 0.07,
                "2034": 0.03,
                "2035": 0.0
            },
            {
                "Tech": "DEMPWRSURWAT",
                "MoId": 1,
                "2020": 0.1124,
                "2021": 0.1146,
                "2022": 0.118,
                "2023": 0.1168,
                "2024": 0.1154,
                "2025": 0.1143,
                "2026": 0.0971,
                "2027": 0.0973,
                "2028": 0.0975,
                "2029": 0.0982,
                "2030": 0.0989,
                "2031": 0.0998,
                "2032": 0.101,
                "2033": 0.1015,
                "2034": 0.1021,
                "2035": 0.1028
            },
            {
                "Tech": "IMPDSL",
                "MoId": 1,
                "2020": 2.3784,
                "2021": 2.5106,
                "2022": 2.6071,
                "2023": 2.7537,
                "2024": 2.8333,
                "2025": 2.9103,
                "2026": 3.4705,
                "2027": 3.0537,
                "2028": 3.1413,
                "2029": 3.2455,
                "2030": 3.3442,
                "2031": 3.4312,
                "2032": 3.5376,
                "2033": 3.6178,
                "2034": 3.7288,
                "2035": 3.8166
            },
            {
                "Tech": "DEMTRABIO",
                "MoId": 1,
                "2020": 1.1848,
                "2021": 1.2204,
                "2022": 1.2559,
                "2023": 1.2915,
                "2024": 1.327,
                "2025": 1.3744,
                "2026": 1.41,
                "2027": 1.4455,
                "2028": 1.4929,
                "2029": 1.5403,
                "2030": 1.5877,
                "2031": 1.6351,
                "2032": 1.6825,
                "2033": 1.7299,
                "2034": 1.7773,
                "2035": 1.8246
            },
            {
                "Tech": "STGIN",
                "MoId": 1,
                "2020": 0.0,
                "2021": 5.2406,
                "2022": 12.1601,
                "2023": 12.1601,
                "2024": 12.1601,
                "2025": 12.1601,
                "2026": 12.1601,
                "2027": 13.8148,
                "2028": 15.5001,
                "2029": 17.339,
                "2030": 20.1021,
                "2031": 23.0143,
                "2032": 26.2292,
                "2033": 29.2345,
                "2034": 32.728,
                "2035": 36.2311
            },
            {
                "Tech": "STGOUT",
                "MoId": 1,
                "2020": 0.0,
                "2021": 5.2406,
                "2022": 12.1601,
                "2023": 12.1601,
                "2024": 12.1601,
                "2025": 12.1601,
                "2026": 12.1601,
                "2027": 13.8148,
                "2028": 15.5001,
                "2029": 17.339,
                "2030": 20.1021,
                "2031": 23.0143,
                "2032": 26.2292,
                "2033": 29.2345,
                "2034": 32.728,
                "2035": 36.2311
            }
        ],
        "CO2TAX": [
            {
                "Tech": "MINCOA",
                "MoId": 1,
                "2020": 255.8069,
                "2021": 240.7799,
                "2022": 243.2864,
                "2023": 248.2659,
                "2024": 253.2534,
                "2025": 260.7058,
                "2026": 236.266,
                "2027": 238.4474,
                "2028": 241.8706,
                "2029": 194.5326,
                "2030": 198.3261,
                "2031": 205.0654,
                "2032": 213.9072,
                "2033": 223.7834,
                "2034": 235.8712,
                "2035": 249.0736
            },
            {
                "Tech": "MINGAS",
                "MoId": 1,
                "2020": 0.0,
                "2021": 0.0,
                "2022": 0.0,
                "2023": 0.0,
                "2024": 0.0,
                "2025": 0.0,
                "2026": 24.5572,
                "2027": 27.5958,
                "2028": 27.1514,
                "2029": 61.7841,
                "2030": 63.072,
                "2031": 63.072,
                "2032": 63.072,
                "2033": 63.072,
                "2034": 63.072,
                "2035": 63.072
            },
            {
                "Tech": "PWRCOA",
                "MoId": 1,
                "2020": 85.269,
                "2021": 80.26,
                "2022": 81.0955,
                "2023": 82.7553,
                "2024": 84.4178,
                "2025": 86.9019,
                "2026": 78.7553,
                "2027": 79.4825,
                "2028": 80.6235,
                "2029": 64.8442,
                "2030": 66.1087,
                "2031": 68.3551,
                "2032": 71.3024,
                "2033": 74.5945,
                "2034": 78.6237,
                "2035": 83.0245
            },
            {
                "Tech": "PWRGAS",
                "MoId": 1,
                "2020": 0.0,
                "2021": 0.0,
                "2022": 0.0,
                "2023": 0.0,
                "2024": 0.0,
                "2025": 0.0,
                "2026": 12.2786,
                "2027": 13.7979,
                "2028": 13.5757,
                "2029": 30.892,
                "2030": 31.536,
                "2031": 31.536,
                "2032": 31.536,
                "2033": 31.536,
                "2034": 31.536,
                "2035": 31.536
            },
            {
                "Tech": "PWRTRN",
                "MoId": 1,
                "2020": 137.5462,
                "2021": 144.0751,
                "2022": 156.4493,
                "2023": 169.6474,
                "2024": 182.8494,
                "2025": 196.8779,
                "2026": 212.548,
                "2027": 226.3337,
                "2028": 238.7968,
                "2029": 251.8788,
                "2030": 265.3314,
                "2031": 279.1228,
                "2032": 293.6137,
                "2033": 308.4502,
                "2034": 324.0235,
                "2035": 339.9684
            },
            {
                "Tech": "RSCWND",
                "MoId": 1,
                "2020": 11.5031,
                "2021": 23.0061,
                "2022": 34.5092,
                "2023": 46.0123,
                "2024": 57.5154,
                "2025": 69.0184,
                "2026": 80.5215,
                "2027": 92.0246,
                "2028": 103.5276,
                "2029": 115.0307,
                "2030": 126.5338,
                "2031": 138.0369,
                "2032": 149.5399,
                "2033": 161.043,
                "2034": 172.5461,
                "2035": 184.0491
            },
            {
                "Tech": "RSCSOL",
                "MoId": 1,
                "2020": 43.0045,
                "2021": 49.332,
                "2022": 53.4321,
                "2023": 57.792,
                "2024": 62.1687,
                "2025": 66.81,
                "2026": 71.9881,
                "2027": 78.9435,
                "2028": 88.1699,
                "2029": 98.8161,
                "2030": 110.2006,
                "2031": 122.3003,
                "2032": 135.8545,
                "2033": 150.1282,
                "2034": 165.856,
                "2035": 182.3088
            },
            {
                "Tech": "RSCHYD",
                "MoId": 1,
                "2020": 101.9355,
                "2021": 102.0225,
                "2022": 102.1116,
                "2023": 102.1994,
                "2024": 102.2906,
                "2025": 102.3938,
                "2026": 102.4814,
                "2027": 102.5719,
                "2028": 102.6747,
                "2029": 102.7796,
                "2030": 102.8823,
                "2031": 102.9869,
                "2032": 103.0884,
                "2033": 103.1919,
                "2034": 103.2941,
                "2035": 103.3968
            },
            {
                "Tech": "PWRWND",
                "MoId": 1,
                "2020": 11.5031,
                "2021": 23.0061,
                "2022": 34.5092,
                "2023": 46.0123,
                "2024": 57.5154,
                "2025": 69.0184,
                "2026": 80.5215,
                "2027": 92.0246,
                "2028": 103.5276,
                "2029": 115.0307,
                "2030": 126.5338,
                "2031": 138.0369,
                "2032": 149.5399,
                "2033": 161.043,
                "2034": 172.5461,
                "2035": 184.0491
            },
            {
                "Tech": "PWRSOL",
                "MoId": 1,
                "2020": 43.0045,
                "2021": 49.332,
                "2022": 53.4321,
                "2023": 57.792,
                "2024": 62.1687,
                "2025": 66.81,
                "2026": 71.9881,
                "2027": 78.9435,
                "2028": 88.1699,
                "2029": 98.8161,
                "2030": 110.2006,
                "2031": 122.3003,
                "2032": 135.8545,
                "2033": 150.1282,
                "2034": 165.856,
                "2035": 182.3088
            },
            {
                "Tech": "PWRHYD",
                "MoId": 1,
                "2020": 40.7742,
                "2021": 40.809,
                "2022": 40.8446,
                "2023": 40.8798,
                "2024": 40.9162,
                "2025": 40.9575,
                "2026": 40.9926,
                "2027": 41.0288,
                "2028": 41.0699,
                "2029": 41.1119,
                "2030": 41.1529,
                "2031": 41.1948,
                "2032": 41.2354,
                "2033": 41.2767,
                "2034": 41.3176,
                "2035": 41.3587
            },
            {
                "Tech": "RSCLND",
                "MoId": 1,
                "2020": 299.9965,
                "2021": 300.0,
                "2022": 300.0,
                "2023": 300.0,
                "2024": 300.0,
                "2025": 300.0,
                "2026": 300.0,
                "2027": 300.0,
                "2028": 300.0,
                "2029": 300.0,
                "2030": 300.0,
                "2031": 300.0,
                "2032": 300.0,
                "2033": 300.0,
                "2034": 300.0,
                "2035": 300.0
            },
            {
                "Tech": "LNDMAIRNF",
                "MoId": 1,
                "2020": 4.085,
                "2021": 4.1872,
                "2022": 4.2912,
                "2023": 4.391,
                "2024": 4.4926,
                "2025": 4.6247,
                "2026": 4.7235,
                "2027": 4.8237,
                "2028": 4.9544,
                "2029": 5.0834,
                "2030": 5.2137,
                "2031": 5.3422,
                "2032": 5.4689,
                "2033": 5.5936,
                "2034": 5.7162,
                "2035": 5.8396
            },
            {
                "Tech": "LNDRICRNF",
                "MoId": 1,
                "2020": 1.4205,
                "2021": 1.4211,
                "2022": 1.4192,
                "2023": 1.4166,
                "2024": 1.413,
                "2025": 1.4067,
                "2026": 1.3992,
                "2027": 1.3886,
                "2028": 1.3766,
                "2029": 1.3629,
                "2030": 1.3457,
                "2031": 1.3265,
                "2032": 1.3051,
                "2033": 1.2813,
                "2034": 1.2534,
                "2035": 1.2226
            },
            {
                "Tech": "LNDMAIIRR",
                "MoId": 1,
                "2020": 0.339,
                "2021": 0.356,
                "2022": 0.3737,
                "2023": 0.3924,
                "2024": 0.4121,
                "2025": 0.4327,
                "2026": 0.4543,
                "2027": 0.477,
                "2028": 0.5009,
                "2029": 0.5259,
                "2030": 0.5522,
                "2031": 0.5798,
                "2032": 0.6088,
                "2033": 0.6392,
                "2034": 0.6712,
                "2035": 0.7048
            },
            {
                "Tech": "LNDRICIRR",
                "MoId": 1,
                "2020": 0.531,
                "2021": 0.5576,
                "2022": 0.5854,
                "2023": 0.6147,
                "2024": 0.6454,
                "2025": 0.6777,
                "2026": 0.7116,
                "2027": 0.7472,
                "2028": 0.7845,
                "2029": 0.8238,
                "2030": 0.8649,
                "2031": 0.9082,
                "2032": 0.9536,
                "2033": 1.0013,
                "2034": 1.0513,
                "2035": 1.1039
            },
            {
                "Tech": "LNDFOR",
                "MoId": 1,
                "2020": 253.6,
                "2021": 253.3073,
                "2022": 253.0094,
                "2023": 252.7142,
                "2024": 252.406,
                "2025": 252.0673,
                "2026": 251.7705,
                "2027": 251.4625,
                "2028": 251.1226,
                "2029": 250.773,
                "2030": 250.4325,
                "2031": 250.0823,
                "2032": 249.7426,
                "2033": 249.3936,
                "2034": 249.0469,
                "2035": 248.6982
            },
            {
                "Tech": "LNDBLT",
                "MoId": 1,
                "2020": 15.0,
                "2021": 15.15,
                "2022": 15.3,
                "2023": 15.45,
                "2024": 15.61,
                "2025": 15.77,
                "2026": 15.92,
                "2027": 16.08,
                "2028": 16.24,
                "2029": 16.41,
                "2030": 16.57,
                "2031": 16.74,
                "2032": 16.9,
                "2033": 17.07,
                "2034": 17.24,
                "2035": 17.41
            },
            {
                "Tech": "LNDWAT",
                "MoId": 1,
                "2020": 25.021,
                "2021": 25.021,
                "2022": 25.021,
                "2023": 25.021,
                "2024": 25.021,
                "2025": 25.021,
                "2026": 25.021,
                "2027": 25.021,
                "2028": 25.021,
                "2029": 25.021,
                "2030": 25.021,
                "2031": 25.021,
                "2032": 25.021,
                "2033": 25.021,
                "2034": 25.021,
                "2035": 25.021
            },
            {
                "Tech": "RSCPRC",
                "MoId": 1,
                "2020": 359.9958,
                "2021": 360.0,
                "2022": 360.0,
                "2023": 360.0,
                "2024": 360.0,
                "2025": 360.0,
                "2026": 360.0,
                "2027": 360.0,
                "2028": 360.0,
                "2029": 360.0,
                "2030": 360.0,
                "2031": 360.0,
                "2032": 360.0,
                "2033": 360.0,
                "2034": 360.0,
                "2035": 360.0
            },
            {
                "Tech": "UPSWTRSUR",
                "MoId": 1,
                "2020": 0.0,
                "2021": 0.0,
                "2022": 0.0,
                "2023": 0.0,
                "2024": 0.0,
                "2025": 0.0,
                "2026": 0.0,
                "2027": 0.0,
                "2028": 0.0,
                "2029": 0.0,
                "2030": 0.0,
                "2031": 0.0,
                "2032": 0.0,
                "2033": 0.0,
                "2034": 0.0,
                "2035": 0.0
            },
            {
                "Tech": "DEMPUBSURWAT",
                "MoId": 1,
                "2020": 0.7608,
                "2021": 0.885,
                "2022": 1.0116,
                "2023": 1.147,
                "2024": 1.2799,
                "2025": 1.4243,
                "2026": 1.5663,
                "2027": 1.7184,
                "2028": 1.8707,
                "2029": 2.0331,
                "2030": 2.1957,
                "2031": 2.3697,
                "2032": 2.5221,
                "2033": 2.6832,
                "2034": 2.8477,
                "2035": 3.0225
            },
            {
                "Tech": "DEMPUBGWTWAT",
                "MoId": 1,
                "2020": 0.4779,
                "2021": 0.4412,
                "2022": 0.4072,
                "2023": 0.3668,
                "2024": 0.3326,
                "2025": 0.2919,
                "2026": 0.2574,
                "2027": 0.2166,
                "2028": 0.1818,
                "2029": 0.1406,
                "2030": 0.1055,
                "2031": 0.064,
                "2032": 0.0491,
                "2033": 0.0318,
                "2034": 0.0173,
                "2035": 0.0
            },
            {
                "Tech": "DEMAGRSURWAT",
                "MoId": 1,
                "2020": 0.4866,
                "2021": 0.511,
                "2022": 0.5365,
                "2023": 0.5633,
                "2024": 0.5915,
                "2025": 0.6211,
                "2026": 0.6,
                "2027": 0.53,
                "2028": 0.489,
                "2029": 0.5549,
                "2030": 0.6227,
                "2031": 0.7023,
                "2032": 0.7739,
                "2033": 0.8476,
                "2034": 0.9335,
                "2035": 1.0117
            },
            {
                "Tech": "DEMAGRGWTWAT",
                "MoId": 1,
                "2020": 0.0,
                "2021": 0.0,
                "2022": 0.0,
                "2023": 0.0,
                "2024": 0.0,
                "2025": 0.0,
                "2026": 0.0521,
                "2027": 0.1548,
                "2028": 0.23,
                "2029": 0.2,
                "2030": 0.17,
                "2031": 0.13,
                "2032": 0.1,
                "2033": 0.07,
                "2034": 0.03,
                "2035": 0.0
            },
            {
                "Tech": "DEMPWRSURWAT",
                "MoId": 1,
                "2020": 0.0746,
                "2021": 0.0702,
                "2022": 0.071,
                "2023": 0.0724,
                "2024": 0.0739,
                "2025": 0.076,
                "2026": 0.072,
                "2027": 0.073,
                "2028": 0.0739,
                "2029": 0.0645,
                "2030": 0.0657,
                "2031": 0.0677,
                "2032": 0.0703,
                "2033": 0.0732,
                "2034": 0.0767,
                "2035": 0.0805
            },
            {
                "Tech": "IMPDSL",
                "MoId": 1,
                "2020": 3.1798,
                "2021": 2.6046,
                "2022": 2.6189,
                "2023": 2.6754,
                "2024": 2.7292,
                "2025": 2.7966,
                "2026": 2.8598,
                "2027": 2.9451,
                "2028": 3.0488,
                "2029": 3.1385,
                "2030": 3.2174,
                "2031": 3.2965,
                "2032": 3.3888,
                "2033": 3.469,
                "2034": 3.5619,
                "2035": 3.6437
            },
            {
                "Tech": "DEMTRABIO",
                "MoId": 1,
                "2020": 1.1848,
                "2021": 1.2204,
                "2022": 1.2559,
                "2023": 1.2915,
                "2024": 1.327,
                "2025": 1.3744,
                "2026": 1.41,
                "2027": 1.4455,
                "2028": 1.4929,
                "2029": 1.5403,
                "2030": 1.5877,
                "2031": 1.6351,
                "2032": 1.6825,
                "2033": 1.7299,
                "2034": 1.7773,
                "2035": 1.8246
            },
            {
                "Tech": "STGIN",
                "MoId": 1,
                "2020": 0.0,
                "2021": 0.0,
                "2022": 0.0,
                "2023": 0.0,
                "2024": 0.0,
                "2025": 0.0,
                "2026": 0.0,
                "2027": 1.0589,
                "2028": 3.3039,
                "2029": 6.0746,
                "2030": 9.1226,
                "2031": 12.4399,
                "2032": 16.2986,
                "2033": 20.4278,
                "2034": 26.4389,
                "2035": 33.1946
            },
            {
                "Tech": "STGOUT",
                "MoId": 1,
                "2020": 0.0,
                "2021": 0.0,
                "2022": 0.0,
                "2023": 0.0,
                "2024": 0.0,
                "2025": 0.0,
                "2026": 0.0,
                "2027": 1.0589,
                "2028": 3.3039,
                "2029": 6.0746,
                "2030": 9.1226,
                "2031": 12.4399,
                "2032": 16.2986,
                "2033": 20.4278,
                "2034": 26.4389,
                "2035": 33.1946
            }
        ]
    }
}