{"osy-views": {"OV": [], "TTMPA": [], "ANC": [], "AIC": [], "CI": [], "AFOC": [], "AVOC": [], "NC": [], "NONTU": [], "SV": [], "TCA": [{"osy-viewId": "VIEW_uqueh", "osy-viewname": "Power plants total capacity", "osy-viewdesc": "", "osy-viewdef": "{\"showZeros\":false,\"showColumnTotals\":0,\"showRowTotals\":0,\"defaultFilterType\":3,\"totalsBeforeData\":false,\"sortableGroups\":true,\"fields\":[{\"binding\":\"Case\",\"header\":\"Case\",\"dataType\":1,\"aggregate\":2,\"showAs\":0,\"descending\":false,\"format\":\"n0\",\"isContentHtml\":false,\"key\":\"Case\"},{\"binding\":\"Year\",\"header\":\"Year\",\"dataType\":1,\"aggregate\":2,\"showAs\":0,\"descending\":false,\"format\":\"n0\",\"isContentHtml\":false,\"key\":\"Year\"},{\"binding\":\"Value\",\"header\":\"Value\",\"dataType\":2,\"aggregate\":1,\"showAs\":0,\"descending\":false,\"format\":\"n0\",\"isContentHtml\":false,\"key\":\"Value\"},{\"binding\":\"Tech\",\"header\":\"Tech\",\"dataType\":1,\"aggregate\":2,\"showAs\":0,\"descending\":false,\"format\":\"n0\",\"isContentHtml\":true,\"key\":\"Tech\"},{\"binding\":\"TechGroup\",\"header\":\"Tech Group\",\"dataType\":1,\"aggregate\":2,\"showAs\":0,\"descending\":false,\"format\":\"n0\",\"isContentHtml\":false,\"key\":\"Tech Group\",\"filter\":{\"filterText\":\"\",\"showValues\":{\"Power plants\":true}}},{\"binding\":\"TechDesc\",\"header\":\"Tech Desc\",\"dataType\":1,\"aggregate\":2,\"showAs\":0,\"descending\":false,\"format\":\"n0\",\"isContentHtml\":true,\"key\":\"Tech Desc\"},{\"binding\":\"TechGroupDesc\",\"header\":\"Tech Group Desc\",\"dataType\":1,\"aggregate\":2,\"showAs\":0,\"descending\":false,\"format\":\"n0\",\"isContentHtml\":false,\"key\":\"Tech Group Desc\"},{\"binding\":\"Unit\",\"header\":\"Unit\",\"dataType\":1,\"aggregate\":2,\"showAs\":0,\"descending\":false,\"format\":\"n0\",\"isContentHtml\":true,\"key\":\"Unit\"}],\"rowFields\":{\"items\":[\"Case\",\"Year\"]},\"columnFields\":{\"items\":[\"Tech Desc\"]},\"filterFields\":{\"items\":[\"Tech Group\"]},\"valueFields\":{\"items\":[\"Value\"]}}"}], "TEP": [], "EB_d": [], "AEL_d": [], "UDCI_d": [], "UDCE_d": [], "NSC": [], "ANSC": [], "TSC": [], "SVS": [], "CIS": [], "TATABM": [], "ITNC": [], "ITTC": [], "ATE": [], "D": [], "ATEBM": [], "EBAC": [], "ROA": [], "PBT": [{"osy-viewId": "VIEW_ik6mf", "osy-viewname": "Power plants production", "osy-viewdesc": "Electricity produced by power plant technologies", "osy-viewdef": "{\"showZeros\":false,\"showColumnTotals\":0,\"showRowTotals\":0,\"defaultFilterType\":3,\"totalsBeforeData\":false,\"sortableGroups\":true,\"fields\":[{\"binding\":\"Case\",\"header\":\"Case\",\"dataType\":1,\"aggregate\":2,\"showAs\":0,\"descending\":false,\"format\":\"n0\",\"isContentHtml\":false,\"key\":\"Case\"},{\"binding\":\"Comm\",\"header\":\"Comm\",\"dataType\":1,\"aggregate\":2,\"showAs\":0,\"descending\":false,\"format\":\"n0\",\"isContentHtml\":true,\"key\":\"Comm\"},{\"binding\":\"CommDesc\",\"header\":\"Comm Desc\",\"dataType\":1,\"aggregate\":2,\"showAs\":0,\"descending\":false,\"format\":\"n0\",\"isContentHtml\":true,\"key\":\"Comm Desc\"},{\"binding\":\"Unit\",\"header\":\"Unit\",\"dataType\":1,\"aggregate\":2,\"showAs\":0,\"descending\":false,\"format\":\"n0\",\"isContentHtml\":true,\"key\":\"Unit\"},{\"binding\":\"MoId\",\"header\":\"Mo Id\",\"dataType\":2,\"aggregate\":1,\"showAs\":0,\"descending\":false,\"format\":\"n0\",\"isContentHtml\":false,\"key\":\"Mo Id\"},{\"binding\":\"Ts\",\"header\":\"Ts\",\"dataType\":1,\"aggregate\":2,\"showAs\":0,\"descending\":false,\"format\":\"n0\",\"isContentHtml\":false,\"key\":\"Ts\"},{\"binding\":\"Year\",\"header\":\"Year\",\"dataType\":1,\"aggregate\":2,\"showAs\":0,\"descending\":false,\"format\":\"n0\",\"isContentHtml\":false,\"key\":\"Year\"},{\"binding\":\"Value\",\"header\":\"Value\",\"dataType\":2,\"aggregate\":1,\"showAs\":0,\"descending\":false,\"format\":\"n0\",\"isContentHtml\":false,\"key\":\"Value\"},{\"binding\":\"Tech\",\"header\":\"Tech\",\"dataType\":1,\"aggregate\":2,\"showAs\":0,\"descending\":false,\"format\":\"n0\",\"isContentHtml\":true,\"key\":\"Tech\"},{\"binding\":\"TechGroup\",\"header\":\"Tech Group\",\"dataType\":1,\"aggregate\":2,\"showAs\":0,\"descending\":false,\"format\":\"n0\",\"isContentHtml\":false,\"key\":\"Tech Group\",\"filter\":{\"filterText\":\"\",\"showValues\":{\"Power plants\":true}}},{\"binding\":\"TechDesc\",\"header\":\"Tech Desc\",\"dataType\":1,\"aggregate\":2,\"showAs\":0,\"descending\":false,\"format\":\"n0\",\"isContentHtml\":true,\"key\":\"Tech Desc\"},{\"binding\":\"TechGroupDesc\",\"header\":\"Tech Group Desc\",\"dataType\":1,\"aggregate\":2,\"showAs\":0,\"descending\":false,\"format\":\"n0\",\"isContentHtml\":false,\"key\":\"Tech Group Desc\"}],\"rowFields\":{\"items\":[\"Case\",\"Year\"]},\"columnFields\":{\"items\":[\"Tech Desc\"]},\"filterFields\":{\"items\":[\"Tech Group\"]},\"valueFields\":{\"items\":[\"Value\"]}}"}, {"osy-viewId": "VIEW_e3vgg", "osy-viewname": "Water balance outputs", "osy-viewdesc": "Evapotranspiration, groundwater recharge and run-off", "osy-viewdef": "{\"showZeros\":false,\"showColumnTotals\":0,\"showRowTotals\":0,\"defaultFilterType\":3,\"totalsBeforeData\":false,\"sortableGroups\":true,\"fields\":[{\"binding\":\"Case\",\"header\":\"Case\",\"dataType\":1,\"aggregate\":2,\"showAs\":0,\"descending\":false,\"format\":\"n0\",\"isContentHtml\":false,\"key\":\"Case\"},{\"binding\":\"Comm\",\"header\":\"Comm\",\"dataType\":1,\"aggregate\":2,\"showAs\":0,\"descending\":false,\"format\":\"n0\",\"isContentHtml\":true,\"key\":\"Comm\",\"filter\":{\"filterText\":\"wtr\",\"showValues\":{\"WTREVT\":true,\"WTRGWT\":true,\"WTRRUN\":true}}},{\"binding\":\"CommDesc\",\"header\":\"Comm Desc\",\"dataType\":1,\"aggregate\":2,\"showAs\":0,\"descending\":false,\"format\":\"n0\",\"isContentHtml\":true,\"key\":\"Comm Desc\",\"filter\":{\"filterText\":\"\",\"showValues\":{\"Evapotranspiration\":true,\"Groundwater recharge\":true,\"Run-off\":true}}},{\"binding\":\"Unit\",\"header\":\"Unit\",\"dataType\":1,\"aggregate\":2,\"showAs\":0,\"descending\":false,\"format\":\"n0\",\"isContentHtml\":true,\"key\":\"Unit\"},{\"binding\":\"MoId\",\"header\":\"Mo Id\",\"dataType\":2,\"aggregate\":1,\"showAs\":0,\"descending\":false,\"format\":\"n0\",\"isContentHtml\":false,\"key\":\"Mo Id\"},{\"binding\":\"Ts\",\"header\":\"Ts\",\"dataType\":1,\"aggregate\":2,\"showAs\":0,\"descending\":false,\"format\":\"n0\",\"isContentHtml\":false,\"key\":\"Ts\"},{\"binding\":\"Year\",\"header\":\"Year\",\"dataType\":1,\"aggregate\":2,\"showAs\":0,\"descending\":false,\"format\":\"n0\",\"isContentHtml\":false,\"key\":\"Year\"},{\"binding\":\"Value\",\"header\":\"Value\",\"dataType\":2,\"aggregate\":1,\"showAs\":0,\"descending\":false,\"format\":\"n0\",\"isContentHtml\":false,\"key\":\"Value\"},{\"binding\":\"Tech\",\"header\":\"Tech\",\"dataType\":1,\"aggregate\":2,\"showAs\":0,\"descending\":false,\"format\":\"n0\",\"isContentHtml\":true,\"key\":\"Tech\"},{\"binding\":\"TechGroup\",\"header\":\"Tech Group\",\"dataType\":1,\"aggregate\":2,\"showAs\":0,\"descending\":false,\"format\":\"n0\",\"isContentHtml\":false,\"key\":\"Tech Group\"},{\"binding\":\"TechDesc\",\"header\":\"Tech Desc\",\"dataType\":1,\"aggregate\":2,\"showAs\":0,\"descending\":false,\"format\":\"n0\",\"isContentHtml\":true,\"key\":\"Tech Desc\"},{\"binding\":\"TechGroupDesc\",\"header\":\"Tech Group Desc\",\"dataType\":1,\"aggregate\":2,\"showAs\":0,\"descending\":false,\"format\":\"n0\",\"isContentHtml\":false,\"key\":\"Tech Group Desc\"}],\"rowFields\":{\"items\":[\"Case\",\"Year\"]},\"columnFields\":{\"items\":[\"Comm Desc\"]},\"filterFields\":{\"items\":[]},\"valueFields\":{\"items\":[\"Value\"]}}"}, {"osy-viewId": "VIEW_aus78", "osy-viewname": "Water technologies production", "osy-viewdesc": "Water production by water demand technologies", "osy-viewdef": "{\"showZeros\":false,\"showColumnTotals\":2,\"showRowTotals\":0,\"defaultFilterType\":3,\"totalsBeforeData\":false,\"sortableGroups\":true,\"fields\":[{\"binding\":\"Case\",\"header\":\"Case\",\"dataType\":1,\"aggregate\":2,\"showAs\":0,\"descending\":false,\"format\":\"n0\",\"isContentHtml\":false,\"key\":\"Case\"},{\"binding\":\"Comm\",\"header\":\"Comm\",\"dataType\":1,\"aggregate\":2,\"showAs\":0,\"descending\":false,\"format\":\"n0\",\"isContentHtml\":true,\"key\":\"Comm\"},{\"binding\":\"CommDesc\",\"header\":\"Comm Desc\",\"dataType\":1,\"aggregate\":2,\"showAs\":0,\"descending\":false,\"format\":\"n0\",\"isContentHtml\":true,\"key\":\"Comm Desc\"},{\"binding\":\"Unit\",\"header\":\"Unit\",\"dataType\":1,\"aggregate\":2,\"showAs\":0,\"descending\":false,\"format\":\"n0\",\"isContentHtml\":true,\"key\":\"Unit\"},{\"binding\":\"MoId\",\"header\":\"Mo Id\",\"dataType\":2,\"aggregate\":1,\"showAs\":0,\"descending\":false,\"format\":\"n0\",\"isContentHtml\":false,\"key\":\"Mo Id\"},{\"binding\":\"Ts\",\"header\":\"Ts\",\"dataType\":1,\"aggregate\":2,\"showAs\":0,\"descending\":false,\"format\":\"n0\",\"isContentHtml\":false,\"key\":\"Ts\"},{\"binding\":\"Year\",\"header\":\"Year\",\"dataType\":1,\"aggregate\":2,\"showAs\":0,\"descending\":false,\"format\":\"n0\",\"isContentHtml\":false,\"key\":\"Year\"},{\"binding\":\"Value\",\"header\":\"Value\",\"dataType\":2,\"aggregate\":1,\"showAs\":0,\"descending\":false,\"format\":\"n2\",\"isContentHtml\":false,\"key\":\"Value\"},{\"binding\":\"Tech\",\"header\":\"Tech\",\"dataType\":1,\"aggregate\":2,\"showAs\":0,\"descending\":false,\"format\":\"n0\",\"isContentHtml\":true,\"key\":\"Tech\"},{\"binding\":\"TechGroup\",\"header\":\"Tech Group\",\"dataType\":1,\"aggregate\":2,\"showAs\":0,\"descending\":false,\"format\":\"n0\",\"isContentHtml\":false,\"key\":\"Tech Group\"},{\"binding\":\"TechDesc\",\"header\":\"Tech Desc\",\"dataType\":1,\"aggregate\":2,\"showAs\":0,\"descending\":false,\"format\":\"n0\",\"isContentHtml\":true,\"key\":\"Tech Desc\",\"filter\":{\"filterText\":\"\",\"showValues\":{\"Groundwater used in agriculture\":true,\"Public groundwater demand\":true,\"Public surface water demand\":true,\"Surface water used in agriculture\":true,\"Surface water used in the power sector\":true}}},{\"binding\":\"TechGroupDesc\",\"header\":\"Tech Group Desc\",\"dataType\":1,\"aggregate\":2,\"showAs\":0,\"descending\":false,\"format\":\"n0\",\"isContentHtml\":false,\"key\":\"Tech Group Desc\"}],\"rowFields\":{\"items\":[\"Case\",\"Year\"]},\"columnFields\":{\"items\":[\"Tech\",\"Tech Desc\"]},\"filterFields\":{\"items\":[]},\"valueFields\":{\"items\":[\"Value\"]}}"}], "ROPBT": [], "ROUBT": [], "UBT": [{"osy-viewId": "VIEW_jz3el", "osy-viewname": "Land use", "osy-viewdesc": "Area under each land type", "osy-viewdef": "{\"showZeros\":false,\"showColumnTotals\":0,\"showRowTotals\":0,\"defaultFilterType\":3,\"totalsBeforeData\":false,\"sortableGroups\":true,\"fields\":[{\"binding\":\"Case\",\"header\":\"Case\",\"dataType\":1,\"aggregate\":2,\"showAs\":0,\"descending\":false,\"format\":\"n0\",\"isContentHtml\":false,\"key\":\"Case\"},{\"binding\":\"Comm\",\"header\":\"Comm\",\"dataType\":1,\"aggregate\":2,\"showAs\":0,\"descending\":false,\"format\":\"n0\",\"isContentHtml\":true,\"key\":\"Comm\"},{\"binding\":\"CommDesc\",\"header\":\"Comm Desc\",\"dataType\":1,\"aggregate\":2,\"showAs\":0,\"descending\":false,\"format\":\"n0\",\"isContentHtml\":true,\"key\":\"Comm Desc\"},{\"binding\":\"Unit\",\"header\":\"Unit\",\"dataType\":1,\"aggregate\":2,\"showAs\":0,\"descending\":false,\"format\":\"n0\",\"isContentHtml\":true,\"key\":\"Unit\"},{\"binding\":\"MoId\",\"header\":\"Mo Id\",\"dataType\":2,\"aggregate\":1,\"showAs\":0,\"descending\":false,\"format\":\"n0\",\"isContentHtml\":false,\"key\":\"Mo Id\"},{\"binding\":\"Ts\",\"header\":\"Ts\",\"dataType\":1,\"aggregate\":2,\"showAs\":0,\"descending\":false,\"format\":\"n0\",\"isContentHtml\":false,\"key\":\"Ts\"},{\"binding\":\"Year\",\"header\":\"Year\",\"dataType\":1,\"aggregate\":2,\"showAs\":0,\"descending\":false,\"format\":\"n0\",\"isContentHtml\":false,\"key\":\"Year\"},{\"binding\":\"Value\",\"header\":\"Value\",\"dataType\":2,\"aggregate\":1,\"showAs\":0,\"descending\":false,\"format\":\"n0\",\"isContentHtml\":false,\"key\":\"Value\"},{\"binding\":\"Tech\",\"header\":\"Tech\",\"dataType\":1,\"aggregate\":2,\"showAs\":0,\"descending\":false,\"format\":\"n0\",\"isContentHtml\":true,\"key\":\"Tech\"},{\"binding\":\"TechGroup\",\"header\":\"Tech Group\",\"dataType\":1,\"aggregate\":2,\"showAs\":0,\"descending\":false,\"format\":\"n0\",\"isContentHtml\":false,\"key\":\"Tech Group\"},{\"binding\":\"TechDesc\",\"header\":\"Tech Desc\",\"dataType\":1,\"aggregate\":2,\"showAs\":0,\"descending\":false,\"format\":\"n0\",\"isContentHtml\":true,\"key\":\"Tech Desc\",\"filter\":{\"filterText\":\"\",\"showValues\":{\"Built-up land\":true,\"Forest land\":true,\"Irrigated maize cultivation\":true,\"Irrigated rice cultivation\":true,\"Water bodies\":true}}},{\"binding\":\"TechGroupDesc\",\"header\":\"Tech Group Desc\",\"dataType\":1,\"aggregate\":2,\"showAs\":0,\"descending\":false,\"format\":\"n0\",\"isContentHtml\":false,\"key\":\"Tech Group Desc\"}],\"rowFields\":{\"items\":[\"Case\",\"Year\"]},\"columnFields\":{\"items\":[\"Tech Desc\"]},\"filterFields\":{\"items\":[]},\"valueFields\":{\"items\":[\"Value\"]}}"}, {"osy-viewId": "VIEW_0p6v9", "osy-viewname": "Land use by crop technologies", "osy-viewdesc": "", "osy-viewdef": "{\"showZeros\":false,\"showColumnTotals\":0,\"showRowTotals\":0,\"defaultFilterType\":3,\"totalsBeforeData\":false,\"sortableGroups\":true,\"fields\":[{\"binding\":\"Case\",\"header\":\"Case\",\"dataType\":1,\"aggregate\":2,\"showAs\":0,\"descending\":false,\"format\":\"n0\",\"isContentHtml\":false,\"key\":\"Case\",\"filter\":{\"filterText\":\"\",\"showValues\":{\"land_ex_2_3\":true}}},{\"binding\":\"Comm\",\"header\":\"Comm\",\"dataType\":1,\"aggregate\":2,\"showAs\":0,\"descending\":false,\"format\":\"n0\",\"isContentHtml\":true,\"key\":\"Comm\"},{\"binding\":\"CommDesc\",\"header\":\"Comm Desc\",\"dataType\":1,\"aggregate\":2,\"showAs\":0,\"descending\":false,\"format\":\"n0\",\"isContentHtml\":true,\"key\":\"Comm Desc\"},{\"binding\":\"Unit\",\"header\":\"Unit\",\"dataType\":1,\"aggregate\":2,\"showAs\":0,\"descending\":false,\"format\":\"n0\",\"isContentHtml\":true,\"key\":\"Unit\"},{\"binding\":\"MoId\",\"header\":\"Mo Id\",\"dataType\":2,\"aggregate\":1,\"showAs\":0,\"descending\":false,\"format\":\"n0\",\"isContentHtml\":false,\"key\":\"Mo Id\"},{\"binding\":\"Ts\",\"header\":\"Ts\",\"dataType\":1,\"aggregate\":2,\"showAs\":0,\"descending\":false,\"format\":\"n0\",\"isContentHtml\":false,\"key\":\"Ts\"},{\"binding\":\"Year\",\"header\":\"Year\",\"dataType\":1,\"aggregate\":2,\"showAs\":0,\"descending\":false,\"format\":\"n0\",\"isContentHtml\":false,\"key\":\"Year\"},{\"binding\":\"Value\",\"header\":\"Value\",\"dataType\":2,\"aggregate\":1,\"showAs\":0,\"descending\":false,\"format\":\"n2\",\"isContentHtml\":false,\"key\":\"Value\"},{\"binding\":\"Tech\",\"header\":\"Tech\",\"dataType\":1,\"aggregate\":2,\"showAs\":0,\"descending\":false,\"format\":\"n0\",\"isContentHtml\":true,\"key\":\"Tech\"},{\"binding\":\"TechGroup\",\"header\":\"Tech Group\",\"dataType\":1,\"aggregate\":2,\"showAs\":0,\"descending\":false,\"format\":\"n0\",\"isContentHtml\":false,\"key\":\"Tech Group\"},{\"binding\":\"TechDesc\",\"header\":\"Tech Desc\",\"dataType\":1,\"aggregate\":2,\"showAs\":0,\"descending\":false,\"format\":\"n0\",\"isContentHtml\":true,\"key\":\"Tech Desc\",\"filter\":{\"filterText\":\"\",\"showValues\":{\"Irrigated maize cultivation\":true,\"Irrigated rice cultivation\":true}}},{\"binding\":\"TechGroupDesc\",\"header\":\"Tech Group Desc\",\"dataType\":1,\"aggregate\":2,\"showAs\":0,\"descending\":false,\"format\":\"n0\",\"isContentHtml\":false,\"key\":\"Tech Group Desc\"}],\"rowFields\":{\"items\":[\"Case\",\"Year\"]},\"columnFields\":{\"items\":[\"Tech Desc\"]},\"filterFields\":{\"items\":[]},\"valueFields\":{\"items\":[\"Value\"]}}"}]}}