{"osy-version": "5.0", "osy-casename": "CLEWs Demo", "osy-desc": "CLEWs model exercise", "osy-date": "Mon Apr 07 2025", "osy-currency": "USD", "osy-mo": "1", "osy-tech": [{"TechId": "TEC_0", "Tech": "MINCOA", "Desc": "Coal mine", "CapUnitId": "PJ", "ActUnitId": "PJ", "TG": [], "IAR": [], "OAR": ["COM_0"], "EAR": ["EMI_0", "EMI_6ku9o"], "INCR": [], "ITCR": []}, {"TechId": "TEC_bh0wr", "Tech": "MINGAS", "Desc": "Gas field", "CapUnitId": "PJ", "ActUnitId": "PJ", "TG": [], "IAR": [], "OAR": ["COM_j3sxv"], "INCR": [], "ITCR": [], "EAR": ["EMI_0", "EMI_6ku9o"]}, {"TechId": "TEC_lh54o", "Tech": "PWRCOA", "Desc": "Coal power plant", "CapUnitId": "GW", "ActUnitId": "PJ", "TG": ["TG_0"], "IAR": ["COM_0", "COM_c9x8m"], "OAR": ["COM_iv1pn"], "INCR": ["COM_eyp08"], "ITCR": [], "EAR": []}, {"TechId": "TEC_zkcws", "Tech": "PWRGAS", "Desc": "Gas power plant", "CapUnitId": "GW", "ActUnitId": "PJ", "TG": ["TG_0"], "IAR": ["COM_j3sxv", "COM_c9x8m"], "OAR": ["COM_iv1pn"], "INCR": ["COM_eyp08"], "ITCR": [], "EAR": []}, {"TechId": "TEC_76fn6", "Tech": "PWRTRN", "Desc": "Electricity transmission network", "CapUnitId": "GW", "ActUnitId": "PJ", "TG": [], "IAR": ["COM_iv1pn"], "OAR": ["COM_038vq"], "INCR": [], "ITCR": [], "EAR": []}, {"TechId": "TEC_4ctb0", "Tech": "RSCWND", "Desc": "Wind energy", "CapUnitId": "PJ", "ActUnitId": "PJ", "TG": [], "IAR": [], "OAR": ["COM_no6am"], "INCR": [], "ITCR": [], "EAR": []}, {"TechId": "TEC_hnsfo", "Tech": "RSCSOL", "Desc": "Solar energy", "CapUnitId": "PJ", "ActUnitId": "PJ", "TG": [], "IAR": [], "OAR": ["COM_834q7"], "INCR": [], "ITCR": [], "EAR": []}, {"TechId": "TEC_4zs3u", "Tech": "RSCHYD", "Desc": "Hydro energy", "CapUnitId": "10<sup>9</sup>m<sup>3</sup>", "ActUnitId": "10<sup>9</sup>m<sup>3</sup>", "TG": [], "IAR": ["COM_b6b5p"], "OAR": ["COM_zxbtx", "COM_nv5b1"], "INCR": [], "ITCR": [], "EAR": []}, {"TechId": "TEC_iqixl", "Tech": "PWRWND", "Desc": "Wind power plant", "CapUnitId": "GW", "ActUnitId": "PJ", "TG": ["TG_0"], "IAR": ["COM_no6am"], "OAR": ["COM_iv1pn"], "INCR": ["COM_eyp08"], "ITCR": [], "EAR": []}, {"TechId": "TEC_k4udp", "Tech": "PWRSOL", "Desc": "Solar power plant", "CapUnitId": "GW", "ActUnitId": "PJ", "TG": ["TG_0"], "IAR": ["COM_834q7"], "OAR": ["COM_038vq"], "INCR": ["COM_eyp08"], "ITCR": [], "EAR": []}, {"TechId": "TEC_rlg98", "Tech": "PWRHYD", "Desc": "Hydropower plant", "CapUnitId": "GW", "ActUnitId": "PJ", "TG": ["TG_0"], "IAR": ["COM_zxbtx"], "OAR": ["COM_iv1pn"], "INCR": ["COM_eyp08"], "ITCR": ["COM_a42ut"], "EAR": []}, {"TechId": "TEC_uis28", "Tech": "RSCLND", "Desc": "Land resource", "CapUnitId": "10<sup>3</sup>km<sup>2</sup>", "ActUnitId": "10<sup>3</sup>km<sup>2</sup>", "TG": [], "IAR": [], "OAR": ["COM_f5rb4"], "INCR": [], "ITCR": [], "EAR": []}, {"TechId": "TEC_2vwj3", "Tech": "LNDMAIRNF", "Desc": "Rainfed maize cultivation", "CapUnitId": "10<sup>3</sup>km<sup>2</sup>", "ActUnitId": "10<sup>3</sup>km<sup>2</sup>", "TG": [], "IAR": ["COM_f5rb4", "COM_fxmxf", "COM_eyp08"], "OAR": ["COM_b7i8m", "COM_0xngw", "COM_iuf87", "COM_b6b5p"], "INCR": [], "ITCR": [], "EAR": ["EMI_4inlr", "EMI_6ku9o"]}, {"TechId": "TEC_oknka", "Tech": "LNDRICRNF", "Desc": "Rainfed rice cultivation", "CapUnitId": "10<sup>3</sup>km<sup>2</sup>", "ActUnitId": "10<sup>3</sup>km<sup>2</sup>", "TG": [], "IAR": ["COM_f5rb4", "COM_fxmxf", "COM_eyp08"], "OAR": ["COM_w7j8r", "COM_0xngw", "COM_iuf87", "COM_b6b5p"], "INCR": [], "ITCR": [], "EAR": ["EMI_5t38o", "EMI_6ku9o"]}, {"TechId": "TEC_83l58", "Tech": "LNDMAIIRR", "Desc": "Irrigated maize cultivation", "CapUnitId": "10<sup>3</sup>km<sup>2</sup>", "ActUnitId": "10<sup>3</sup>km<sup>2</sup>", "TG": [], "IAR": ["COM_f5rb4", "COM_fxmxf", "COM_ts0r2", "COM_eyp08"], "OAR": ["COM_b7i8m", "COM_0xngw", "COM_iuf87", "COM_b6b5p"], "INCR": [], "ITCR": [], "EAR": ["EMI_4inlr", "EMI_6ku9o"]}, {"TechId": "TEC_lxgi0", "Tech": "LNDRICIRR", "Desc": "Irrigated rice cultivation", "CapUnitId": "10<sup>3</sup>km<sup>2</sup>", "ActUnitId": "10<sup>3</sup>km<sup>2</sup>", "TG": [], "IAR": ["COM_f5rb4", "COM_fxmxf", "COM_ts0r2", "COM_eyp08"], "OAR": ["COM_w7j8r", "COM_0xngw", "COM_iuf87", "COM_b6b5p"], "INCR": [], "ITCR": [], "EAR": ["EMI_5t38o", "EMI_6ku9o"]}, {"TechId": "TEC_s7wk4", "Tech": "LNDFOR", "Desc": "Forest land", "CapUnitId": "10<sup>3</sup>km<sup>2</sup>", "ActUnitId": "10<sup>3</sup>km<sup>2</sup>", "TG": [], "IAR": ["COM_f5rb4", "COM_fxmxf"], "OAR": ["COM_0xngw", "COM_iuf87", "COM_b6b5p"], "INCR": [], "ITCR": [], "EAR": ["EMI_0", "EMI_6ku9o"]}, {"TechId": "TEC_odq8u", "Tech": "LNDBLT", "Desc": "Built-up land", "CapUnitId": "10<sup>3</sup>km<sup>2</sup>", "ActUnitId": "10<sup>3</sup>km<sup>2</sup>", "TG": [], "IAR": ["COM_f5rb4", "COM_fxmxf"], "OAR": ["COM_fikb7", "COM_0xngw", "COM_iuf87", "COM_b6b5p"], "INCR": [], "ITCR": [], "EAR": []}, {"TechId": "TEC_p46bw", "Tech": "LNDWAT", "Desc": "Water bodies", "CapUnitId": "10<sup>3</sup>km<sup>2</sup>", "ActUnitId": "10<sup>3</sup>km<sup>2</sup>", "TG": [], "IAR": ["COM_f5rb4", "COM_fxmxf"], "OAR": ["COM_a42ut", "COM_0xngw", "COM_iuf87", "COM_b6b5p"], "INCR": [], "ITCR": [], "EAR": []}, {"TechId": "TEC_ssoh1", "Tech": "RSCPRC", "Desc": "Precipitation", "CapUnitId": "10<sup>9</sup>m<sup>3</sup>", "ActUnitId": "10<sup>9</sup>m<sup>3</sup>", "TG": [], "IAR": [], "OAR": ["COM_fxmxf"], "INCR": [], "ITCR": [], "EAR": []}, {"TechId": "TEC_vyv9s", "Tech": "UPSWTRSUR", "Desc": "Upstream surface water", "CapUnitId": "10<sup>9</sup>m<sup>3</sup>", "ActUnitId": "10<sup>9</sup>m<sup>3</sup>", "TG": [], "IAR": ["COM_b6b5p"], "OAR": ["COM_nv5b1"], "INCR": [], "ITCR": [], "EAR": []}, {"TechId": "TEC_w6ezu", "Tech": "DEMPUBSURWAT", "Desc": "Public surface water demand", "CapUnitId": "10<sup>9</sup>m<sup>3</sup>", "ActUnitId": "10<sup>9</sup>m<sup>3</sup>", "TG": [], "IAR": ["COM_038vq", "COM_nv5b1"], "OAR": ["COM_vrxi9"], "INCR": [], "ITCR": [], "EAR": []}, {"TechId": "TEC_be373", "Tech": "DEMPUBGWTWAT", "Desc": "Public groundwater demand", "CapUnitId": "10<sup>9</sup>m<sup>3</sup>", "ActUnitId": "10<sup>9</sup>m<sup>3</sup>", "TG": [], "IAR": ["COM_038vq"], "OAR": ["COM_vrxi9"], "INCR": [], "ITCR": [], "EAR": []}, {"TechId": "TEC_l8h6e", "Tech": "DEMAGRSURWAT", "Desc": "Surface water used in agriculture", "CapUnitId": "10<sup>9</sup>m<sup>3</sup>", "ActUnitId": "10<sup>9</sup>m<sup>3</sup>", "TG": [], "IAR": ["COM_038vq", "COM_nv5b1"], "OAR": ["COM_ts0r2"], "INCR": [], "ITCR": [], "EAR": []}, {"TechId": "TEC_amdq6", "Tech": "DEMAGRGWTWAT", "Desc": "Groundwater used in agriculture", "CapUnitId": "10<sup>9</sup>m<sup>3</sup>", "ActUnitId": "10<sup>9</sup>m<sup>3</sup>", "TG": [], "IAR": ["COM_038vq"], "OAR": ["COM_ts0r2"], "INCR": [], "ITCR": [], "EAR": []}, {"TechId": "TEC_llaiz", "Tech": "DEMPWRSURWAT", "Desc": "Surface water used in the power sector", "CapUnitId": "10<sup>9</sup>m<sup>3</sup>", "ActUnitId": "10<sup>9</sup>m<sup>3</sup>", "TG": [], "IAR": ["COM_038vq", "COM_nv5b1"], "OAR": ["COM_c9x8m"], "INCR": [], "ITCR": [], "EAR": []}, {"TechId": "TEC_tam1a", "Tech": "IMPDSL", "Desc": "Diesel import", "CapUnitId": "PJ", "ActUnitId": "PJ", "TG": [], "IAR": [], "OAR": ["COM_eyp08"], "INCR": [], "ITCR": [], "EAR": ["EMI_0", "EMI_6ku9o"]}, {"TechId": "TEC_s3nb0", "Tech": "DEMTRABIO", "Desc": "Biofuel for transport", "CapUnitId": "PJ", "ActUnitId": "PJ", "TG": [], "IAR": ["COM_b7i8m"], "OAR": ["COM_di0on"], "INCR": [], "ITCR": [], "EAR": ["EMI_0", "EMI_6ku9o"]}, {"TechId": "TEC_mzxsr", "Tech": "STGIN", "Desc": "Storage charge", "CapUnitId": "GW", "ActUnitId": "PJ", "TG": [], "IAR": ["COM_038vq"], "OAR": [], "INCR": [], "ITCR": [], "EAR": []}, {"TechId": "TEC_uyx53", "Tech": "STGOUT", "Desc": "Storage discharge", "CapUnitId": "GW", "ActUnitId": "PJ", "TG": [], "IAR": [], "OAR": ["COM_038vq"], "INCR": [], "ITCR": [], "EAR": []}], "osy-stg": [{"StgId": "STG_8sgc3", "Stg": "PMPSRG", "Desc": "Pumped storage", "UnitId": "PJ", "TTS": "TEC_mzxsr", "TFS": "TEC_uyx53", "Operation": "Yearly"}], "osy-techGroups": [{"TechGroup": "Power plants", "TechGroupId": "TG_0", "Desc": "Power plants"}], "osy-comm": [{"CommId": "COM_0", "Comm": "COA", "Desc": "Coal", "UnitId": "PJ"}, {"CommId": "COM_j3sxv", "Comm": "GAS", "Desc": "Natural gas", "UnitId": "PJ"}, {"CommId": "COM_iv1pn", "Comm": "ELC001", "Desc": "Electricity at busbar", "UnitId": "PJ"}, {"CommId": "COM_038vq", "Comm": "ELC002", "Desc": "Electricity for end users", "UnitId": "PJ"}, {"CommId": "COM_no6am", "Comm": "WND", "Desc": "Wind energy", "UnitId": "PJ"}, {"CommId": "COM_834q7", "Comm": "SOL", "Desc": "Solar energy", "UnitId": "PJ"}, {"CommId": "COM_zxbtx", "Comm": "HYD", "Desc": "Hydro energy", "UnitId": "PJ"}, {"CommId": "COM_f5rb4", "Comm": "LND", "Desc": "Land", "UnitId": "10<sup>3</sup>km<sup>2</sup>"}, {"CommId": "COM_b7i8m", "Comm": "CRPMAI", "Desc": "Maize", "UnitId": "MTon"}, {"CommId": "COM_w7j8r", "Comm": "CRPRIC", "Desc": "Rice", "UnitId": "MTon"}, {"CommId": "COM_fikb7", "Comm": "LBLT", "Desc": "Built-up land", "UnitId": "10<sup>3</sup>km<sup>2</sup>"}, {"CommId": "COM_a42ut", "Comm": "LWAT", "Desc": "Land for water bodies", "UnitId": "10<sup>3</sup>km<sup>2</sup>"}, {"CommId": "COM_fxmxf", "Comm": "WTRPRC", "Desc": "Precipitation", "UnitId": "10<sup>9</sup>m<sup>3</sup>"}, {"CommId": "COM_0xngw", "Comm": "WTREVT", "Desc": "Evapotranspiration", "UnitId": "10<sup>9</sup>m<sup>3</sup>"}, {"CommId": "COM_iuf87", "Comm": "WTRGWT", "Desc": "Groundwater recharge", "UnitId": "10<sup>9</sup>m<sup>3</sup>"}, {"CommId": "COM_b6b5p", "Comm": "WTRRUN", "Desc": "Run-off", "UnitId": "10<sup>9</sup>m<sup>3</sup>"}, {"CommId": "COM_nv5b1", "Comm": "WTRSUR", "Desc": "Surface water", "UnitId": "10<sup>9</sup>m<sup>3</sup>"}, {"CommId": "COM_vrxi9", "Comm": "PUBWAT", "Desc": "Public water", "UnitId": "10<sup>9</sup>m<sup>3</sup>"}, {"CommId": "COM_ts0r2", "Comm": "AGRWAT", "Desc": "Water for agriculture", "UnitId": "10<sup>9</sup>m<sup>3</sup>"}, {"CommId": "COM_c9x8m", "Comm": "PWRWAT", "Desc": "Water for the power sector", "UnitId": "10<sup>9</sup>m<sup>3</sup>"}, {"CommId": "COM_eyp08", "Comm": "DSL", "Desc": "Diesel", "UnitId": "PJ"}, {"CommId": "COM_di0on", "Comm": "TRABIO", "Desc": "Biofuel for transport", "UnitId": "PJ"}], "osy-ts": [{"TsId": "TS_0", "Ts": "SD", "Desc": "Summer day", "SE": "SE_0", "DT": "DT_0", "DTB": "DTB_0"}, {"TsId": "TS_deawh", "Ts": "SN", "Desc": "Summer night", "SE": "SE_0", "DT": "DT_0", "DTB": "DTB_51fta"}, {"TsId": "TS_ixgmk", "Ts": "WD", "Desc": "Winter day", "SE": "SE_8uohg", "DT": "DT_0", "DTB": "DTB_0"}, {"TsId": "TS_ig2ep", "Ts": "WN", "Desc": "Winter night", "SE": "SE_8uohg", "DT": "DT_0", "DTB": "DTB_51fta"}], "osy-se": [{"SeId": "SE_0", "Se": 1, "Desc": "Summer"}, {"SeId": "SE_8uohg", "Se": 2, "Desc": "Winter"}], "osy-dt": [{"DtId": "DT_0", "Dt": 1, "Desc": "Default day type"}], "osy-dtb": [{"DtbId": "DTB_0", "Dtb": 1, "Desc": "Day"}, {"DtbId": "DTB_51fta", "Dtb": 2, "Desc": "Night"}], "osy-emis": [{"EmisId": "EMI_0", "Emis": "CO2", "Desc": "Carbon dioxide", "UnitId": "kTon"}, {"EmisId": "EMI_4inlr", "Emis": "N2O", "Desc": "Nitrous oxide", "UnitId": "kTon"}, {"EmisId": "EMI_5t38o", "Emis": "CH4", "Desc": "Methane", "UnitId": "kTon"}, {"EmisId": "EMI_6ku9o", "Emis": "CO2EQ", "Desc": "Carbon dioxide equivalent", "UnitId": "kTon"}], "osy-scenarios": [{"ScenarioId": "SC_0", "Scenario": "SC_0", "Desc": "Base scenario", "Active": true}, {"ScenarioId": "SC_s1mu3", "Scenario": "RE_Target", "Desc": "RE target", "Active": true}, {"ScenarioId": "SC_b9q17", "Scenario": "CO2_tax", "Desc": "CO2 tax", "Active": true}, {"ScenarioId": "SC_cmjth", "Scenario": "Low_prc", "Desc": "Low precipitation", "Active": true}], "osy-constraints": [{"ConId": "CO_nfp2y", "Con": "RE_target", "Desc": "RE target", "Tag": 0, "CM": ["TEC_lh54o", "TEC_zkcws", "TEC_iqixl", "TEC_k4udp", "TEC_rlg98"]}], "osy-years": ["2020", "2021", "2022", "2023", "2024", "2025", "2026", "2027", "2028", "2029", "2030", "2031", "2032", "2033", "2034", "2035"]}