{"DRI": {"SC_0": [{"TEC_0": 0.05, "TEC_bh0wr": 0.05, "TEC_lh54o": 0.05, "TEC_zkcws": 0.05, "TEC_76fn6": 0.05, "TEC_4ctb0": 0.05, "TEC_hnsfo": 0.05, "TEC_4zs3u": 0.05, "TEC_iqixl": 0.05, "TEC_k4udp": 0.05, "TEC_rlg98": 0.05, "TEC_uis28": 0.05, "TEC_2vwj3": 0.05, "TEC_oknka": 0.05, "TEC_83l58": 0.05, "TEC_lxgi0": 0.05, "TEC_s7wk4": 0.05, "TEC_odq8u": 0.05, "TEC_p46bw": 0.05, "TEC_ssoh1": 0.05, "TEC_vyv9s": 0.05, "TEC_w6ezu": 0.05, "TEC_be373": 0.05, "TEC_l8h6e": 0.05, "TEC_amdq6": 0.05, "TEC_llaiz": 0.05, "TEC_tam1a": 0.05, "TEC_s3nb0": 0.05, "TEC_mzxsr": 0.05, "TEC_uyx53": 0.05}], "SC_s1mu3": [{"TEC_0": null, "TEC_bh0wr": null, "TEC_lh54o": null, "TEC_zkcws": null, "TEC_76fn6": null, "TEC_4ctb0": null, "TEC_hnsfo": null, "TEC_4zs3u": null, "TEC_iqixl": null, "TEC_k4udp": null, "TEC_rlg98": null, "TEC_uis28": null, "TEC_2vwj3": null, "TEC_oknka": null, "TEC_83l58": null, "TEC_lxgi0": null, "TEC_s7wk4": null, "TEC_odq8u": null, "TEC_p46bw": null, "TEC_ssoh1": null, "TEC_vyv9s": null, "TEC_w6ezu": null, "TEC_be373": null, "TEC_l8h6e": null, "TEC_amdq6": null, "TEC_llaiz": null, "TEC_tam1a": null, "TEC_s3nb0": null, "TEC_mzxsr": null, "TEC_uyx53": null}], "SC_b9q17": [{"TEC_0": null, "TEC_bh0wr": null, "TEC_lh54o": null, "TEC_zkcws": null, "TEC_76fn6": null, "TEC_4ctb0": null, "TEC_hnsfo": null, "TEC_4zs3u": null, "TEC_iqixl": null, "TEC_k4udp": null, "TEC_rlg98": null, "TEC_uis28": null, "TEC_2vwj3": null, "TEC_oknka": null, "TEC_83l58": null, "TEC_lxgi0": null, "TEC_s7wk4": null, "TEC_odq8u": null, "TEC_p46bw": null, "TEC_ssoh1": null, "TEC_vyv9s": null, "TEC_w6ezu": null, "TEC_be373": null, "TEC_l8h6e": null, "TEC_amdq6": null, "TEC_llaiz": null, "TEC_tam1a": null, "TEC_s3nb0": null, "TEC_mzxsr": null, "TEC_uyx53": null}], "SC_cmjth": [{"TEC_0": null, "TEC_bh0wr": null, "TEC_lh54o": null, "TEC_zkcws": null, "TEC_76fn6": null, "TEC_4ctb0": null, "TEC_hnsfo": null, "TEC_4zs3u": null, "TEC_iqixl": null, "TEC_k4udp": null, "TEC_rlg98": null, "TEC_uis28": null, "TEC_2vwj3": null, "TEC_oknka": null, "TEC_83l58": null, "TEC_lxgi0": null, "TEC_s7wk4": null, "TEC_odq8u": null, "TEC_p46bw": null, "TEC_ssoh1": null, "TEC_vyv9s": null, "TEC_w6ezu": null, "TEC_be373": null, "TEC_l8h6e": null, "TEC_amdq6": null, "TEC_llaiz": null, "TEC_tam1a": null, "TEC_s3nb0": null, "TEC_mzxsr": null, "TEC_uyx53": null}]}, "CAU": {"SC_0": [{"TEC_0": 1, "TEC_bh0wr": 1, "TEC_lh54o": 31.536, "TEC_zkcws": 31.536, "TEC_76fn6": 31.536, "TEC_4ctb0": 1, "TEC_hnsfo": 1, "TEC_4zs3u": 1, "TEC_iqixl": 31.536, "TEC_k4udp": 31.536, "TEC_rlg98": 31.536, "TEC_uis28": 1, "TEC_2vwj3": 1, "TEC_oknka": 1, "TEC_83l58": 1, "TEC_lxgi0": 1, "TEC_s7wk4": 1, "TEC_odq8u": 1, "TEC_p46bw": 1, "TEC_ssoh1": 1, "TEC_vyv9s": 1, "TEC_w6ezu": 1, "TEC_be373": 1, "TEC_l8h6e": 1, "TEC_amdq6": 1, "TEC_llaiz": 1, "TEC_tam1a": 1, "TEC_s3nb0": 1, "TEC_mzxsr": 31.53, "TEC_uyx53": 31.53}], "SC_s1mu3": [{"TEC_0": null, "TEC_bh0wr": null, "TEC_lh54o": null, "TEC_zkcws": null, "TEC_76fn6": null, "TEC_4ctb0": null, "TEC_hnsfo": null, "TEC_4zs3u": null, "TEC_iqixl": null, "TEC_k4udp": null, "TEC_rlg98": null, "TEC_uis28": null, "TEC_2vwj3": null, "TEC_oknka": null, "TEC_83l58": null, "TEC_lxgi0": null, "TEC_s7wk4": null, "TEC_odq8u": null, "TEC_p46bw": null, "TEC_ssoh1": null, "TEC_vyv9s": null, "TEC_w6ezu": null, "TEC_be373": null, "TEC_l8h6e": null, "TEC_amdq6": null, "TEC_llaiz": null, "TEC_tam1a": null, "TEC_s3nb0": null, "TEC_mzxsr": null, "TEC_uyx53": null}], "SC_b9q17": [{"TEC_0": null, "TEC_bh0wr": null, "TEC_lh54o": null, "TEC_zkcws": null, "TEC_76fn6": null, "TEC_4ctb0": null, "TEC_hnsfo": null, "TEC_4zs3u": null, "TEC_iqixl": null, "TEC_k4udp": null, "TEC_rlg98": null, "TEC_uis28": null, "TEC_2vwj3": null, "TEC_oknka": null, "TEC_83l58": null, "TEC_lxgi0": null, "TEC_s7wk4": null, "TEC_odq8u": null, "TEC_p46bw": null, "TEC_ssoh1": null, "TEC_vyv9s": null, "TEC_w6ezu": null, "TEC_be373": null, "TEC_l8h6e": null, "TEC_amdq6": null, "TEC_llaiz": null, "TEC_tam1a": null, "TEC_s3nb0": null, "TEC_mzxsr": null, "TEC_uyx53": null}], "SC_cmjth": [{"TEC_0": null, "TEC_bh0wr": null, "TEC_lh54o": null, "TEC_zkcws": null, "TEC_76fn6": null, "TEC_4ctb0": null, "TEC_hnsfo": null, "TEC_4zs3u": null, "TEC_iqixl": null, "TEC_k4udp": null, "TEC_rlg98": null, "TEC_uis28": null, "TEC_2vwj3": null, "TEC_oknka": null, "TEC_83l58": null, "TEC_lxgi0": null, "TEC_s7wk4": null, "TEC_odq8u": null, "TEC_p46bw": null, "TEC_ssoh1": null, "TEC_vyv9s": null, "TEC_w6ezu": null, "TEC_be373": null, "TEC_l8h6e": null, "TEC_amdq6": null, "TEC_llaiz": null, "TEC_tam1a": null, "TEC_s3nb0": null, "TEC_mzxsr": null, "TEC_uyx53": null}]}, "OL": {"SC_0": [{"TEC_0": 30, "TEC_bh0wr": 30, "TEC_lh54o": 30, "TEC_zkcws": 30, "TEC_76fn6": 50, "TEC_4ctb0": 100, "TEC_hnsfo": 100, "TEC_4zs3u": 100, "TEC_iqixl": 30, "TEC_k4udp": 30, "TEC_rlg98": 100, "TEC_uis28": 100, "TEC_2vwj3": 15, "TEC_oknka": 15, "TEC_83l58": 15, "TEC_lxgi0": 15, "TEC_s7wk4": 50, "TEC_odq8u": 20, "TEC_p46bw": 100, "TEC_ssoh1": 100, "TEC_vyv9s": 100, "TEC_w6ezu": 20, "TEC_be373": 20, "TEC_l8h6e": 20, "TEC_amdq6": 20, "TEC_llaiz": 20, "TEC_tam1a": 1, "TEC_s3nb0": 1, "TEC_mzxsr": 1, "TEC_uyx53": 1}], "SC_s1mu3": [{"TEC_0": null, "TEC_bh0wr": null, "TEC_lh54o": null, "TEC_zkcws": null, "TEC_76fn6": null, "TEC_4ctb0": null, "TEC_hnsfo": null, "TEC_4zs3u": null, "TEC_iqixl": null, "TEC_k4udp": null, "TEC_rlg98": null, "TEC_uis28": null, "TEC_2vwj3": null, "TEC_oknka": null, "TEC_83l58": null, "TEC_lxgi0": null, "TEC_s7wk4": null, "TEC_odq8u": null, "TEC_p46bw": null, "TEC_ssoh1": null, "TEC_vyv9s": null, "TEC_w6ezu": null, "TEC_be373": null, "TEC_l8h6e": null, "TEC_amdq6": null, "TEC_llaiz": null, "TEC_tam1a": null, "TEC_s3nb0": null, "TEC_mzxsr": null, "TEC_uyx53": null}], "SC_b9q17": [{"TEC_0": null, "TEC_bh0wr": null, "TEC_lh54o": null, "TEC_zkcws": null, "TEC_76fn6": null, "TEC_4ctb0": null, "TEC_hnsfo": null, "TEC_4zs3u": null, "TEC_iqixl": null, "TEC_k4udp": null, "TEC_rlg98": null, "TEC_uis28": null, "TEC_2vwj3": null, "TEC_oknka": null, "TEC_83l58": null, "TEC_lxgi0": null, "TEC_s7wk4": null, "TEC_odq8u": null, "TEC_p46bw": null, "TEC_ssoh1": null, "TEC_vyv9s": null, "TEC_w6ezu": null, "TEC_be373": null, "TEC_l8h6e": null, "TEC_amdq6": null, "TEC_llaiz": null, "TEC_tam1a": null, "TEC_s3nb0": null, "TEC_mzxsr": null, "TEC_uyx53": null}], "SC_cmjth": [{"TEC_0": null, "TEC_bh0wr": null, "TEC_lh54o": null, "TEC_zkcws": null, "TEC_76fn6": null, "TEC_4ctb0": null, "TEC_hnsfo": null, "TEC_4zs3u": null, "TEC_iqixl": null, "TEC_k4udp": null, "TEC_rlg98": null, "TEC_uis28": null, "TEC_2vwj3": null, "TEC_oknka": null, "TEC_83l58": null, "TEC_lxgi0": null, "TEC_s7wk4": null, "TEC_odq8u": null, "TEC_p46bw": null, "TEC_ssoh1": null, "TEC_vyv9s": null, "TEC_w6ezu": null, "TEC_be373": null, "TEC_l8h6e": null, "TEC_amdq6": null, "TEC_llaiz": null, "TEC_tam1a": null, "TEC_s3nb0": null, "TEC_mzxsr": null, "TEC_uyx53": null}]}, "TMPAL": {"SC_0": [{"TEC_0": 0, "TEC_bh0wr": 0, "TEC_lh54o": 0, "TEC_zkcws": 0, "TEC_76fn6": 0, "TEC_4ctb0": 0, "TEC_hnsfo": 0, "TEC_4zs3u": 0, "TEC_iqixl": 0, "TEC_k4udp": 0, "TEC_rlg98": 0, "TEC_uis28": 0, "TEC_2vwj3": 0, "TEC_oknka": 0, "TEC_83l58": 0, "TEC_lxgi0": 0, "TEC_s7wk4": 0, "TEC_odq8u": 0, "TEC_p46bw": 0, "TEC_ssoh1": 0, "TEC_vyv9s": 0, "TEC_w6ezu": 0, "TEC_be373": 0, "TEC_l8h6e": 0, "TEC_amdq6": 0, "TEC_llaiz": 0, "TEC_tam1a": 0, "TEC_s3nb0": 0, "TEC_mzxsr": 0, "TEC_uyx53": 0}], "SC_s1mu3": [{"TEC_0": null, "TEC_bh0wr": null, "TEC_lh54o": null, "TEC_zkcws": null, "TEC_76fn6": null, "TEC_4ctb0": null, "TEC_hnsfo": null, "TEC_4zs3u": null, "TEC_iqixl": null, "TEC_k4udp": null, "TEC_rlg98": null, "TEC_uis28": null, "TEC_2vwj3": null, "TEC_oknka": null, "TEC_83l58": null, "TEC_lxgi0": null, "TEC_s7wk4": null, "TEC_odq8u": null, "TEC_p46bw": null, "TEC_ssoh1": null, "TEC_vyv9s": null, "TEC_w6ezu": null, "TEC_be373": null, "TEC_l8h6e": null, "TEC_amdq6": null, "TEC_llaiz": null, "TEC_tam1a": null, "TEC_s3nb0": null, "TEC_mzxsr": null, "TEC_uyx53": null}], "SC_b9q17": [{"TEC_0": null, "TEC_bh0wr": null, "TEC_lh54o": null, "TEC_zkcws": null, "TEC_76fn6": null, "TEC_4ctb0": null, "TEC_hnsfo": null, "TEC_4zs3u": null, "TEC_iqixl": null, "TEC_k4udp": null, "TEC_rlg98": null, "TEC_uis28": null, "TEC_2vwj3": null, "TEC_oknka": null, "TEC_83l58": null, "TEC_lxgi0": null, "TEC_s7wk4": null, "TEC_odq8u": null, "TEC_p46bw": null, "TEC_ssoh1": null, "TEC_vyv9s": null, "TEC_w6ezu": null, "TEC_be373": null, "TEC_l8h6e": null, "TEC_amdq6": null, "TEC_llaiz": null, "TEC_tam1a": null, "TEC_s3nb0": null, "TEC_mzxsr": null, "TEC_uyx53": null}], "SC_cmjth": [{"TEC_0": null, "TEC_bh0wr": null, "TEC_lh54o": null, "TEC_zkcws": null, "TEC_76fn6": null, "TEC_4ctb0": null, "TEC_hnsfo": null, "TEC_4zs3u": null, "TEC_iqixl": null, "TEC_k4udp": null, "TEC_rlg98": null, "TEC_uis28": null, "TEC_2vwj3": null, "TEC_oknka": null, "TEC_83l58": null, "TEC_lxgi0": null, "TEC_s7wk4": null, "TEC_odq8u": null, "TEC_p46bw": null, "TEC_ssoh1": null, "TEC_vyv9s": null, "TEC_w6ezu": null, "TEC_be373": null, "TEC_l8h6e": null, "TEC_amdq6": null, "TEC_llaiz": null, "TEC_tam1a": null, "TEC_s3nb0": null, "TEC_mzxsr": null, "TEC_uyx53": null}]}, "TMPAU": {"SC_0": [{"TEC_0": 999999, "TEC_bh0wr": 999999, "TEC_lh54o": 999999, "TEC_zkcws": 999999, "TEC_76fn6": 999999, "TEC_4ctb0": 999999, "TEC_hnsfo": 999999, "TEC_4zs3u": 999999, "TEC_iqixl": 999999, "TEC_k4udp": 999999, "TEC_rlg98": 999999, "TEC_uis28": 999999, "TEC_2vwj3": 999999, "TEC_oknka": 999999, "TEC_83l58": 999999, "TEC_lxgi0": 999999, "TEC_s7wk4": 999999, "TEC_odq8u": 999999, "TEC_p46bw": 999999, "TEC_ssoh1": 999999, "TEC_vyv9s": 999999, "TEC_w6ezu": 999999, "TEC_be373": 999999, "TEC_l8h6e": 999999, "TEC_amdq6": 999999, "TEC_llaiz": 999999, "TEC_tam1a": 999999, "TEC_s3nb0": 999999, "TEC_mzxsr": 999999, "TEC_uyx53": 999999}], "SC_s1mu3": [{"TEC_0": null, "TEC_bh0wr": null, "TEC_lh54o": null, "TEC_zkcws": null, "TEC_76fn6": null, "TEC_4ctb0": null, "TEC_hnsfo": null, "TEC_4zs3u": null, "TEC_iqixl": null, "TEC_k4udp": null, "TEC_rlg98": null, "TEC_uis28": null, "TEC_2vwj3": null, "TEC_oknka": null, "TEC_83l58": null, "TEC_lxgi0": null, "TEC_s7wk4": null, "TEC_odq8u": null, "TEC_p46bw": null, "TEC_ssoh1": null, "TEC_vyv9s": null, "TEC_w6ezu": null, "TEC_be373": null, "TEC_l8h6e": null, "TEC_amdq6": null, "TEC_llaiz": null, "TEC_tam1a": null, "TEC_s3nb0": null, "TEC_mzxsr": null, "TEC_uyx53": null}], "SC_b9q17": [{"TEC_0": null, "TEC_bh0wr": null, "TEC_lh54o": null, "TEC_zkcws": null, "TEC_76fn6": null, "TEC_4ctb0": null, "TEC_hnsfo": null, "TEC_4zs3u": null, "TEC_iqixl": null, "TEC_k4udp": null, "TEC_rlg98": null, "TEC_uis28": null, "TEC_2vwj3": null, "TEC_oknka": null, "TEC_83l58": null, "TEC_lxgi0": null, "TEC_s7wk4": null, "TEC_odq8u": null, "TEC_p46bw": null, "TEC_ssoh1": null, "TEC_vyv9s": null, "TEC_w6ezu": null, "TEC_be373": null, "TEC_l8h6e": null, "TEC_amdq6": null, "TEC_llaiz": null, "TEC_tam1a": null, "TEC_s3nb0": null, "TEC_mzxsr": null, "TEC_uyx53": null}], "SC_cmjth": [{"TEC_0": null, "TEC_bh0wr": null, "TEC_lh54o": null, "TEC_zkcws": null, "TEC_76fn6": null, "TEC_4ctb0": null, "TEC_hnsfo": null, "TEC_4zs3u": null, "TEC_iqixl": null, "TEC_k4udp": null, "TEC_rlg98": null, "TEC_uis28": null, "TEC_2vwj3": null, "TEC_oknka": null, "TEC_83l58": null, "TEC_lxgi0": null, "TEC_s7wk4": null, "TEC_odq8u": null, "TEC_p46bw": null, "TEC_ssoh1": null, "TEC_vyv9s": null, "TEC_w6ezu": null, "TEC_be373": null, "TEC_l8h6e": null, "TEC_amdq6": null, "TEC_llaiz": null, "TEC_tam1a": null, "TEC_s3nb0": null, "TEC_mzxsr": null, "TEC_uyx53": null}]}}