{"TTS": {"SC_0": [{"StgId": "STG_8sgc3", "TechId": "TEC_mzxsr", "MoId": 1, "Value": 1}], "SC_s1mu3": [{"StgId": "STG_8sgc3", "TechId": "TEC_mzxsr", "MoId": 1, "Value": null}], "SC_b9q17": [{"StgId": "STG_8sgc3", "TechId": "TEC_mzxsr", "MoId": 1, "Value": null}], "SC_cmjth": [{"StgId": "STG_8sgc3", "TechId": "TEC_mzxsr", "MoId": 1, "Value": null}]}, "TFS": {"SC_0": [{"StgId": "STG_8sgc3", "TechId": "TEC_uyx53", "MoId": 1, "Value": 1}], "SC_s1mu3": [{"StgId": "STG_8sgc3", "TechId": "TEC_uyx53", "MoId": 1, "Value": null}], "SC_b9q17": [{"StgId": "STG_8sgc3", "TechId": "TEC_uyx53", "MoId": 1, "Value": null}], "SC_cmjth": [{"StgId": "STG_8sgc3", "TechId": "TEC_uyx53", "MoId": 1, "Value": null}]}}