{"AEL": {"SC_0": [{"EmisId": "EMI_0", "2020": 999999, "2021": 999999, "2022": 999999, "2023": 999999, "2024": 999999, "2025": 999999, "2026": 999999, "2027": 999999, "2028": 999999, "2029": 999999, "2030": 999999, "2031": 999999, "2032": 999999, "2033": 999999, "2034": 999999, "2035": 999999}, {"EmisId": "EMI_4inlr", "2020": 999999, "2021": 999999, "2022": 999999, "2023": 999999, "2024": 999999, "2025": 999999, "2026": 999999, "2027": 999999, "2028": 999999, "2029": 999999, "2030": 999999, "2031": 999999, "2032": 999999, "2033": 999999, "2034": 999999, "2035": 999999}, {"EmisId": "EMI_5t38o", "2020": 999999, "2021": 999999, "2022": 999999, "2023": 999999, "2024": 999999, "2025": 999999, "2026": 999999, "2027": 999999, "2028": 999999, "2029": 999999, "2030": 999999, "2031": 999999, "2032": 999999, "2033": 999999, "2034": 999999, "2035": 999999}, {"EmisId": "EMI_6ku9o", "2020": 999999, "2021": 999999, "2022": 999999, "2023": 999999, "2024": 999999, "2025": 999999, "2026": 999999, "2027": 999999, "2028": 999999, "2029": 999999, "2030": 999999, "2031": 999999, "2032": 999999, "2033": 999999, "2034": 999999, "2035": 999999}], "SC_s1mu3": [{"EmisId": "EMI_0", "2020": null, "2021": null, "2022": null, "2023": null, "2024": null, "2025": null, "2026": null, "2027": null, "2028": null, "2029": null, "2030": null, "2031": null, "2032": null, "2033": null, "2034": null, "2035": null}, {"EmisId": "EMI_4inlr", "2020": null, "2021": null, "2022": null, "2023": null, "2024": null, "2025": null, "2026": null, "2027": null, "2028": null, "2029": null, "2030": null, "2031": null, "2032": null, "2033": null, "2034": null, "2035": null}, {"EmisId": "EMI_5t38o", "2020": null, "2021": null, "2022": null, "2023": null, "2024": null, "2025": null, "2026": null, "2027": null, "2028": null, "2029": null, "2030": null, "2031": null, "2032": null, "2033": null, "2034": null, "2035": null}, {"EmisId": "EMI_6ku9o", "2020": null, "2021": null, "2022": null, "2023": null, "2024": null, "2025": null, "2026": null, "2027": null, "2028": null, "2029": null, "2030": null, "2031": null, "2032": null, "2033": null, "2034": null, "2035": null}], "SC_b9q17": [{"EmisId": "EMI_0", "2020": null, "2021": null, "2022": null, "2023": null, "2024": null, "2025": null, "2026": null, "2027": null, "2028": null, "2029": null, "2030": null, "2031": null, "2032": null, "2033": null, "2034": null, "2035": null}, {"EmisId": "EMI_4inlr", "2020": null, "2021": null, "2022": null, "2023": null, "2024": null, "2025": null, "2026": null, "2027": null, "2028": null, "2029": null, "2030": null, "2031": null, "2032": null, "2033": null, "2034": null, "2035": null}, {"EmisId": "EMI_5t38o", "2020": null, "2021": null, "2022": null, "2023": null, "2024": null, "2025": null, "2026": null, "2027": null, "2028": null, "2029": null, "2030": null, "2031": null, "2032": null, "2033": null, "2034": null, "2035": null}, {"EmisId": "EMI_6ku9o", "2020": null, "2021": null, "2022": null, "2023": null, "2024": null, "2025": null, "2026": null, "2027": null, "2028": null, "2029": null, "2030": null, "2031": null, "2032": null, "2033": null, "2034": null, "2035": null}], "SC_cmjth": [{"EmisId": "EMI_0", "2020": null, "2021": null, "2022": null, "2023": null, "2024": null, "2025": null, "2026": null, "2027": null, "2028": null, "2029": null, "2030": null, "2031": null, "2032": null, "2033": null, "2034": null, "2035": null}, {"EmisId": "EMI_4inlr", "2020": null, "2021": null, "2022": null, "2023": null, "2024": null, "2025": null, "2026": null, "2027": null, "2028": null, "2029": null, "2030": null, "2031": null, "2032": null, "2033": null, "2034": null, "2035": null}, {"EmisId": "EMI_5t38o", "2020": null, "2021": null, "2022": null, "2023": null, "2024": null, "2025": null, "2026": null, "2027": null, "2028": null, "2029": null, "2030": null, "2031": null, "2032": null, "2033": null, "2034": null, "2035": null}, {"EmisId": "EMI_6ku9o", "2020": null, "2021": null, "2022": null, "2023": null, "2024": null, "2025": null, "2026": null, "2027": null, "2028": null, "2029": null, "2030": null, "2031": null, "2032": null, "2033": null, "2034": null, "2035": null}]}, "EP": {"SC_0": [{"EmisId": "EMI_0", "2020": 0, "2021": 0, "2022": 0, "2023": 0, "2024": 0, "2025": 0, "2026": 0, "2027": 0, "2028": 0, "2029": 0, "2030": 0, "2031": 0, "2032": 0, "2033": 0, "2034": 0, "2035": 0}, {"EmisId": "EMI_4inlr", "2020": 0, "2021": 0, "2022": 0, "2023": 0, "2024": 0, "2025": 0, "2026": 0, "2027": 0, "2028": 0, "2029": 0, "2030": 0, "2031": 0, "2032": 0, "2033": 0, "2034": 0, "2035": 0}, {"EmisId": "EMI_5t38o", "2020": 0, "2021": 0, "2022": 0, "2023": 0, "2024": 0, "2025": 0, "2026": 0, "2027": 0, "2028": 0, "2029": 0, "2030": 0, "2031": 0, "2032": 0, "2033": 0, "2034": 0, "2035": 0}, {"EmisId": "EMI_6ku9o", "2020": 0, "2021": 0, "2022": 0, "2023": 0, "2024": 0, "2025": 0, "2026": 0, "2027": 0, "2028": 0, "2029": 0, "2030": 0, "2031": 0, "2032": 0, "2033": 0, "2034": 0, "2035": 0}], "SC_s1mu3": [{"EmisId": "EMI_0", "2020": null, "2021": null, "2022": null, "2023": null, "2024": null, "2025": null, "2026": null, "2027": null, "2028": null, "2029": null, "2030": null, "2031": null, "2032": null, "2033": null, "2034": null, "2035": null}, {"EmisId": "EMI_4inlr", "2020": null, "2021": null, "2022": null, "2023": null, "2024": null, "2025": null, "2026": null, "2027": null, "2028": null, "2029": null, "2030": null, "2031": null, "2032": null, "2033": null, "2034": null, "2035": null}, {"EmisId": "EMI_5t38o", "2020": null, "2021": null, "2022": null, "2023": null, "2024": null, "2025": null, "2026": null, "2027": null, "2028": null, "2029": null, "2030": null, "2031": null, "2032": null, "2033": null, "2034": null, "2035": null}, {"EmisId": "EMI_6ku9o", "2020": null, "2021": null, "2022": null, "2023": null, "2024": null, "2025": null, "2026": null, "2027": null, "2028": null, "2029": null, "2030": null, "2031": null, "2032": null, "2033": null, "2034": null, "2035": null}], "SC_b9q17": [{"EmisId": "EMI_0", "2020": 0, "2021": 0, "2022": 0, "2023": 0, "2024": 0, "2025": 0, "2026": 0, "2027": 0, "2028": 0, "2029": 0, "2030": 0, "2031": 0, "2032": 0, "2033": 0, "2034": 0, "2035": 0}, {"EmisId": "EMI_4inlr", "2020": 0, "2021": 0, "2022": 0, "2023": 0, "2024": 0, "2025": 0, "2026": 0, "2027": 0, "2028": 0, "2029": 0, "2030": 0, "2031": 0, "2032": 0, "2033": 0, "2034": 0, "2035": 0}, {"EmisId": "EMI_5t38o", "2020": 0, "2021": 0, "2022": 0, "2023": 0, "2024": 0, "2025": 0, "2026": 0, "2027": 0, "2028": 0, "2029": 0, "2030": 0, "2031": 0, "2032": 0, "2033": 0, "2034": 0, "2035": 0}, {"EmisId": "EMI_6ku9o", "2020": 0.025, "2021": 0.026, "2022": 0.027, "2023": 0.027, "2024": 0.028, "2025": 0.029, "2026": 0.03, "2027": 0.031, "2028": 0.032, "2029": 0.033, "2030": 0.034, "2031": 0.035, "2032": 0.036, "2033": 0.037, "2034": 0.038, "2035": 0.039}], "SC_cmjth": [{"EmisId": "EMI_0", "2020": null, "2021": null, "2022": null, "2023": null, "2024": null, "2025": null, "2026": null, "2027": null, "2028": null, "2029": null, "2030": null, "2031": null, "2032": null, "2033": null, "2034": null, "2035": null}, {"EmisId": "EMI_4inlr", "2020": null, "2021": null, "2022": null, "2023": null, "2024": null, "2025": null, "2026": null, "2027": null, "2028": null, "2029": null, "2030": null, "2031": null, "2032": null, "2033": null, "2034": null, "2035": null}, {"EmisId": "EMI_5t38o", "2020": null, "2021": null, "2022": null, "2023": null, "2024": null, "2025": null, "2026": null, "2027": null, "2028": null, "2029": null, "2030": null, "2031": null, "2032": null, "2033": null, "2034": null, "2035": null}, {"EmisId": "EMI_6ku9o", "2020": null, "2021": null, "2022": null, "2023": null, "2024": null, "2025": null, "2026": null, "2027": null, "2028": null, "2029": null, "2030": null, "2031": null, "2032": null, "2033": null, "2034": null, "2035": null}]}}