{"DIDT": {"SC_0": [{"SeId": "SE_0", "DtId": "DT_0", "2020": 1, "2021": 1, "2022": 1, "2023": 1, "2024": 1, "2025": 1, "2026": 1, "2027": 1, "2028": 1, "2029": 1, "2030": 1, "2031": 1, "2032": 1, "2033": 1, "2034": 1, "2035": 1}, {"SeId": "SE_8uohg", "DtId": "DT_0", "2020": 1, "2021": 1, "2022": 1, "2023": 1, "2024": 1, "2025": 1, "2026": 1, "2027": 1, "2028": 1, "2029": 1, "2030": 1, "2031": 1, "2032": 1, "2033": 1, "2034": 1, "2035": 1}], "SC_s1mu3": [{"SeId": "SE_0", "DtId": "DT_0", "2020": null, "2021": null, "2022": null, "2023": null, "2024": null, "2025": null, "2026": null, "2027": null, "2028": null, "2029": null, "2030": null, "2031": null, "2032": null, "2033": null, "2034": null, "2035": null}, {"SeId": "SE_8uohg", "DtId": "DT_0", "2020": null, "2021": null, "2022": null, "2023": null, "2024": null, "2025": null, "2026": null, "2027": null, "2028": null, "2029": null, "2030": null, "2031": null, "2032": null, "2033": null, "2034": null, "2035": null}], "SC_b9q17": [{"SeId": "SE_0", "DtId": "DT_0", "2020": null, "2021": null, "2022": null, "2023": null, "2024": null, "2025": null, "2026": null, "2027": null, "2028": null, "2029": null, "2030": null, "2031": null, "2032": null, "2033": null, "2034": null, "2035": null}, {"SeId": "SE_8uohg", "DtId": "DT_0", "2020": null, "2021": null, "2022": null, "2023": null, "2024": null, "2025": null, "2026": null, "2027": null, "2028": null, "2029": null, "2030": null, "2031": null, "2032": null, "2033": null, "2034": null, "2035": null}], "SC_cmjth": [{"SeId": "SE_0", "DtId": "DT_0", "2020": null, "2021": null, "2022": null, "2023": null, "2024": null, "2025": null, "2026": null, "2027": null, "2028": null, "2029": null, "2030": null, "2031": null, "2032": null, "2033": null, "2034": null, "2035": null}, {"SeId": "SE_8uohg", "DtId": "DT_0", "2020": null, "2021": null, "2022": null, "2023": null, "2024": null, "2025": null, "2026": null, "2027": null, "2028": null, "2029": null, "2030": null, "2031": null, "2032": null, "2033": null, "2034": null, "2035": null}]}}