{"CCM": {"SC_0": [{"TechId": "TEC_lh54o", "ConId": "CO_nfp2y", "2020": 0, "2021": 0, "2022": 0, "2023": 0, "2024": 0, "2025": 0, "2026": 0, "2027": 0, "2028": 0, "2029": 0, "2030": 0, "2031": 0, "2032": 0, "2033": 0, "2034": 0, "2035": 0}, {"TechId": "TEC_zkcws", "ConId": "CO_nfp2y", "2020": 0, "2021": 0, "2022": 0, "2023": 0, "2024": 0, "2025": 0, "2026": 0, "2027": 0, "2028": 0, "2029": 0, "2030": 0, "2031": 0, "2032": 0, "2033": 0, "2034": 0, "2035": 0}, {"TechId": "TEC_iqixl", "ConId": "CO_nfp2y", "2020": 0, "2021": 0, "2022": 0, "2023": 0, "2024": 0, "2025": 0, "2026": 0, "2027": 0, "2028": 0, "2029": 0, "2030": 0, "2031": 0, "2032": 0, "2033": 0, "2034": 0, "2035": 0}, {"TechId": "TEC_k4udp", "ConId": "CO_nfp2y", "2020": 0, "2021": 0, "2022": 0, "2023": 0, "2024": 0, "2025": 0, "2026": 0, "2027": 0, "2028": 0, "2029": 0, "2030": 0, "2031": 0, "2032": 0, "2033": 0, "2034": 0, "2035": 0}, {"TechId": "TEC_rlg98", "ConId": "CO_nfp2y", "2020": 0, "2021": 0, "2022": 0, "2023": 0, "2024": 0, "2025": 0, "2026": 0, "2027": 0, "2028": 0, "2029": 0, "2030": 0, "2031": 0, "2032": 0, "2033": 0, "2034": 0, "2035": 0}], "SC_s1mu3": [{"TechId": "TEC_lh54o", "ConId": "CO_nfp2y", "2020": null, "2021": null, "2022": null, "2023": null, "2024": null, "2025": null, "2026": null, "2027": null, "2028": null, "2029": null, "2030": null, "2031": null, "2032": null, "2033": null, "2034": null, "2035": null}, {"TechId": "TEC_zkcws", "ConId": "CO_nfp2y", "2020": null, "2021": null, "2022": null, "2023": null, "2024": null, "2025": null, "2026": null, "2027": null, "2028": null, "2029": null, "2030": null, "2031": null, "2032": null, "2033": null, "2034": null, "2035": null}, {"TechId": "TEC_iqixl", "ConId": "CO_nfp2y", "2020": null, "2021": null, "2022": null, "2023": null, "2024": null, "2025": null, "2026": null, "2027": null, "2028": null, "2029": null, "2030": null, "2031": null, "2032": null, "2033": null, "2034": null, "2035": null}, {"TechId": "TEC_k4udp", "ConId": "CO_nfp2y", "2020": null, "2021": null, "2022": null, "2023": null, "2024": null, "2025": null, "2026": null, "2027": null, "2028": null, "2029": null, "2030": null, "2031": null, "2032": null, "2033": null, "2034": null, "2035": null}, {"TechId": "TEC_rlg98", "ConId": "CO_nfp2y", "2020": null, "2021": null, "2022": null, "2023": null, "2024": null, "2025": null, "2026": null, "2027": null, "2028": null, "2029": null, "2030": null, "2031": null, "2032": null, "2033": null, "2034": null, "2035": null}], "SC_b9q17": [{"TechId": "TEC_lh54o", "ConId": "CO_nfp2y", "2020": null, "2021": null, "2022": null, "2023": null, "2024": null, "2025": null, "2026": null, "2027": null, "2028": null, "2029": null, "2030": null, "2031": null, "2032": null, "2033": null, "2034": null, "2035": null}, {"TechId": "TEC_zkcws", "ConId": "CO_nfp2y", "2020": null, "2021": null, "2022": null, "2023": null, "2024": null, "2025": null, "2026": null, "2027": null, "2028": null, "2029": null, "2030": null, "2031": null, "2032": null, "2033": null, "2034": null, "2035": null}, {"TechId": "TEC_iqixl", "ConId": "CO_nfp2y", "2020": null, "2021": null, "2022": null, "2023": null, "2024": null, "2025": null, "2026": null, "2027": null, "2028": null, "2029": null, "2030": null, "2031": null, "2032": null, "2033": null, "2034": null, "2035": null}, {"TechId": "TEC_k4udp", "ConId": "CO_nfp2y", "2020": null, "2021": null, "2022": null, "2023": null, "2024": null, "2025": null, "2026": null, "2027": null, "2028": null, "2029": null, "2030": null, "2031": null, "2032": null, "2033": null, "2034": null, "2035": null}, {"TechId": "TEC_rlg98", "ConId": "CO_nfp2y", "2020": null, "2021": null, "2022": null, "2023": null, "2024": null, "2025": null, "2026": null, "2027": null, "2028": null, "2029": null, "2030": null, "2031": null, "2032": null, "2033": null, "2034": null, "2035": null}], "SC_cmjth": [{"TechId": "TEC_lh54o", "ConId": "CO_nfp2y", "2020": null, "2021": null, "2022": null, "2023": null, "2024": null, "2025": null, "2026": null, "2027": null, "2028": null, "2029": null, "2030": null, "2031": null, "2032": null, "2033": null, "2034": null, "2035": null}, {"TechId": "TEC_zkcws", "ConId": "CO_nfp2y", "2020": null, "2021": null, "2022": null, "2023": null, "2024": null, "2025": null, "2026": null, "2027": null, "2028": null, "2029": null, "2030": null, "2031": null, "2032": null, "2033": null, "2034": null, "2035": null}, {"TechId": "TEC_iqixl", "ConId": "CO_nfp2y", "2020": null, "2021": null, "2022": null, "2023": null, "2024": null, "2025": null, "2026": null, "2027": null, "2028": null, "2029": null, "2030": null, "2031": null, "2032": null, "2033": null, "2034": null, "2035": null}, {"TechId": "TEC_k4udp", "ConId": "CO_nfp2y", "2020": null, "2021": null, "2022": null, "2023": null, "2024": null, "2025": null, "2026": null, "2027": null, "2028": null, "2029": null, "2030": null, "2031": null, "2032": null, "2033": null, "2034": null, "2035": null}, {"TechId": "TEC_rlg98", "ConId": "CO_nfp2y", "2020": null, "2021": null, "2022": null, "2023": null, "2024": null, "2025": null, "2026": null, "2027": null, "2028": null, "2029": null, "2030": null, "2031": null, "2032": null, "2033": null, "2034": null, "2035": null}]}, "CNCM": {"SC_0": [{"TechId": "TEC_lh54o", "ConId": "CO_nfp2y", "2020": 0, "2021": 0, "2022": 0, "2023": 0, "2024": 0, "2025": 0, "2026": 0, "2027": 0, "2028": 0, "2029": 0, "2030": 0, "2031": 0, "2032": 0, "2033": 0, "2034": 0, "2035": 0}, {"TechId": "TEC_zkcws", "ConId": "CO_nfp2y", "2020": 0, "2021": 0, "2022": 0, "2023": 0, "2024": 0, "2025": 0, "2026": 0, "2027": 0, "2028": 0, "2029": 0, "2030": 0, "2031": 0, "2032": 0, "2033": 0, "2034": 0, "2035": 0}, {"TechId": "TEC_iqixl", "ConId": "CO_nfp2y", "2020": 0, "2021": 0, "2022": 0, "2023": 0, "2024": 0, "2025": 0, "2026": 0, "2027": 0, "2028": 0, "2029": 0, "2030": 0, "2031": 0, "2032": 0, "2033": 0, "2034": 0, "2035": 0}, {"TechId": "TEC_k4udp", "ConId": "CO_nfp2y", "2020": 0, "2021": 0, "2022": 0, "2023": 0, "2024": 0, "2025": 0, "2026": 0, "2027": 0, "2028": 0, "2029": 0, "2030": 0, "2031": 0, "2032": 0, "2033": 0, "2034": 0, "2035": 0}, {"TechId": "TEC_rlg98", "ConId": "CO_nfp2y", "2020": 0, "2021": 0, "2022": 0, "2023": 0, "2024": 0, "2025": 0, "2026": 0, "2027": 0, "2028": 0, "2029": 0, "2030": 0, "2031": 0, "2032": 0, "2033": 0, "2034": 0, "2035": 0}], "SC_s1mu3": [{"TechId": "TEC_lh54o", "ConId": "CO_nfp2y", "2020": null, "2021": null, "2022": null, "2023": null, "2024": null, "2025": null, "2026": null, "2027": null, "2028": null, "2029": null, "2030": null, "2031": null, "2032": null, "2033": null, "2034": null, "2035": null}, {"TechId": "TEC_zkcws", "ConId": "CO_nfp2y", "2020": null, "2021": null, "2022": null, "2023": null, "2024": null, "2025": null, "2026": null, "2027": null, "2028": null, "2029": null, "2030": null, "2031": null, "2032": null, "2033": null, "2034": null, "2035": null}, {"TechId": "TEC_iqixl", "ConId": "CO_nfp2y", "2020": null, "2021": null, "2022": null, "2023": null, "2024": null, "2025": null, "2026": null, "2027": null, "2028": null, "2029": null, "2030": null, "2031": null, "2032": null, "2033": null, "2034": null, "2035": null}, {"TechId": "TEC_k4udp", "ConId": "CO_nfp2y", "2020": null, "2021": null, "2022": null, "2023": null, "2024": null, "2025": null, "2026": null, "2027": null, "2028": null, "2029": null, "2030": null, "2031": null, "2032": null, "2033": null, "2034": null, "2035": null}, {"TechId": "TEC_rlg98", "ConId": "CO_nfp2y", "2020": null, "2021": null, "2022": null, "2023": null, "2024": null, "2025": null, "2026": null, "2027": null, "2028": null, "2029": null, "2030": null, "2031": null, "2032": null, "2033": null, "2034": null, "2035": null}], "SC_b9q17": [{"TechId": "TEC_lh54o", "ConId": "CO_nfp2y", "2020": null, "2021": null, "2022": null, "2023": null, "2024": null, "2025": null, "2026": null, "2027": null, "2028": null, "2029": null, "2030": null, "2031": null, "2032": null, "2033": null, "2034": null, "2035": null}, {"TechId": "TEC_zkcws", "ConId": "CO_nfp2y", "2020": null, "2021": null, "2022": null, "2023": null, "2024": null, "2025": null, "2026": null, "2027": null, "2028": null, "2029": null, "2030": null, "2031": null, "2032": null, "2033": null, "2034": null, "2035": null}, {"TechId": "TEC_iqixl", "ConId": "CO_nfp2y", "2020": null, "2021": null, "2022": null, "2023": null, "2024": null, "2025": null, "2026": null, "2027": null, "2028": null, "2029": null, "2030": null, "2031": null, "2032": null, "2033": null, "2034": null, "2035": null}, {"TechId": "TEC_k4udp", "ConId": "CO_nfp2y", "2020": null, "2021": null, "2022": null, "2023": null, "2024": null, "2025": null, "2026": null, "2027": null, "2028": null, "2029": null, "2030": null, "2031": null, "2032": null, "2033": null, "2034": null, "2035": null}, {"TechId": "TEC_rlg98", "ConId": "CO_nfp2y", "2020": null, "2021": null, "2022": null, "2023": null, "2024": null, "2025": null, "2026": null, "2027": null, "2028": null, "2029": null, "2030": null, "2031": null, "2032": null, "2033": null, "2034": null, "2035": null}], "SC_cmjth": [{"TechId": "TEC_lh54o", "ConId": "CO_nfp2y", "2020": null, "2021": null, "2022": null, "2023": null, "2024": null, "2025": null, "2026": null, "2027": null, "2028": null, "2029": null, "2030": null, "2031": null, "2032": null, "2033": null, "2034": null, "2035": null}, {"TechId": "TEC_zkcws", "ConId": "CO_nfp2y", "2020": null, "2021": null, "2022": null, "2023": null, "2024": null, "2025": null, "2026": null, "2027": null, "2028": null, "2029": null, "2030": null, "2031": null, "2032": null, "2033": null, "2034": null, "2035": null}, {"TechId": "TEC_iqixl", "ConId": "CO_nfp2y", "2020": null, "2021": null, "2022": null, "2023": null, "2024": null, "2025": null, "2026": null, "2027": null, "2028": null, "2029": null, "2030": null, "2031": null, "2032": null, "2033": null, "2034": null, "2035": null}, {"TechId": "TEC_k4udp", "ConId": "CO_nfp2y", "2020": null, "2021": null, "2022": null, "2023": null, "2024": null, "2025": null, "2026": null, "2027": null, "2028": null, "2029": null, "2030": null, "2031": null, "2032": null, "2033": null, "2034": null, "2035": null}, {"TechId": "TEC_rlg98", "ConId": "CO_nfp2y", "2020": null, "2021": null, "2022": null, "2023": null, "2024": null, "2025": null, "2026": null, "2027": null, "2028": null, "2029": null, "2030": null, "2031": null, "2032": null, "2033": null, "2034": null, "2035": null}]}, "CAM": {"SC_0": [{"TechId": "TEC_lh54o", "ConId": "CO_nfp2y", "2020": 0, "2021": 0, "2022": 0, "2023": 0, "2024": 0, "2025": 0, "2026": 0, "2027": 0, "2028": 0, "2029": 0, "2030": 0, "2031": 0, "2032": 0, "2033": 0, "2034": 0, "2035": 0}, {"TechId": "TEC_zkcws", "ConId": "CO_nfp2y", "2020": 0, "2021": 0, "2022": 0, "2023": 0, "2024": 0, "2025": 0, "2026": 0, "2027": 0, "2028": 0, "2029": 0, "2030": 0, "2031": 0, "2032": 0, "2033": 0, "2034": 0, "2035": 0}, {"TechId": "TEC_iqixl", "ConId": "CO_nfp2y", "2020": 0, "2021": 0, "2022": 0, "2023": 0, "2024": 0, "2025": 0, "2026": 0, "2027": 0, "2028": 0, "2029": 0, "2030": 0, "2031": 0, "2032": 0, "2033": 0, "2034": 0, "2035": 0}, {"TechId": "TEC_k4udp", "ConId": "CO_nfp2y", "2020": 0, "2021": 0, "2022": 0, "2023": 0, "2024": 0, "2025": 0, "2026": 0, "2027": 0, "2028": 0, "2029": 0, "2030": 0, "2031": 0, "2032": 0, "2033": 0, "2034": 0, "2035": 0}, {"TechId": "TEC_rlg98", "ConId": "CO_nfp2y", "2020": 0, "2021": 0, "2022": 0, "2023": 0, "2024": 0, "2025": 0, "2026": 0, "2027": 0, "2028": 0, "2029": 0, "2030": 0, "2031": 0, "2032": 0, "2033": 0, "2034": 0, "2035": 0}], "SC_s1mu3": [{"TechId": "TEC_lh54o", "ConId": "CO_nfp2y", "2020": 0.294, "2021": 0.328, "2022": 0.362, "2023": 0.396, "2024": 0.43, "2025": 0.464, "2026": 0.498, "2027": 0.532, "2028": 0.566, "2029": 0.599, "2030": 0.633, "2031": 0.666, "2032": 0.7, "2033": 0.733, "2034": 0.767, "2035": 0.8}, {"TechId": "TEC_zkcws", "ConId": "CO_nfp2y", "2020": 0.29, "2021": 0.33, "2022": 0.36, "2023": 0.4, "2024": 0.43, "2025": 0.46, "2026": 0.5, "2027": 0.53, "2028": 0.57, "2029": 0.6, "2030": 0.63, "2031": 0.67, "2032": 0.7, "2033": 0.73, "2034": 0.77, "2035": 0.8}, {"TechId": "TEC_iqixl", "ConId": "CO_nfp2y", "2020": -0.706, "2021": -0.672, "2022": -0.638, "2023": -0.604, "2024": -0.57, "2025": -0.536, "2026": -0.502, "2027": -0.468, "2028": -0.434, "2029": -0.401, "2030": -0.37, "2031": -0.33, "2032": -0.3, "2033": -0.27, "2034": -0.23, "2035": -0.2}, {"TechId": "TEC_k4udp", "ConId": "CO_nfp2y", "2020": -0.706, "2021": -0.672, "2022": -0.638, "2023": -0.604, "2024": -0.57, "2025": -0.536, "2026": -0.502, "2027": -0.468, "2028": -0.434, "2029": -0.401, "2030": -0.37, "2031": -0.33, "2032": -0.3, "2033": -0.27, "2034": -0.23, "2035": -0.2}, {"TechId": "TEC_rlg98", "ConId": "CO_nfp2y", "2020": -0.706, "2021": -0.672, "2022": -0.638, "2023": -0.604, "2024": -0.57, "2025": -0.536, "2026": -0.502, "2027": -0.468, "2028": -0.434, "2029": -0.401, "2030": -0.37, "2031": -0.33, "2032": -0.3, "2033": -0.27, "2034": -0.23, "2035": -0.2}], "SC_b9q17": [{"TechId": "TEC_lh54o", "ConId": "CO_nfp2y", "2020": null, "2021": null, "2022": null, "2023": null, "2024": null, "2025": null, "2026": null, "2027": null, "2028": null, "2029": null, "2030": null, "2031": null, "2032": null, "2033": null, "2034": null, "2035": null}, {"TechId": "TEC_zkcws", "ConId": "CO_nfp2y", "2020": null, "2021": null, "2022": null, "2023": null, "2024": null, "2025": null, "2026": null, "2027": null, "2028": null, "2029": null, "2030": null, "2031": null, "2032": null, "2033": null, "2034": null, "2035": null}, {"TechId": "TEC_iqixl", "ConId": "CO_nfp2y", "2020": null, "2021": null, "2022": null, "2023": null, "2024": null, "2025": null, "2026": null, "2027": null, "2028": null, "2029": null, "2030": null, "2031": null, "2032": null, "2033": null, "2034": null, "2035": null}, {"TechId": "TEC_k4udp", "ConId": "CO_nfp2y", "2020": null, "2021": null, "2022": null, "2023": null, "2024": null, "2025": null, "2026": null, "2027": null, "2028": null, "2029": null, "2030": null, "2031": null, "2032": null, "2033": null, "2034": null, "2035": null}, {"TechId": "TEC_rlg98", "ConId": "CO_nfp2y", "2020": null, "2021": null, "2022": null, "2023": null, "2024": null, "2025": null, "2026": null, "2027": null, "2028": null, "2029": null, "2030": null, "2031": null, "2032": null, "2033": null, "2034": null, "2035": null}], "SC_cmjth": [{"TechId": "TEC_lh54o", "ConId": "CO_nfp2y", "2020": null, "2021": null, "2022": null, "2023": null, "2024": null, "2025": null, "2026": null, "2027": null, "2028": null, "2029": null, "2030": null, "2031": null, "2032": null, "2033": null, "2034": null, "2035": null}, {"TechId": "TEC_zkcws", "ConId": "CO_nfp2y", "2020": null, "2021": null, "2022": null, "2023": null, "2024": null, "2025": null, "2026": null, "2027": null, "2028": null, "2029": null, "2030": null, "2031": null, "2032": null, "2033": null, "2034": null, "2035": null}, {"TechId": "TEC_iqixl", "ConId": "CO_nfp2y", "2020": null, "2021": null, "2022": null, "2023": null, "2024": null, "2025": null, "2026": null, "2027": null, "2028": null, "2029": null, "2030": null, "2031": null, "2032": null, "2033": null, "2034": null, "2035": null}, {"TechId": "TEC_k4udp", "ConId": "CO_nfp2y", "2020": null, "2021": null, "2022": null, "2023": null, "2024": null, "2025": null, "2026": null, "2027": null, "2028": null, "2029": null, "2030": null, "2031": null, "2032": null, "2033": null, "2034": null, "2035": null}, {"TechId": "TEC_rlg98", "ConId": "CO_nfp2y", "2020": null, "2021": null, "2022": null, "2023": null, "2024": null, "2025": null, "2026": null, "2027": null, "2028": null, "2029": null, "2030": null, "2031": null, "2032": null, "2033": null, "2034": null, "2035": null}]}}