{"INCR": {"SC_0": [{"TechId": "TEC_lh54o", "CommId": "COM_eyp08", "2020": 0.7, "2021": 0.7, "2022": 0.7, "2023": 0.7, "2024": 0.7, "2025": 0.7, "2026": 0.7, "2027": 0.7, "2028": 0.7, "2029": 0.7, "2030": 0.7, "2031": 0.7, "2032": 0.7, "2033": 0.7, "2034": 0.7, "2035": 0.7}, {"TechId": "TEC_zkcws", "CommId": "COM_eyp08", "2020": 0.3, "2021": 0.3, "2022": 0.3, "2023": 0.3, "2024": 0.3, "2025": 0.3, "2026": 0.3, "2027": 0.3, "2028": 0.3, "2029": 0.3, "2030": 0.3, "2031": 0.3, "2032": 0.3, "2033": 0.3, "2034": 0.3, "2035": 0.3}, {"TechId": "TEC_iqixl", "CommId": "COM_eyp08", "2020": 0.4, "2021": 0.4, "2022": 0.4, "2023": 0.4, "2024": 0.4, "2025": 0.4, "2026": 0.4, "2027": 0.4, "2028": 0.4, "2029": 0.4, "2030": 0.4, "2031": 0.4, "2032": 0.4, "2033": 0.4, "2034": 0.4, "2035": 0.4}, {"TechId": "TEC_k4udp", "CommId": "COM_eyp08", "2020": 0.1, "2021": 0.1, "2022": 0.1, "2023": 0.1, "2024": 0.1, "2025": 0.1, "2026": 0.1, "2027": 0.1, "2028": 0.1, "2029": 0.1, "2030": 0.1, "2031": 0.1, "2032": 0.1, "2033": 0.1, "2034": 0.1, "2035": 0.1}, {"TechId": "TEC_rlg98", "CommId": "COM_eyp08", "2020": 1.5, "2021": 1.5, "2022": 1.5, "2023": 1.5, "2024": 1.5, "2025": 1.5, "2026": 1.5, "2027": 1.5, "2028": 1.5, "2029": 1.5, "2030": 1.5, "2031": 1.5, "2032": 1.5, "2033": 1.5, "2034": 1.5, "2035": 1.5}], "SC_s1mu3": [{"TechId": "TEC_lh54o", "CommId": "COM_eyp08", "2020": null, "2021": null, "2022": null, "2023": null, "2024": null, "2025": null, "2026": null, "2027": null, "2028": null, "2029": null, "2030": null, "2031": null, "2032": null, "2033": null, "2034": null, "2035": null}, {"TechId": "TEC_zkcws", "CommId": "COM_eyp08", "2020": null, "2021": null, "2022": null, "2023": null, "2024": null, "2025": null, "2026": null, "2027": null, "2028": null, "2029": null, "2030": null, "2031": null, "2032": null, "2033": null, "2034": null, "2035": null}, {"TechId": "TEC_iqixl", "CommId": "COM_eyp08", "2020": null, "2021": null, "2022": null, "2023": null, "2024": null, "2025": null, "2026": null, "2027": null, "2028": null, "2029": null, "2030": null, "2031": null, "2032": null, "2033": null, "2034": null, "2035": null}, {"TechId": "TEC_k4udp", "CommId": "COM_eyp08", "2020": null, "2021": null, "2022": null, "2023": null, "2024": null, "2025": null, "2026": null, "2027": null, "2028": null, "2029": null, "2030": null, "2031": null, "2032": null, "2033": null, "2034": null, "2035": null}, {"TechId": "TEC_rlg98", "CommId": "COM_eyp08", "2020": null, "2021": null, "2022": null, "2023": null, "2024": null, "2025": null, "2026": null, "2027": null, "2028": null, "2029": null, "2030": null, "2031": null, "2032": null, "2033": null, "2034": null, "2035": null}], "SC_b9q17": [{"TechId": "TEC_lh54o", "CommId": "COM_eyp08", "2020": null, "2021": null, "2022": null, "2023": null, "2024": null, "2025": null, "2026": null, "2027": null, "2028": null, "2029": null, "2030": null, "2031": null, "2032": null, "2033": null, "2034": null, "2035": null}, {"TechId": "TEC_zkcws", "CommId": "COM_eyp08", "2020": null, "2021": null, "2022": null, "2023": null, "2024": null, "2025": null, "2026": null, "2027": null, "2028": null, "2029": null, "2030": null, "2031": null, "2032": null, "2033": null, "2034": null, "2035": null}, {"TechId": "TEC_iqixl", "CommId": "COM_eyp08", "2020": null, "2021": null, "2022": null, "2023": null, "2024": null, "2025": null, "2026": null, "2027": null, "2028": null, "2029": null, "2030": null, "2031": null, "2032": null, "2033": null, "2034": null, "2035": null}, {"TechId": "TEC_k4udp", "CommId": "COM_eyp08", "2020": null, "2021": null, "2022": null, "2023": null, "2024": null, "2025": null, "2026": null, "2027": null, "2028": null, "2029": null, "2030": null, "2031": null, "2032": null, "2033": null, "2034": null, "2035": null}, {"TechId": "TEC_rlg98", "CommId": "COM_eyp08", "2020": null, "2021": null, "2022": null, "2023": null, "2024": null, "2025": null, "2026": null, "2027": null, "2028": null, "2029": null, "2030": null, "2031": null, "2032": null, "2033": null, "2034": null, "2035": null}], "SC_cmjth": [{"TechId": "TEC_lh54o", "CommId": "COM_eyp08", "2020": null, "2021": null, "2022": null, "2023": null, "2024": null, "2025": null, "2026": null, "2027": null, "2028": null, "2029": null, "2030": null, "2031": null, "2032": null, "2033": null, "2034": null, "2035": null}, {"TechId": "TEC_zkcws", "CommId": "COM_eyp08", "2020": null, "2021": null, "2022": null, "2023": null, "2024": null, "2025": null, "2026": null, "2027": null, "2028": null, "2029": null, "2030": null, "2031": null, "2032": null, "2033": null, "2034": null, "2035": null}, {"TechId": "TEC_iqixl", "CommId": "COM_eyp08", "2020": null, "2021": null, "2022": null, "2023": null, "2024": null, "2025": null, "2026": null, "2027": null, "2028": null, "2029": null, "2030": null, "2031": null, "2032": null, "2033": null, "2034": null, "2035": null}, {"TechId": "TEC_k4udp", "CommId": "COM_eyp08", "2020": null, "2021": null, "2022": null, "2023": null, "2024": null, "2025": null, "2026": null, "2027": null, "2028": null, "2029": null, "2030": null, "2031": null, "2032": null, "2033": null, "2034": null, "2035": null}, {"TechId": "TEC_rlg98", "CommId": "COM_eyp08", "2020": null, "2021": null, "2022": null, "2023": null, "2024": null, "2025": null, "2026": null, "2027": null, "2028": null, "2029": null, "2030": null, "2031": null, "2032": null, "2033": null, "2034": null, "2035": null}]}, "ITCR": {"SC_0": [{"TechId": "TEC_rlg98", "CommId": "COM_a42ut", "2020": 0.007, "2021": 0.007, "2022": 0.007, "2023": 0.007, "2024": 0.007, "2025": 0.007, "2026": 0.007, "2027": 0.007, "2028": 0.007, "2029": 0.007, "2030": 0.007, "2031": 0.007, "2032": 0.007, "2033": 0.007, "2034": 0.007, "2035": 0.007}], "SC_s1mu3": [{"TechId": "TEC_rlg98", "CommId": "COM_a42ut", "2020": null, "2021": null, "2022": null, "2023": null, "2024": null, "2025": null, "2026": null, "2027": null, "2028": null, "2029": null, "2030": null, "2031": null, "2032": null, "2033": null, "2034": null, "2035": null}], "SC_b9q17": [{"TechId": "TEC_rlg98", "CommId": "COM_a42ut", "2020": null, "2021": null, "2022": null, "2023": null, "2024": null, "2025": null, "2026": null, "2027": null, "2028": null, "2029": null, "2030": null, "2031": null, "2032": null, "2033": null, "2034": null, "2035": null}], "SC_cmjth": [{"TechId": "TEC_rlg98", "CommId": "COM_a42ut", "2020": null, "2021": null, "2022": null, "2023": null, "2024": null, "2025": null, "2026": null, "2027": null, "2028": null, "2029": null, "2030": null, "2031": null, "2032": null, "2033": null, "2034": null, "2035": null}]}}