{"YS": {"SC_0": [{"TsId": "TS_0", "2020": 0.336, "2021": 0.336, "2022": 0.336, "2023": 0.336, "2024": 0.336, "2025": 0.336, "2026": 0.336, "2027": 0.336, "2028": 0.336, "2029": 0.336, "2030": 0.336, "2031": 0.336, "2032": 0.336, "2033": 0.336, "2034": 0.336, "2035": 0.336}, {"TsId": "TS_deawh", "2020": 0.168, "2021": 0.168, "2022": 0.168, "2023": 0.168, "2024": 0.168, "2025": 0.168, "2026": 0.168, "2027": 0.168, "2028": 0.168, "2029": 0.168, "2030": 0.168, "2031": 0.168, "2032": 0.168, "2033": 0.168, "2034": 0.168, "2035": 0.168}, {"TsId": "TS_ixgmk", "2020": 0.289, "2021": 0.289, "2022": 0.289, "2023": 0.289, "2024": 0.289, "2025": 0.289, "2026": 0.289, "2027": 0.289, "2028": 0.289, "2029": 0.289, "2030": 0.289, "2031": 0.289, "2032": 0.289, "2033": 0.289, "2034": 0.289, "2035": 0.289}, {"TsId": "TS_ig2ep", "2020": 0.207, "2021": 0.207, "2022": 0.207, "2023": 0.207, "2024": 0.207, "2025": 0.207, "2026": 0.207, "2027": 0.207, "2028": 0.207, "2029": 0.207, "2030": 0.207, "2031": 0.207, "2032": 0.207, "2033": 0.207, "2034": 0.207, "2035": 0.207}], "SC_s1mu3": [{"TsId": "TS_0", "2020": null, "2021": null, "2022": null, "2023": null, "2024": null, "2025": null, "2026": null, "2027": null, "2028": null, "2029": null, "2030": null, "2031": null, "2032": null, "2033": null, "2034": null, "2035": null}, {"TsId": "TS_deawh", "2020": null, "2021": null, "2022": null, "2023": null, "2024": null, "2025": null, "2026": null, "2027": null, "2028": null, "2029": null, "2030": null, "2031": null, "2032": null, "2033": null, "2034": null, "2035": null}, {"TsId": "TS_ixgmk", "2020": null, "2021": null, "2022": null, "2023": null, "2024": null, "2025": null, "2026": null, "2027": null, "2028": null, "2029": null, "2030": null, "2031": null, "2032": null, "2033": null, "2034": null, "2035": null}, {"TsId": "TS_ig2ep", "2020": null, "2021": null, "2022": null, "2023": null, "2024": null, "2025": null, "2026": null, "2027": null, "2028": null, "2029": null, "2030": null, "2031": null, "2032": null, "2033": null, "2034": null, "2035": null}], "SC_b9q17": [{"TsId": "TS_0", "2020": null, "2021": null, "2022": null, "2023": null, "2024": null, "2025": null, "2026": null, "2027": null, "2028": null, "2029": null, "2030": null, "2031": null, "2032": null, "2033": null, "2034": null, "2035": null}, {"TsId": "TS_deawh", "2020": null, "2021": null, "2022": null, "2023": null, "2024": null, "2025": null, "2026": null, "2027": null, "2028": null, "2029": null, "2030": null, "2031": null, "2032": null, "2033": null, "2034": null, "2035": null}, {"TsId": "TS_ixgmk", "2020": null, "2021": null, "2022": null, "2023": null, "2024": null, "2025": null, "2026": null, "2027": null, "2028": null, "2029": null, "2030": null, "2031": null, "2032": null, "2033": null, "2034": null, "2035": null}, {"TsId": "TS_ig2ep", "2020": null, "2021": null, "2022": null, "2023": null, "2024": null, "2025": null, "2026": null, "2027": null, "2028": null, "2029": null, "2030": null, "2031": null, "2032": null, "2033": null, "2034": null, "2035": null}], "SC_cmjth": [{"TsId": "TS_0", "2020": null, "2021": null, "2022": null, "2023": null, "2024": null, "2025": null, "2026": null, "2027": null, "2028": null, "2029": null, "2030": null, "2031": null, "2032": null, "2033": null, "2034": null, "2035": null}, {"TsId": "TS_deawh", "2020": null, "2021": null, "2022": null, "2023": null, "2024": null, "2025": null, "2026": null, "2027": null, "2028": null, "2029": null, "2030": null, "2031": null, "2032": null, "2033": null, "2034": null, "2035": null}, {"TsId": "TS_ixgmk", "2020": null, "2021": null, "2022": null, "2023": null, "2024": null, "2025": null, "2026": null, "2027": null, "2028": null, "2029": null, "2030": null, "2031": null, "2032": null, "2033": null, "2034": null, "2035": null}, {"TsId": "TS_ig2ep", "2020": null, "2021": null, "2022": null, "2023": null, "2024": null, "2025": null, "2026": null, "2027": null, "2028": null, "2029": null, "2030": null, "2031": null, "2032": null, "2033": null, "2034": null, "2035": null}]}}