r,t,y,AnnualVariableOperatingCost
RE1,MINCOA,2020,388.8264
RE1,MINCOA,2021,365.9855
RE1,MINCOA,2022,369.7953
RE1,MINCOA,2023,377.3642
RE1,MINCOA,2024,384.9452
RE1,MINCOA,2025,396.2728
RE1,MINCOA,2026,359.1243
RE1,MINCOA,2027,362.44
RE1,MINCOA,2028,367.6433
RE1,MINCOA,2029,295.6896
RE1,MINCOA,2030,301.4557
RE1,MINCOA,2031,311.6994
RE1,MINCOA,2032,325.139
RE1,MINCOA,2033,340.1508
RE1,MINCOA,2034,358.5243
RE1,MINCOA,2035,378.5919
RE1,MINGAS,2020,0.0
RE1,MINGAS,2021,0.0
RE1,MINGAS,2022,0.0
RE1,MINGAS,2023,0.0
RE1,MINGAS,2024,0.0
RE1,MINGAS,2025,0.0
RE1,MINGAS,2026,147.3434
RE1,MINGAS,2027,165.5745
RE1,MINGAS,2028,162.9084
RE1,MINGAS,2029,370.7045
RE1,MINGAS,2030,378.432
RE1,MINGAS,2031,378.432
RE1,MINGAS,2032,378.432
RE1,MINGAS,2033,378.432
RE1,MINGAS,2034,378.432
RE1,MINGAS,2035,378.432
RE1,PWRCOA,2020,187.5917
RE1,PWRCOA,2021,176.5719
RE1,PWRCOA,2022,178.41
RE1,PWRCOA,2023,182.0617
RE1,PWRCOA,2024,185.7192
RE1,PWRCOA,2025,191.1842
RE1,PWRCOA,2026,173.2617
RE1,PWRCOA,2027,174.8614
RE1,PWRCOA,2028,177.3718
RE1,PWRCOA,2029,142.6573
RE1,PWRCOA,2030,145.4392
RE1,PWRCOA,2031,150.3813
RE1,PWRCOA,2032,156.8653
RE1,PWRCOA,2033,164.1078
RE1,PWRCOA,2034,172.9722
RE1,PWRCOA,2035,182.654
RE1,PWRGAS,2020,0.0
RE1,PWRGAS,2021,0.0
RE1,PWRGAS,2022,0.0
RE1,PWRGAS,2023,0.0
RE1,PWRGAS,2024,0.0
RE1,PWRGAS,2025,0.0
RE1,PWRGAS,2026,6.1393
RE1,PWRGAS,2027,6.8989
RE1,PWRGAS,2028,6.7879
RE1,PWRGAS,2029,15.446
RE1,PWRGAS,2030,15.768
RE1,PWRGAS,2031,15.768
RE1,PWRGAS,2032,15.768
RE1,PWRGAS,2033,15.768
RE1,PWRGAS,2034,15.768
RE1,PWRGAS,2035,15.768
RE1,PWRTRN,2020,0.0138
RE1,PWRTRN,2021,0.0144
RE1,PWRTRN,2022,0.0156
RE1,PWRTRN,2023,0.017
RE1,PWRTRN,2024,0.0183
RE1,PWRTRN,2025,0.0197
RE1,PWRTRN,2026,0.0213
RE1,PWRTRN,2027,0.0226
RE1,PWRTRN,2028,0.0239
RE1,PWRTRN,2029,0.0252
RE1,PWRTRN,2030,0.0265
RE1,PWRTRN,2031,0.0279
RE1,PWRTRN,2032,0.0294
RE1,PWRTRN,2033,0.0308
RE1,PWRTRN,2034,0.0324
RE1,PWRTRN,2035,0.034
RE1,RSCWND,2020,0.0012
RE1,RSCWND,2021,0.0023
RE1,RSCWND,2022,0.0035
RE1,RSCWND,2023,0.0046
RE1,RSCWND,2024,0.0058
RE1,RSCWND,2025,0.0069
RE1,RSCWND,2026,0.0081
RE1,RSCWND,2027,0.0092
RE1,RSCWND,2028,0.0104
RE1,RSCWND,2029,0.0115
RE1,RSCWND,2030,0.0127
RE1,RSCWND,2031,0.0138
RE1,RSCWND,2032,0.015
RE1,RSCWND,2033,0.0161
RE1,RSCWND,2034,0.0173
RE1,RSCWND,2035,0.0184
RE1,RSCSOL,2020,0.0043
RE1,RSCSOL,2021,0.0049
RE1,RSCSOL,2022,0.0053
RE1,RSCSOL,2023,0.0058
RE1,RSCSOL,2024,0.0062
RE1,RSCSOL,2025,0.0067
RE1,RSCSOL,2026,0.0072
RE1,RSCSOL,2027,0.0079
RE1,RSCSOL,2028,0.0088
RE1,RSCSOL,2029,0.0099
RE1,RSCSOL,2030,0.011
RE1,RSCSOL,2031,0.0122
RE1,RSCSOL,2032,0.0136
RE1,RSCSOL,2033,0.015
RE1,RSCSOL,2034,0.0166
RE1,RSCSOL,2035,0.0182
RE1,RSCHYD,2020,0.0102
RE1,RSCHYD,2021,0.0102
RE1,RSCHYD,2022,0.0102
RE1,RSCHYD,2023,0.0102
RE1,RSCHYD,2024,0.0102
RE1,RSCHYD,2025,0.0102
RE1,RSCHYD,2026,0.0102
RE1,RSCHYD,2027,0.0103
RE1,RSCHYD,2028,0.0103
RE1,RSCHYD,2029,0.0103
RE1,RSCHYD,2030,0.0103
RE1,RSCHYD,2031,0.0103
RE1,RSCHYD,2032,0.0103
RE1,RSCHYD,2033,0.0103
RE1,RSCHYD,2034,0.0103
RE1,RSCHYD,2035,0.0103
RE1,PWRWND,2020,0.0012
RE1,PWRWND,2021,0.0023
RE1,PWRWND,2022,0.0035
RE1,PWRWND,2023,0.0046
RE1,PWRWND,2024,0.0058
RE1,PWRWND,2025,0.0069
RE1,PWRWND,2026,0.0081
RE1,PWRWND,2027,0.0092
RE1,PWRWND,2028,0.0104
RE1,PWRWND,2029,0.0115
RE1,PWRWND,2030,0.0127
RE1,PWRWND,2031,0.0138
RE1,PWRWND,2032,0.015
RE1,PWRWND,2033,0.0161
RE1,PWRWND,2034,0.0173
RE1,PWRWND,2035,0.0184
RE1,PWRSOL,2020,0.0043
RE1,PWRSOL,2021,0.0049
RE1,PWRSOL,2022,0.0053
RE1,PWRSOL,2023,0.0058
RE1,PWRSOL,2024,0.0062
RE1,PWRSOL,2025,0.0067
RE1,PWRSOL,2026,0.0072
RE1,PWRSOL,2027,0.0079
RE1,PWRSOL,2028,0.0088
RE1,PWRSOL,2029,0.0099
RE1,PWRSOL,2030,0.011
RE1,PWRSOL,2031,0.0122
RE1,PWRSOL,2032,0.0136
RE1,PWRSOL,2033,0.015
RE1,PWRSOL,2034,0.0166
RE1,PWRSOL,2035,0.0182
RE1,PWRHYD,2020,0.0041
RE1,PWRHYD,2021,0.0041
RE1,PWRHYD,2022,0.0041
RE1,PWRHYD,2023,0.0041
RE1,PWRHYD,2024,0.0041
RE1,PWRHYD,2025,0.0041
RE1,PWRHYD,2026,0.0041
RE1,PWRHYD,2027,0.0041
RE1,PWRHYD,2028,0.0041
RE1,PWRHYD,2029,0.0041
RE1,PWRHYD,2030,0.0041
RE1,PWRHYD,2031,0.0041
RE1,PWRHYD,2032,0.0041
RE1,PWRHYD,2033,0.0041
RE1,PWRHYD,2034,0.0041
RE1,PWRHYD,2035,0.0041
RE1,RSCLND,2020,0.03
RE1,RSCLND,2021,0.03
RE1,RSCLND,2022,0.03
RE1,RSCLND,2023,0.03
RE1,RSCLND,2024,0.03
RE1,RSCLND,2025,0.03
RE1,RSCLND,2026,0.03
RE1,RSCLND,2027,0.03
RE1,RSCLND,2028,0.03
RE1,RSCLND,2029,0.03
RE1,RSCLND,2030,0.03
RE1,RSCLND,2031,0.03
RE1,RSCLND,2032,0.03
RE1,RSCLND,2033,0.03
RE1,RSCLND,2034,0.03
RE1,RSCLND,2035,0.03
RE1,LNDMAIRNF,2020,171.5693
RE1,LNDMAIRNF,2021,175.8617
RE1,LNDMAIRNF,2022,180.2295
RE1,LNDMAIRNF,2023,184.4231
RE1,LNDMAIRNF,2024,188.6872
RE1,LNDMAIRNF,2025,194.2357
RE1,LNDMAIRNF,2026,198.3855
RE1,LNDMAIRNF,2027,202.5974
RE1,LNDMAIRNF,2028,208.0849
RE1,LNDMAIRNF,2029,213.5046
RE1,LNDMAIRNF,2030,218.9766
RE1,LNDMAIRNF,2031,224.374
RE1,LNDMAIRNF,2032,229.6929
RE1,LNDMAIRNF,2033,234.9294
RE1,LNDMAIRNF,2034,240.0795
RE1,LNDMAIRNF,2035,245.2623
RE1,LNDRICRNF,2020,80.9699
RE1,LNDRICRNF,2021,81.0004
RE1,LNDRICRNF,2022,80.8969
RE1,LNDRICRNF,2023,80.7461
RE1,LNDRICRNF,2024,80.5411
RE1,LNDRICRNF,2025,80.1811
RE1,LNDRICRNF,2026,79.7516
RE1,LNDRICRNF,2027,79.1511
RE1,LNDRICRNF,2028,78.4646
RE1,LNDRICRNF,2029,77.683
RE1,LNDRICRNF,2030,76.7035
RE1,LNDRICRNF,2031,75.6095
RE1,LNDRICRNF,2032,74.3908
RE1,LNDRICRNF,2033,73.0364
RE1,LNDRICRNF,2034,71.4414
RE1,LNDRICRNF,2035,69.6873
RE1,LNDMAIIRR,2020,17.967
RE1,LNDMAIIRR,2021,18.8654
RE1,LNDMAIIRR,2022,19.8086
RE1,LNDMAIIRR,2023,20.799
RE1,LNDMAIIRR,2024,21.839
RE1,LNDMAIIRR,2025,22.931
RE1,LNDMAIIRR,2026,24.0775
RE1,LNDMAIIRR,2027,25.2814
RE1,LNDMAIIRR,2028,26.5454
RE1,LNDMAIIRR,2029,27.8727
RE1,LNDMAIIRR,2030,29.2664
RE1,LNDMAIIRR,2031,30.7297
RE1,LNDMAIIRR,2032,32.2662
RE1,LNDMAIIRR,2033,33.8795
RE1,LNDMAIIRR,2034,35.5734
RE1,LNDMAIIRR,2035,37.3521
RE1,LNDRICIRR,2020,40.887
RE1,LNDRICIRR,2021,42.9314
RE1,LNDRICIRR,2022,45.0779
RE1,LNDRICIRR,2023,47.3318
RE1,LNDRICIRR,2024,49.6984
RE1,LNDRICIRR,2025,52.1833
RE1,LNDRICIRR,2026,54.7925
RE1,LNDRICIRR,2027,57.5321
RE1,LNDRICIRR,2028,60.4087
RE1,LNDRICIRR,2029,63.4292
RE1,LNDRICIRR,2030,66.6006
RE1,LNDRICIRR,2031,69.9306
RE1,LNDRICIRR,2032,73.4272
RE1,LNDRICIRR,2033,77.0985
RE1,LNDRICIRR,2034,80.9535
RE1,LNDRICIRR,2035,85.0011
RE1,LNDFOR,2020,-152.16
RE1,LNDFOR,2021,-151.9844
RE1,LNDFOR,2022,-151.8056
RE1,LNDFOR,2023,-151.6285
RE1,LNDFOR,2024,-151.4436
RE1,LNDFOR,2025,-151.2404
RE1,LNDFOR,2026,-151.0623
RE1,LNDFOR,2027,-150.8775
RE1,LNDFOR,2028,-150.6736
RE1,LNDFOR,2029,-150.4638
RE1,LNDFOR,2030,-150.2595
RE1,LNDFOR,2031,-150.0494
RE1,LNDFOR,2032,-149.8456
RE1,LNDFOR,2033,-149.6361
RE1,LNDFOR,2034,-149.4281
RE1,LNDFOR,2035,-149.2189
RE1,LNDBLT,2020,0.0015
RE1,LNDBLT,2021,0.0015
RE1,LNDBLT,2022,0.0015
RE1,LNDBLT,2023,0.0015
RE1,LNDBLT,2024,0.0016
RE1,LNDBLT,2025,0.0016
RE1,LNDBLT,2026,0.0016
RE1,LNDBLT,2027,0.0016
RE1,LNDBLT,2028,0.0016
RE1,LNDBLT,2029,0.0016
RE1,LNDBLT,2030,0.0017
RE1,LNDBLT,2031,0.0017
RE1,LNDBLT,2032,0.0017
RE1,LNDBLT,2033,0.0017
RE1,LNDBLT,2034,0.0017
RE1,LNDBLT,2035,0.0017
RE1,LNDWAT,2020,0.0025
RE1,LNDWAT,2021,0.0025
RE1,LNDWAT,2022,0.0025
RE1,LNDWAT,2023,0.0025
RE1,LNDWAT,2024,0.0025
RE1,LNDWAT,2025,0.0025
RE1,LNDWAT,2026,0.0025
RE1,LNDWAT,2027,0.0025
RE1,LNDWAT,2028,0.0025
RE1,LNDWAT,2029,0.0025
RE1,LNDWAT,2030,0.0025
RE1,LNDWAT,2031,0.0025
RE1,LNDWAT,2032,0.0025
RE1,LNDWAT,2033,0.0025
RE1,LNDWAT,2034,0.0025
RE1,LNDWAT,2035,0.0025
RE1,RSCPRC,2020,0.036
RE1,RSCPRC,2021,0.036
RE1,RSCPRC,2022,0.036
RE1,RSCPRC,2023,0.036
RE1,RSCPRC,2024,0.036
RE1,RSCPRC,2025,0.036
RE1,RSCPRC,2026,0.036
RE1,RSCPRC,2027,0.036
RE1,RSCPRC,2028,0.036
RE1,RSCPRC,2029,0.036
RE1,RSCPRC,2030,0.036
RE1,RSCPRC,2031,0.036
RE1,RSCPRC,2032,0.036
RE1,RSCPRC,2033,0.036
RE1,RSCPRC,2034,0.036
RE1,RSCPRC,2035,0.036
RE1,UPSWTRSUR,2020,0.0
RE1,UPSWTRSUR,2021,0.0
RE1,UPSWTRSUR,2022,0.0
RE1,UPSWTRSUR,2023,0.0
RE1,UPSWTRSUR,2024,0.0
RE1,UPSWTRSUR,2025,0.0
RE1,UPSWTRSUR,2026,0.0
RE1,UPSWTRSUR,2027,0.0
RE1,UPSWTRSUR,2028,0.0
RE1,UPSWTRSUR,2029,0.0
RE1,UPSWTRSUR,2030,0.0
RE1,UPSWTRSUR,2031,0.0
RE1,UPSWTRSUR,2032,0.0
RE1,UPSWTRSUR,2033,0.0
RE1,UPSWTRSUR,2034,0.0
RE1,UPSWTRSUR,2035,0.0
RE1,DEMPUBSURWAT,2020,0.0001
RE1,DEMPUBSURWAT,2021,0.0001
RE1,DEMPUBSURWAT,2022,0.0001
RE1,DEMPUBSURWAT,2023,0.0001
RE1,DEMPUBSURWAT,2024,0.0001
RE1,DEMPUBSURWAT,2025,0.0001
RE1,DEMPUBSURWAT,2026,0.0002
RE1,DEMPUBSURWAT,2027,0.0002
RE1,DEMPUBSURWAT,2028,0.0002
RE1,DEMPUBSURWAT,2029,0.0002
RE1,DEMPUBSURWAT,2030,0.0002
RE1,DEMPUBSURWAT,2031,0.0002
RE1,DEMPUBSURWAT,2032,0.0003
RE1,DEMPUBSURWAT,2033,0.0003
RE1,DEMPUBSURWAT,2034,0.0003
RE1,DEMPUBSURWAT,2035,0.0003
RE1,DEMPUBGWTWAT,2020,0.0
RE1,DEMPUBGWTWAT,2021,0.0
RE1,DEMPUBGWTWAT,2022,0.0
RE1,DEMPUBGWTWAT,2023,0.0
RE1,DEMPUBGWTWAT,2024,0.0
RE1,DEMPUBGWTWAT,2025,0.0
RE1,DEMPUBGWTWAT,2026,0.0
RE1,DEMPUBGWTWAT,2027,0.0
RE1,DEMPUBGWTWAT,2028,0.0
RE1,DEMPUBGWTWAT,2029,0.0
RE1,DEMPUBGWTWAT,2030,0.0
RE1,DEMPUBGWTWAT,2031,0.0
RE1,DEMPUBGWTWAT,2032,0.0
RE1,DEMPUBGWTWAT,2033,0.0
RE1,DEMPUBGWTWAT,2034,0.0
RE1,DEMPUBGWTWAT,2035,0.0
RE1,DEMAGRSURWAT,2020,0.0
RE1,DEMAGRSURWAT,2021,0.0001
RE1,DEMAGRSURWAT,2022,0.0001
RE1,DEMAGRSURWAT,2023,0.0001
RE1,DEMAGRSURWAT,2024,0.0001
RE1,DEMAGRSURWAT,2025,0.0001
RE1,DEMAGRSURWAT,2026,0.0001
RE1,DEMAGRSURWAT,2027,0.0001
RE1,DEMAGRSURWAT,2028,0.0
RE1,DEMAGRSURWAT,2029,0.0001
RE1,DEMAGRSURWAT,2030,0.0001
RE1,DEMAGRSURWAT,2031,0.0001
RE1,DEMAGRSURWAT,2032,0.0001
RE1,DEMAGRSURWAT,2033,0.0001
RE1,DEMAGRSURWAT,2034,0.0001
RE1,DEMAGRSURWAT,2035,0.0001
RE1,DEMAGRGWTWAT,2020,0.0
RE1,DEMAGRGWTWAT,2021,0.0
RE1,DEMAGRGWTWAT,2022,0.0
RE1,DEMAGRGWTWAT,2023,0.0
RE1,DEMAGRGWTWAT,2024,0.0
RE1,DEMAGRGWTWAT,2025,0.0
RE1,DEMAGRGWTWAT,2026,0.0
RE1,DEMAGRGWTWAT,2027,0.0
RE1,DEMAGRGWTWAT,2028,0.0
RE1,DEMAGRGWTWAT,2029,0.0
RE1,DEMAGRGWTWAT,2030,0.0
RE1,DEMAGRGWTWAT,2031,0.0
RE1,DEMAGRGWTWAT,2032,0.0
RE1,DEMAGRGWTWAT,2033,0.0
RE1,DEMAGRGWTWAT,2034,0.0
RE1,DEMAGRGWTWAT,2035,0.0
RE1,DEMPWRSURWAT,2020,0.0
RE1,DEMPWRSURWAT,2021,0.0
RE1,DEMPWRSURWAT,2022,0.0
RE1,DEMPWRSURWAT,2023,0.0
RE1,DEMPWRSURWAT,2024,0.0
RE1,DEMPWRSURWAT,2025,0.0
RE1,DEMPWRSURWAT,2026,0.0
RE1,DEMPWRSURWAT,2027,0.0
RE1,DEMPWRSURWAT,2028,0.0
RE1,DEMPWRSURWAT,2029,0.0
RE1,DEMPWRSURWAT,2030,0.0
RE1,DEMPWRSURWAT,2031,0.0
RE1,DEMPWRSURWAT,2032,0.0
RE1,DEMPWRSURWAT,2033,0.0
RE1,DEMPWRSURWAT,2034,0.0
RE1,DEMPWRSURWAT,2035,0.0
RE1,IMPDSL,2020,89.0358
RE1,IMPDSL,2021,72.9281
RE1,IMPDSL,2022,73.33
RE1,IMPDSL,2023,74.9125
RE1,IMPDSL,2024,76.4176
RE1,IMPDSL,2025,78.3051
RE1,IMPDSL,2026,80.0751
RE1,IMPDSL,2027,82.4642
RE1,IMPDSL,2028,85.367
RE1,IMPDSL,2029,87.8775
RE1,IMPDSL,2030,90.0878
RE1,IMPDSL,2031,92.302
RE1,IMPDSL,2032,94.8853
RE1,IMPDSL,2033,97.1321
RE1,IMPDSL,2034,99.7324
RE1,IMPDSL,2035,102.0234
RE1,DEMTRABIO,2020,0.0001
RE1,DEMTRABIO,2021,0.0001
RE1,DEMTRABIO,2022,0.0001
RE1,DEMTRABIO,2023,0.0001
RE1,DEMTRABIO,2024,0.0001
RE1,DEMTRABIO,2025,0.0001
RE1,DEMTRABIO,2026,0.0001
RE1,DEMTRABIO,2027,0.0001
RE1,DEMTRABIO,2028,0.0001
RE1,DEMTRABIO,2029,0.0002
RE1,DEMTRABIO,2030,0.0002
RE1,DEMTRABIO,2031,0.0002
RE1,DEMTRABIO,2032,0.0002
RE1,DEMTRABIO,2033,0.0002
RE1,DEMTRABIO,2034,0.0002
RE1,DEMTRABIO,2035,0.0002
RE1,STGIN,2020,0.0
RE1,STGIN,2021,0.0
RE1,STGIN,2022,0.0
RE1,STGIN,2023,0.0
RE1,STGIN,2024,0.0
RE1,STGIN,2025,0.0
RE1,STGIN,2026,0.0
RE1,STGIN,2027,0.0001
RE1,STGIN,2028,0.0003
RE1,STGIN,2029,0.0006
RE1,STGIN,2030,0.0009
RE1,STGIN,2031,0.0012
RE1,STGIN,2032,0.0016
RE1,STGIN,2033,0.002
RE1,STGIN,2034,0.0026
RE1,STGIN,2035,0.0033
RE1,STGOUT,2020,0.0
RE1,STGOUT,2021,0.0
RE1,STGOUT,2022,0.0
RE1,STGOUT,2023,0.0
RE1,STGOUT,2024,0.0
RE1,STGOUT,2025,0.0
RE1,STGOUT,2026,0.0
RE1,STGOUT,2027,0.0001
RE1,STGOUT,2028,0.0003
RE1,STGOUT,2029,0.0006
RE1,STGOUT,2030,0.0009
RE1,STGOUT,2031,0.0012
RE1,STGOUT,2032,0.0016
RE1,STGOUT,2033,0.002
RE1,STGOUT,2034,0.0026
RE1,STGOUT,2035,0.0033
