r,t,e,m,y,AnnualTechnologyEmissionByMode
RE1,IMPDSL,CO2,1,2020,233.0829
RE1,IMPDSL,CO2,1,2021,190.9152
RE1,IMPDSL,CO2,1,2022,191.9675
RE1,IMPDSL,CO2,1,2023,196.1102
RE1,IMPDSL,CO2,1,2024,200.0504
RE1,IMPDSL,CO2,1,2025,204.9916
RE1,IMPDSL,CO2,1,2026,209.6251
RE1,IMPDSL,CO2,1,2027,215.8794
RE1,IMPDSL,CO2,1,2028,223.4786
RE1,IMPDSL,CO2,1,2029,230.0508
RE1,IMPDSL,CO2,1,2030,235.8369
RE1,IMPDSL,CO2,1,2031,241.6334
RE1,IMPDSL,CO2,1,2032,248.3962
RE1,IMPDSL,CO2,1,2033,254.278
RE1,IMPDSL,CO2,1,2034,261.0852
RE1,IMPDSL,CO2,1,2035,267.0827
RE1,DEMTRABIO,CO2,1,2020,83.8863
RE1,DEMTRABIO,CO2,1,2021,86.4028
RE1,DEMTRABIO,CO2,1,2022,88.9194
RE1,DEMTRABIO,CO2,1,2023,91.436
RE1,DEMTRABIO,CO2,1,2024,93.9526
RE1,DEMTRABIO,CO2,1,2025,97.3081
RE1,DEMTRABIO,CO2,1,2026,99.8246
RE1,DEMTRABIO,CO2,1,2027,102.3412
RE1,DEMTRABIO,CO2,1,2028,105.6967
RE1,DEMTRABIO,CO2,1,2029,109.0521
RE1,DEMTRABIO,CO2,1,2030,112.4076
RE1,DEMTRABIO,CO2,1,2031,115.763
RE1,DEMTRABIO,CO2,1,2032,119.1185
RE1,DEMTRABIO,CO2,1,2033,122.4739
RE1,DEMTRABIO,CO2,1,2034,125.8294
RE1,DEMTRABIO,CO2,1,2035,129.1848
RE1,MINGAS,CO2,1,2020,0.0
RE1,MINGAS,CO2,1,2021,0.0
RE1,MINGAS,CO2,1,2022,0.0
RE1,MINGAS,CO2,1,2023,0.0
RE1,MINGAS,CO2,1,2024,0.0
RE1,MINGAS,CO2,1,2025,0.0
RE1,MINGAS,CO2,1,2026,1377.6608
RE1,MINGAS,CO2,1,2027,1548.1219
RE1,MINGAS,CO2,1,2028,1523.194
RE1,MINGAS,CO2,1,2029,3466.0873
RE1,MINGAS,CO2,1,2030,3538.3392
RE1,MINGAS,CO2,1,2031,3538.3392
RE1,MINGAS,CO2,1,2032,3538.3392
RE1,MINGAS,CO2,1,2033,3538.3392
RE1,MINGAS,CO2,1,2034,3538.3392
RE1,MINGAS,CO2,1,2035,3538.3392
RE1,MINCOA,CO2,1,2020,24583.04
RE1,MINCOA,CO2,1,2021,23138.952
RE1,MINCOA,CO2,1,2022,23379.819
RE1,MINCOA,CO2,1,2023,23858.356
RE1,MINCOA,CO2,1,2024,24337.652
RE1,MINCOA,CO2,1,2025,25053.827
RE1,MINCOA,CO2,1,2026,22705.164
RE1,MINCOA,CO2,1,2027,22914.795
RE1,MINCOA,CO2,1,2028,23243.762
RE1,MINCOA,CO2,1,2029,18694.587
RE1,MINCOA,CO2,1,2030,19059.141
RE1,MINCOA,CO2,1,2031,19706.787
RE1,MINCOA,CO2,1,2032,20556.485
RE1,MINCOA,CO2,1,2033,21505.586
RE1,MINCOA,CO2,1,2034,22667.226
RE1,MINCOA,CO2,1,2035,23935.976
RE1,LNDFOR,CO2,1,2020,-3651.84
RE1,LNDFOR,CO2,1,2021,-3647.6245
RE1,LNDFOR,CO2,1,2022,-3643.3354
RE1,LNDFOR,CO2,1,2023,-3639.0851
RE1,LNDFOR,CO2,1,2024,-3634.6457
RE1,LNDFOR,CO2,1,2025,-3629.769
RE1,LNDFOR,CO2,1,2026,-3625.4952
RE1,LNDFOR,CO2,1,2027,-3621.0594
RE1,LNDFOR,CO2,1,2028,-3616.166
RE1,LNDFOR,CO2,1,2029,-3611.1318
RE1,LNDFOR,CO2,1,2030,-3606.2274
RE1,LNDFOR,CO2,1,2031,-3601.1849
RE1,LNDFOR,CO2,1,2032,-3596.2938
RE1,LNDFOR,CO2,1,2033,-3591.2676
RE1,LNDFOR,CO2,1,2034,-3586.2757
RE1,LNDFOR,CO2,1,2035,-3581.2537
RE1,LNDMAIRNF,N2O,1,2020,0.817
RE1,LNDMAIRNF,N2O,1,2021,0.8374
RE1,LNDMAIRNF,N2O,1,2022,0.8582
RE1,LNDMAIRNF,N2O,1,2023,0.8782
RE1,LNDMAIRNF,N2O,1,2024,0.8985
RE1,LNDMAIRNF,N2O,1,2025,0.9249
RE1,LNDMAIRNF,N2O,1,2026,0.9447
RE1,LNDMAIRNF,N2O,1,2027,0.9647
RE1,LNDMAIRNF,N2O,1,2028,0.9909
RE1,LNDMAIRNF,N2O,1,2029,1.0167
RE1,LNDMAIRNF,N2O,1,2030,1.0427
RE1,LNDMAIRNF,N2O,1,2031,1.0684
RE1,LNDMAIRNF,N2O,1,2032,1.0938
RE1,LNDMAIRNF,N2O,1,2033,1.1187
RE1,LNDMAIRNF,N2O,1,2034,1.1432
RE1,LNDMAIRNF,N2O,1,2035,1.1679
RE1,LNDMAIIRR,N2O,1,2020,0.1356
RE1,LNDMAIIRR,N2O,1,2021,0.1424
RE1,LNDMAIIRR,N2O,1,2022,0.1495
RE1,LNDMAIIRR,N2O,1,2023,0.157
RE1,LNDMAIIRR,N2O,1,2024,0.1648
RE1,LNDMAIIRR,N2O,1,2025,0.1731
RE1,LNDMAIIRR,N2O,1,2026,0.1817
RE1,LNDMAIIRR,N2O,1,2027,0.1908
RE1,LNDMAIIRR,N2O,1,2028,0.2003
RE1,LNDMAIIRR,N2O,1,2029,0.2104
RE1,LNDMAIIRR,N2O,1,2030,0.2209
RE1,LNDMAIIRR,N2O,1,2031,0.2319
RE1,LNDMAIIRR,N2O,1,2032,0.2435
RE1,LNDMAIIRR,N2O,1,2033,0.2557
RE1,LNDMAIIRR,N2O,1,2034,0.2685
RE1,LNDMAIIRR,N2O,1,2035,0.2819
RE1,LNDRICRNF,CH4,1,2020,8.5231
RE1,LNDRICRNF,CH4,1,2021,8.5264
RE1,LNDRICRNF,CH4,1,2022,8.5155
RE1,LNDRICRNF,CH4,1,2023,8.4996
RE1,LNDRICRNF,CH4,1,2024,8.478
RE1,LNDRICRNF,CH4,1,2025,8.4401
RE1,LNDRICRNF,CH4,1,2026,8.3949
RE1,LNDRICRNF,CH4,1,2027,8.3317
RE1,LNDRICRNF,CH4,1,2028,8.2594
RE1,LNDRICRNF,CH4,1,2029,8.1772
RE1,LNDRICRNF,CH4,1,2030,8.074
RE1,LNDRICRNF,CH4,1,2031,7.9589
RE1,LNDRICRNF,CH4,1,2032,7.8306
RE1,LNDRICRNF,CH4,1,2033,7.688
RE1,LNDRICRNF,CH4,1,2034,7.5202
RE1,LNDRICRNF,CH4,1,2035,7.3355
RE1,LNDRICIRR,CH4,1,2020,4.4073
RE1,LNDRICIRR,CH4,1,2021,4.6277
RE1,LNDRICIRR,CH4,1,2022,4.859
RE1,LNDRICIRR,CH4,1,2023,5.102
RE1,LNDRICIRR,CH4,1,2024,5.3571
RE1,LNDRICIRR,CH4,1,2025,5.625
RE1,LNDRICIRR,CH4,1,2026,5.9062
RE1,LNDRICIRR,CH4,1,2027,6.2015
RE1,LNDRICIRR,CH4,1,2028,6.5116
RE1,LNDRICIRR,CH4,1,2029,6.8372
RE1,LNDRICIRR,CH4,1,2030,7.179
RE1,LNDRICIRR,CH4,1,2031,7.538
RE1,LNDRICIRR,CH4,1,2032,7.9149
RE1,LNDRICIRR,CH4,1,2033,8.3106
RE1,LNDRICIRR,CH4,1,2034,8.7262
RE1,LNDRICIRR,CH4,1,2035,9.1625
RE1,LNDRICRNF,CO2EQ,1,2020,230.8352
RE1,LNDRICRNF,CO2EQ,1,2021,230.9221
RE1,LNDRICRNF,CO2EQ,1,2022,230.627
RE1,LNDRICRNF,CO2EQ,1,2023,230.1973
RE1,LNDRICRNF,CO2EQ,1,2024,229.6129
RE1,LNDRICRNF,CO2EQ,1,2025,228.5864
RE1,LNDRICRNF,CO2EQ,1,2026,227.362
RE1,LNDRICRNF,CO2EQ,1,2027,225.6502
RE1,LNDRICRNF,CO2EQ,1,2028,223.6929
RE1,LNDRICRNF,CO2EQ,1,2029,221.4647
RE1,LNDRICRNF,CO2EQ,1,2030,218.6721
RE1,LNDRICRNF,CO2EQ,1,2031,215.5535
RE1,LNDRICRNF,CO2EQ,1,2032,212.0791
RE1,LNDRICRNF,CO2EQ,1,2033,208.2179
RE1,LNDRICRNF,CO2EQ,1,2034,203.6708
RE1,LNDRICRNF,CO2EQ,1,2035,198.6699
RE1,LNDRICIRR,CO2EQ,1,2020,118.4661
RE1,LNDRICIRR,CO2EQ,1,2021,124.3894
RE1,LNDRICIRR,CO2EQ,1,2022,130.6089
RE1,LNDRICIRR,CO2EQ,1,2023,137.1393
RE1,LNDRICIRR,CO2EQ,1,2024,143.9963
RE1,LNDRICIRR,CO2EQ,1,2025,151.1961
RE1,LNDRICIRR,CO2EQ,1,2026,158.7559
RE1,LNDRICIRR,CO2EQ,1,2027,166.6937
RE1,LNDRICIRR,CO2EQ,1,2028,175.0284
RE1,LNDRICIRR,CO2EQ,1,2029,183.7798
RE1,LNDRICIRR,CO2EQ,1,2030,192.9688
RE1,LNDRICIRR,CO2EQ,1,2031,202.6172
RE1,LNDRICIRR,CO2EQ,1,2032,212.7481
RE1,LNDRICIRR,CO2EQ,1,2033,223.3855
RE1,LNDRICIRR,CO2EQ,1,2034,234.5548
RE1,LNDRICIRR,CO2EQ,1,2035,246.2825
RE1,IMPDSL,CO2EQ,1,2020,234.0369
RE1,IMPDSL,CO2EQ,1,2021,191.6966
RE1,IMPDSL,CO2EQ,1,2022,192.7532
RE1,IMPDSL,CO2EQ,1,2023,196.9129
RE1,IMPDSL,CO2EQ,1,2024,200.8691
RE1,IMPDSL,CO2EQ,1,2025,205.8306
RE1,IMPDSL,CO2EQ,1,2026,210.483
RE1,IMPDSL,CO2EQ,1,2027,216.7629
RE1,IMPDSL,CO2EQ,1,2028,224.3932
RE1,IMPDSL,CO2EQ,1,2029,230.9923
RE1,IMPDSL,CO2EQ,1,2030,236.8022
RE1,IMPDSL,CO2EQ,1,2031,242.6224
RE1,IMPDSL,CO2EQ,1,2032,249.4128
RE1,IMPDSL,CO2EQ,1,2033,255.3187
RE1,IMPDSL,CO2EQ,1,2034,262.1538
RE1,IMPDSL,CO2EQ,1,2035,268.1759
RE1,DEMTRABIO,CO2EQ,1,2020,86.2559
RE1,DEMTRABIO,CO2EQ,1,2021,88.8436
RE1,DEMTRABIO,CO2EQ,1,2022,91.4313
RE1,DEMTRABIO,CO2EQ,1,2023,94.019
RE1,DEMTRABIO,CO2EQ,1,2024,96.6066
RE1,DEMTRABIO,CO2EQ,1,2025,100.0569
RE1,DEMTRABIO,CO2EQ,1,2026,102.6446
RE1,DEMTRABIO,CO2EQ,1,2027,105.2322
RE1,DEMTRABIO,CO2EQ,1,2028,108.6825
RE1,DEMTRABIO,CO2EQ,1,2029,112.1327
RE1,DEMTRABIO,CO2EQ,1,2030,115.5829
RE1,DEMTRABIO,CO2EQ,1,2031,119.0332
RE1,DEMTRABIO,CO2EQ,1,2032,122.4834
RE1,DEMTRABIO,CO2EQ,1,2033,125.9336
RE1,DEMTRABIO,CO2EQ,1,2034,129.3839
RE1,DEMTRABIO,CO2EQ,1,2035,132.8341
RE1,LNDMAIRNF,CO2EQ,1,2020,416.6682
RE1,LNDMAIRNF,CO2EQ,1,2021,427.0926
RE1,LNDMAIRNF,CO2EQ,1,2022,437.7001
RE1,LNDMAIRNF,CO2EQ,1,2023,447.8848
RE1,LNDMAIRNF,CO2EQ,1,2024,458.2404
RE1,LNDMAIRNF,CO2EQ,1,2025,471.7153
RE1,LNDMAIRNF,CO2EQ,1,2026,481.7934
RE1,LNDMAIRNF,CO2EQ,1,2027,492.0223
RE1,LNDMAIRNF,CO2EQ,1,2028,505.349
RE1,LNDMAIRNF,CO2EQ,1,2029,518.5111
RE1,LNDMAIRNF,CO2EQ,1,2030,531.8004
RE1,LNDMAIRNF,CO2EQ,1,2031,544.9082
RE1,LNDMAIRNF,CO2EQ,1,2032,557.8256
RE1,LNDMAIRNF,CO2EQ,1,2033,570.5429
RE1,LNDMAIRNF,CO2EQ,1,2034,583.0502
RE1,LNDMAIRNF,CO2EQ,1,2035,595.637
RE1,MINGAS,CO2EQ,1,2020,0.0
RE1,MINGAS,CO2EQ,1,2021,0.0
RE1,MINGAS,CO2EQ,1,2022,0.0
RE1,MINGAS,CO2EQ,1,2023,0.0
RE1,MINGAS,CO2EQ,1,2024,0.0
RE1,MINGAS,CO2EQ,1,2025,0.0
RE1,MINGAS,CO2EQ,1,2026,1380.1165
RE1,MINGAS,CO2EQ,1,2027,1550.8815
RE1,MINGAS,CO2EQ,1,2028,1525.9091
RE1,MINGAS,CO2EQ,1,2029,3472.2657
RE1,MINGAS,CO2EQ,1,2030,3544.6464
RE1,MINGAS,CO2EQ,1,2031,3544.6464
RE1,MINGAS,CO2EQ,1,2032,3544.6464
RE1,MINGAS,CO2EQ,1,2033,3544.6464
RE1,MINGAS,CO2EQ,1,2034,3544.6464
RE1,MINGAS,CO2EQ,1,2035,3544.6464
RE1,MINCOA,CO2EQ,1,2020,24685.363
RE1,MINCOA,CO2EQ,1,2021,23235.264
RE1,MINCOA,CO2EQ,1,2022,23477.134
RE1,MINCOA,CO2EQ,1,2023,23957.663
RE1,MINCOA,CO2EQ,1,2024,24438.953
RE1,MINCOA,CO2EQ,1,2025,25158.109
RE1,MINCOA,CO2EQ,1,2026,22799.67
RE1,MINCOA,CO2EQ,1,2027,23010.174
RE1,MINCOA,CO2EQ,1,2028,23340.51
RE1,MINCOA,CO2EQ,1,2029,18772.4
RE1,MINCOA,CO2EQ,1,2030,19138.471
RE1,MINCOA,CO2EQ,1,2031,19788.813
RE1,MINCOA,CO2EQ,1,2032,20642.048
RE1,MINCOA,CO2EQ,1,2033,21595.099
RE1,MINCOA,CO2EQ,1,2034,22761.575
RE1,MINCOA,CO2EQ,1,2035,24035.605
RE1,LNDMAIIRR,CO2EQ,1,2020,47.121
RE1,LNDMAIIRR,CO2EQ,1,2021,49.477
RE1,LNDMAIIRR,CO2EQ,1,2022,51.9509
RE1,LNDMAIIRR,CO2EQ,1,2023,54.5484
RE1,LNDMAIIRR,CO2EQ,1,2024,57.2759
RE1,LNDMAIIRR,CO2EQ,1,2025,60.1397
RE1,LNDMAIIRR,CO2EQ,1,2026,63.1466
RE1,LNDMAIIRR,CO2EQ,1,2027,66.304
RE1,LNDMAIIRR,CO2EQ,1,2028,69.6192
RE1,LNDMAIIRR,CO2EQ,1,2029,73.1001
RE1,LNDMAIIRR,CO2EQ,1,2030,76.7551
RE1,LNDMAIIRR,CO2EQ,1,2031,80.5929
RE1,LNDMAIIRR,CO2EQ,1,2032,84.6225
RE1,LNDMAIIRR,CO2EQ,1,2033,88.8537
RE1,LNDMAIIRR,CO2EQ,1,2034,93.2964
RE1,LNDMAIIRR,CO2EQ,1,2035,97.9612
RE1,LNDFOR,CO2EQ,1,2020,-3651.84
RE1,LNDFOR,CO2EQ,1,2021,-3647.6245
RE1,LNDFOR,CO2EQ,1,2022,-3643.3354
RE1,LNDFOR,CO2EQ,1,2023,-3639.0851
RE1,LNDFOR,CO2EQ,1,2024,-3634.6457
RE1,LNDFOR,CO2EQ,1,2025,-3629.769
RE1,LNDFOR,CO2EQ,1,2026,-3625.4952
RE1,LNDFOR,CO2EQ,1,2027,-3621.0594
RE1,LNDFOR,CO2EQ,1,2028,-3616.166
RE1,LNDFOR,CO2EQ,1,2029,-3611.1318
RE1,LNDFOR,CO2EQ,1,2030,-3606.2274
RE1,LNDFOR,CO2EQ,1,2031,-3601.1849
RE1,LNDFOR,CO2EQ,1,2032,-3596.2938
RE1,LNDFOR,CO2EQ,1,2033,-3591.2676
RE1,LNDFOR,CO2EQ,1,2034,-3586.2757
RE1,LNDFOR,CO2EQ,1,2035,-3581.2537
