r,t,y,NewCapacity
RE1,MINCOA,2020,353.1347
RE1,MINCOA,2021,0.0
RE1,MINCOA,2022,0.0
RE1,MINCOA,2023,9.7569
RE1,MINCOA,2024,13.333
RE1,MINCOA,2025,16.3914
RE1,MINCOA,2026,0.0
RE1,MINCOA,2027,0.0
RE1,MINCOA,2028,0.0
RE1,MINCOA,2029,0.0
RE1,MINCOA,2030,0.0
RE1,MINCOA,2031,0.0
RE1,MINCOA,2032,0.0
RE1,MINCOA,2033,0.0
RE1,MINCOA,2034,0.0
RE1,MINCOA,2035,0.0
RE1,MINGAS,2020,0.0
RE1,MINGAS,2021,0.0
RE1,MINGAS,2022,0.0
RE1,MINGAS,2023,0.0
RE1,MINGAS,2024,0.0
RE1,MINGAS,2025,0.0
RE1,MINGAS,2026,56.0354
RE1,MINGAS,2027,7.0366
RE1,MINGAS,2028,0.0
RE1,MINGAS,2029,0.0
RE1,MINGAS,2030,0.0
RE1,MINGAS,2031,0.0
RE1,MINGAS,2032,0.0
RE1,MINGAS,2033,0.0
RE1,MINGAS,2034,0.0
RE1,MINGAS,2035,0.0
RE1,PWRCOA,2020,0.0
RE1,PWRCOA,2021,0.0
RE1,PWRCOA,2022,0.0
RE1,PWRCOA,2023,0.0
RE1,PWRCOA,2024,0.0
RE1,PWRCOA,2025,0.0
RE1,PWRCOA,2026,0.0
RE1,PWRCOA,2027,0.0
RE1,PWRCOA,2028,0.0
RE1,PWRCOA,2029,0.0
RE1,PWRCOA,2030,0.0
RE1,PWRCOA,2031,0.0
RE1,PWRCOA,2032,0.0
RE1,PWRCOA,2033,0.0
RE1,PWRCOA,2034,0.0
RE1,PWRCOA,2035,0.0
RE1,PWRGAS,2020,0.0
RE1,PWRGAS,2021,0.0
RE1,PWRGAS,2022,0.0
RE1,PWRGAS,2023,0.0
RE1,PWRGAS,2024,0.0
RE1,PWRGAS,2025,0.0
RE1,PWRGAS,2026,0.0
RE1,PWRGAS,2027,0.0
RE1,PWRGAS,2028,0.0
RE1,PWRGAS,2029,0.0
RE1,PWRGAS,2030,0.0
RE1,PWRGAS,2031,0.0
RE1,PWRGAS,2032,0.0
RE1,PWRGAS,2033,0.0
RE1,PWRGAS,2034,0.0
RE1,PWRGAS,2035,0.0
RE1,PWRTRN,2020,0.0
RE1,PWRTRN,2021,0.3385
RE1,PWRTRN,2022,0.5926
RE1,PWRTRN,2023,0.6253
RE1,PWRTRN,2024,0.6255
RE1,PWRTRN,2025,0.6584
RE1,PWRTRN,2026,0.8229
RE1,PWRTRN,2027,0.5961
RE1,PWRTRN,2028,0.4851
RE1,PWRTRN,2029,0.4852
RE1,PWRTRN,2030,0.4851
RE1,PWRTRN,2031,0.4852
RE1,PWRTRN,2032,0.4851
RE1,PWRTRN,2033,0.4852
RE1,PWRTRN,2034,0.4852
RE1,PWRTRN,2035,0.4852
RE1,RSCWND,2020,13.2451
RE1,RSCWND,2021,13.2451
RE1,RSCWND,2022,13.2451
RE1,RSCWND,2023,13.2451
RE1,RSCWND,2024,13.2451
RE1,RSCWND,2025,13.2451
RE1,RSCWND,2026,13.2451
RE1,RSCWND,2027,13.2451
RE1,RSCWND,2028,13.2451
RE1,RSCWND,2029,13.2451
RE1,RSCWND,2030,13.2451
RE1,RSCWND,2031,13.2451
RE1,RSCWND,2032,13.2451
RE1,RSCWND,2033,13.2451
RE1,RSCWND,2034,13.2451
RE1,RSCWND,2035,13.2451
RE1,RSCSOL,2020,71.8479
RE1,RSCSOL,2021,10.5715
RE1,RSCSOL,2022,6.8501
RE1,RSCSOL,2023,7.2842
RE1,RSCSOL,2024,7.3122
RE1,RSCSOL,2025,7.7541
RE1,RSCSOL,2026,8.6511
RE1,RSCSOL,2027,11.6205
RE1,RSCSOL,2028,15.4146
RE1,RSCSOL,2029,17.7866
RE1,RSCSOL,2030,19.0203
RE1,RSCSOL,2031,20.2149
RE1,RSCSOL,2032,22.6452
RE1,RSCSOL,2033,23.8471
RE1,RSCSOL,2034,26.2767
RE1,RSCSOL,2035,27.4877
RE1,RSCHYD,2020,109.3819
RE1,RSCHYD,2021,0.3438
RE1,RSCHYD,2022,0.3517
RE1,RSCHYD,2023,0.3474
RE1,RSCHYD,2024,0.3619
RE1,RSCHYD,2025,0.4037
RE1,RSCHYD,2026,0.3482
RE1,RSCHYD,2027,0.3603
RE1,RSCHYD,2028,0.4037
RE1,RSCHYD,2029,0.4134
RE1,RSCHYD,2030,0.4037
RE1,RSCHYD,2031,0.4131
RE1,RSCHYD,2032,0.401
RE1,RSCHYD,2033,0.4101
RE1,RSCHYD,2034,0.4064
RE1,RSCHYD,2035,0.4085
RE1,PWRWND,2020,1.0
RE1,PWRWND,2021,1.0
RE1,PWRWND,2022,1.0
RE1,PWRWND,2023,1.0
RE1,PWRWND,2024,1.0
RE1,PWRWND,2025,1.0
RE1,PWRWND,2026,1.0
RE1,PWRWND,2027,1.0
RE1,PWRWND,2028,1.0
RE1,PWRWND,2029,1.0
RE1,PWRWND,2030,1.0
RE1,PWRWND,2031,1.0
RE1,PWRWND,2032,1.0
RE1,PWRWND,2033,1.0
RE1,PWRWND,2034,1.0
RE1,PWRWND,2035,1.0
RE1,PWRSOL,2020,7.3493
RE1,PWRSOL,2021,1.0814
RE1,PWRSOL,2022,0.7007
RE1,PWRSOL,2023,0.7451
RE1,PWRSOL,2024,0.748
RE1,PWRSOL,2025,0.7932
RE1,PWRSOL,2026,0.8849
RE1,PWRSOL,2027,1.1887
RE1,PWRSOL,2028,1.5768
RE1,PWRSOL,2029,1.8194
RE1,PWRSOL,2030,1.9456
RE1,PWRSOL,2031,2.0678
RE1,PWRSOL,2032,2.3164
RE1,PWRSOL,2033,2.4393
RE1,PWRSOL,2034,2.6878
RE1,PWRSOL,2035,2.8117
RE1,PWRHYD,2020,0.0
RE1,PWRHYD,2021,0.0
RE1,PWRHYD,2022,0.0
RE1,PWRHYD,2023,0.0
RE1,PWRHYD,2024,0.0
RE1,PWRHYD,2025,0.0
RE1,PWRHYD,2026,0.0
RE1,PWRHYD,2027,0.0
RE1,PWRHYD,2028,0.0
RE1,PWRHYD,2029,0.0
RE1,PWRHYD,2030,0.0
RE1,PWRHYD,2031,0.0
RE1,PWRHYD,2032,0.0
RE1,PWRHYD,2033,0.0
RE1,PWRHYD,2034,0.0
RE1,PWRHYD,2035,0.0
RE1,RSCLND,2020,300.0
RE1,RSCLND,2021,0.0
RE1,RSCLND,2022,0.0
RE1,RSCLND,2023,0.0
RE1,RSCLND,2024,0.0
RE1,RSCLND,2025,0.0
RE1,RSCLND,2026,0.0
RE1,RSCLND,2027,0.0
RE1,RSCLND,2028,0.0
RE1,RSCLND,2029,0.0
RE1,RSCLND,2030,0.0
RE1,RSCLND,2031,0.0
RE1,RSCLND,2032,0.0
RE1,RSCLND,2033,0.0
RE1,RSCLND,2034,0.0
RE1,RSCLND,2035,0.0
RE1,LNDMAIRNF,2020,0.0
RE1,LNDMAIRNF,2021,0.3572
RE1,LNDMAIRNF,2022,0.384
RE1,LNDMAIRNF,2023,0.3698
RE1,LNDMAIRNF,2024,0.3715
RE1,LNDMAIRNF,2025,0.4121
RE1,LNDMAIRNF,2026,0.3688
RE1,LNDMAIRNF,2027,0.3703
RE1,LNDMAIRNF,2028,0.4107
RE1,LNDMAIRNF,2029,0.399
RE1,LNDMAIRNF,2030,0.4003
RE1,LNDMAIRNF,2031,0.4085
RE1,LNDMAIRNF,2032,0.3966
RE1,LNDMAIRNF,2033,0.3947
RE1,LNDMAIRNF,2034,0.4026
RE1,LNDMAIRNF,2035,0.3934
RE1,LNDRICRNF,2020,0.0
RE1,LNDRICRNF,2021,0.0931
RE1,LNDRICRNF,2022,0.0932
RE1,LNDRICRNF,2023,0.0924
RE1,LNDRICRNF,2024,0.0904
RE1,LNDRICRNF,2025,0.0887
RE1,LNDRICRNF,2026,0.0875
RE1,LNDRICRNF,2027,0.0845
RE1,LNDRICRNF,2028,0.083
RE1,LNDRICRNF,2029,0.0813
RE1,LNDRICRNF,2030,0.0778
RE1,LNDRICRNF,2031,0.0758
RE1,LNDRICRNF,2032,0.0726
RE1,LNDRICRNF,2033,0.0712
RE1,LNDRICRNF,2034,0.067
RE1,LNDRICRNF,2035,0.0642
RE1,LNDMAIIRR,2020,0.0
RE1,LNDMAIIRR,2021,0.04
RE1,LNDMAIIRR,2022,0.0398
RE1,LNDMAIIRR,2023,0.0417
RE1,LNDMAIIRR,2024,0.0426
RE1,LNDMAIIRR,2025,0.0426
RE1,LNDMAIIRR,2026,0.0446
RE1,LNDMAIIRR,2027,0.0447
RE1,LNDMAIIRR,2028,0.0469
RE1,LNDMAIIRR,2029,0.047
RE1,LNDMAIIRR,2030,0.0493
RE1,LNDMAIIRR,2031,0.0506
RE1,LNDMAIIRR,2032,0.051
RE1,LNDMAIIRR,2033,0.0534
RE1,LNDMAIIRR,2034,0.054
RE1,LNDMAIIRR,2035,0.0566
RE1,LNDRICIRR,2020,0.0
RE1,LNDRICIRR,2021,0.0616
RE1,LNDRICIRR,2022,0.0639
RE1,LNDRICIRR,2023,0.0643
RE1,LNDRICIRR,2024,0.0667
RE1,LNDRICIRR,2025,0.0673
RE1,LNDRICIRR,2026,0.0689
RE1,LNDRICIRR,2027,0.0716
RE1,LNDRICIRR,2028,0.0724
RE1,LNDRICIRR,2029,0.0752
RE1,LNDRICIRR,2030,0.0762
RE1,LNDRICIRR,2031,0.0782
RE1,LNDRICIRR,2032,0.0814
RE1,LNDRICIRR,2033,0.0827
RE1,LNDRICIRR,2034,0.0861
RE1,LNDRICIRR,2035,0.0876
RE1,LNDFOR,2020,0.0
RE1,LNDFOR,2021,0.0
RE1,LNDFOR,2022,0.0
RE1,LNDFOR,2023,0.0
RE1,LNDFOR,2024,0.0
RE1,LNDFOR,2025,0.0
RE1,LNDFOR,2026,0.0
RE1,LNDFOR,2027,0.0
RE1,LNDFOR,2028,0.0
RE1,LNDFOR,2029,0.0
RE1,LNDFOR,2030,0.0
RE1,LNDFOR,2031,0.0
RE1,LNDFOR,2032,0.0
RE1,LNDFOR,2033,0.0
RE1,LNDFOR,2034,0.0
RE1,LNDFOR,2035,0.0
RE1,LNDBLT,2020,0.0
RE1,LNDBLT,2021,0.15
RE1,LNDBLT,2022,0.15
RE1,LNDBLT,2023,0.15
RE1,LNDBLT,2024,0.16
RE1,LNDBLT,2025,0.16
RE1,LNDBLT,2026,0.15
RE1,LNDBLT,2027,0.16
RE1,LNDBLT,2028,0.16
RE1,LNDBLT,2029,0.17
RE1,LNDBLT,2030,0.16
RE1,LNDBLT,2031,0.17
RE1,LNDBLT,2032,0.16
RE1,LNDBLT,2033,0.17
RE1,LNDBLT,2034,0.17
RE1,LNDBLT,2035,0.17
RE1,LNDWAT,2020,0.021
RE1,LNDWAT,2021,0.7202
RE1,LNDWAT,2022,0.7328
RE1,LNDWAT,2023,0.7262
RE1,LNDWAT,2024,0.7584
RE1,LNDWAT,2025,0.8332
RE1,LNDWAT,2026,0.7302
RE1,LNDWAT,2027,0.7579
RE1,LNDWAT,2028,0.836
RE1,LNDWAT,2029,0.8601
RE1,LNDWAT,2030,0.8379
RE1,LNDWAT,2031,0.8615
RE1,LNDWAT,2032,0.8356
RE1,LNDWAT,2033,0.8587
RE1,LNDWAT,2034,0.8529
RE1,LNDWAT,2035,0.858
RE1,RSCPRC,2020,360.0
RE1,RSCPRC,2021,0.0
RE1,RSCPRC,2022,0.0
RE1,RSCPRC,2023,0.0
RE1,RSCPRC,2024,0.0
RE1,RSCPRC,2025,0.0
RE1,RSCPRC,2026,0.0
RE1,RSCPRC,2027,0.0
RE1,RSCPRC,2028,0.0
RE1,RSCPRC,2029,0.0
RE1,RSCPRC,2030,0.0
RE1,RSCPRC,2031,0.0
RE1,RSCPRC,2032,0.0
RE1,RSCPRC,2033,0.0
RE1,RSCPRC,2034,0.0
RE1,RSCPRC,2035,0.0
RE1,UPSWTRSUR,2020,0.0
RE1,UPSWTRSUR,2021,0.0
RE1,UPSWTRSUR,2022,0.0
RE1,UPSWTRSUR,2023,0.0
RE1,UPSWTRSUR,2024,0.0
RE1,UPSWTRSUR,2025,0.0
RE1,UPSWTRSUR,2026,0.0
RE1,UPSWTRSUR,2027,0.0
RE1,UPSWTRSUR,2028,0.0
RE1,UPSWTRSUR,2029,0.0
RE1,UPSWTRSUR,2030,0.0
RE1,UPSWTRSUR,2031,0.0
RE1,UPSWTRSUR,2032,0.0
RE1,UPSWTRSUR,2033,0.0
RE1,UPSWTRSUR,2034,0.0
RE1,UPSWTRSUR,2035,0.0
RE1,DEMPUBSURWAT,2020,0.0
RE1,DEMPUBSURWAT,2021,0.2478
RE1,DEMPUBSURWAT,2022,0.2403
RE1,DEMPUBSURWAT,2023,0.2538
RE1,DEMPUBSURWAT,2024,0.2491
RE1,DEMPUBSURWAT,2025,0.2661
RE1,DEMPUBSURWAT,2026,0.2614
RE1,DEMPUBSURWAT,2027,0.2767
RE1,DEMPUBSURWAT,2028,0.2755
RE1,DEMPUBSURWAT,2029,0.2908
RE1,DEMPUBSURWAT,2030,0.2896
RE1,DEMPUBSURWAT,2031,0.3166
RE1,DEMPUBSURWAT,2032,0.3036
RE1,DEMPUBSURWAT,2033,0.3224
RE1,DEMPUBSURWAT,2034,0.3212
RE1,DEMPUBSURWAT,2035,0.3418
RE1,DEMPUBGWTWAT,2020,0.0
RE1,DEMPUBGWTWAT,2021,0.0
RE1,DEMPUBGWTWAT,2022,0.0
RE1,DEMPUBGWTWAT,2023,0.0
RE1,DEMPUBGWTWAT,2024,0.0
RE1,DEMPUBGWTWAT,2025,0.0
RE1,DEMPUBGWTWAT,2026,0.0
RE1,DEMPUBGWTWAT,2027,0.0
RE1,DEMPUBGWTWAT,2028,0.0
RE1,DEMPUBGWTWAT,2029,0.0
RE1,DEMPUBGWTWAT,2030,0.0
RE1,DEMPUBGWTWAT,2031,0.0
RE1,DEMPUBGWTWAT,2032,0.0
RE1,DEMPUBGWTWAT,2033,0.0
RE1,DEMPUBGWTWAT,2034,0.0
RE1,DEMPUBGWTWAT,2035,0.0
RE1,DEMAGRSURWAT,2020,0.0
RE1,DEMAGRSURWAT,2021,0.0
RE1,DEMAGRSURWAT,2022,0.0
RE1,DEMAGRSURWAT,2023,0.0
RE1,DEMAGRSURWAT,2024,0.0
RE1,DEMAGRSURWAT,2025,0.0
RE1,DEMAGRSURWAT,2026,0.0
RE1,DEMAGRSURWAT,2027,0.0
RE1,DEMAGRSURWAT,2028,0.019
RE1,DEMAGRSURWAT,2029,0.1359
RE1,DEMAGRSURWAT,2030,0.1377
RE1,DEMAGRSURWAT,2031,0.1396
RE1,DEMAGRSURWAT,2032,0.1416
RE1,DEMAGRSURWAT,2033,0.1437
RE1,DEMAGRSURWAT,2034,0.1459
RE1,DEMAGRSURWAT,2035,0.1482
RE1,DEMAGRGWTWAT,2020,0.0
RE1,DEMAGRGWTWAT,2021,0.0
RE1,DEMAGRGWTWAT,2022,0.0
RE1,DEMAGRGWTWAT,2023,0.0
RE1,DEMAGRGWTWAT,2024,0.0
RE1,DEMAGRGWTWAT,2025,0.0
RE1,DEMAGRGWTWAT,2026,0.0
RE1,DEMAGRGWTWAT,2027,0.0
RE1,DEMAGRGWTWAT,2028,0.0
RE1,DEMAGRGWTWAT,2029,0.0
RE1,DEMAGRGWTWAT,2030,0.0
RE1,DEMAGRGWTWAT,2031,0.0
RE1,DEMAGRGWTWAT,2032,0.0
RE1,DEMAGRGWTWAT,2033,0.0
RE1,DEMAGRGWTWAT,2034,0.0
RE1,DEMAGRGWTWAT,2035,0.0
RE1,DEMPWRSURWAT,2020,0.0
RE1,DEMPWRSURWAT,2021,0.0
RE1,DEMPWRSURWAT,2022,0.0
RE1,DEMPWRSURWAT,2023,0.0
RE1,DEMPWRSURWAT,2024,0.0
RE1,DEMPWRSURWAT,2025,0.0
RE1,DEMPWRSURWAT,2026,0.0
RE1,DEMPWRSURWAT,2027,0.0
RE1,DEMPWRSURWAT,2028,0.0
RE1,DEMPWRSURWAT,2029,0.0
RE1,DEMPWRSURWAT,2030,0.0
RE1,DEMPWRSURWAT,2031,0.0
RE1,DEMPWRSURWAT,2032,0.0
RE1,DEMPWRSURWAT,2033,0.0
RE1,DEMPWRSURWAT,2034,0.0
RE1,DEMPWRSURWAT,2035,0.0
RE1,IMPDSL,2020,3.1798
RE1,IMPDSL,2021,2.6046
RE1,IMPDSL,2022,2.6189
RE1,IMPDSL,2023,2.6754
RE1,IMPDSL,2024,2.7292
RE1,IMPDSL,2025,2.7966
RE1,IMPDSL,2026,2.8598
RE1,IMPDSL,2027,2.9451
RE1,IMPDSL,2028,3.0488
RE1,IMPDSL,2029,3.1385
RE1,IMPDSL,2030,3.2174
RE1,IMPDSL,2031,3.2965
RE1,IMPDSL,2032,3.3888
RE1,IMPDSL,2033,3.469
RE1,IMPDSL,2034,3.5619
RE1,IMPDSL,2035,3.6437
RE1,DEMTRABIO,2020,1.1848
RE1,DEMTRABIO,2021,1.2204
RE1,DEMTRABIO,2022,1.2559
RE1,DEMTRABIO,2023,1.2915
RE1,DEMTRABIO,2024,1.327
RE1,DEMTRABIO,2025,1.3744
RE1,DEMTRABIO,2026,1.41
RE1,DEMTRABIO,2027,1.4455
RE1,DEMTRABIO,2028,1.4929
RE1,DEMTRABIO,2029,1.5403
RE1,DEMTRABIO,2030,1.5877
RE1,DEMTRABIO,2031,1.6351
RE1,DEMTRABIO,2032,1.6825
RE1,DEMTRABIO,2033,1.7299
RE1,DEMTRABIO,2034,1.7773
RE1,DEMTRABIO,2035,1.8246
RE1,STGIN,2020,0.0
RE1,STGIN,2021,0.0
RE1,STGIN,2022,0.0
RE1,STGIN,2023,0.0
RE1,STGIN,2024,0.0
RE1,STGIN,2025,0.0
RE1,STGIN,2026,0.0
RE1,STGIN,2027,0.0666
RE1,STGIN,2028,0.2079
RE1,STGIN,2029,0.5734
RE1,STGIN,2030,0.8383
RE1,STGIN,2031,1.0589
RE1,STGIN,2032,1.3707
RE1,STGIN,2033,1.8953
RE1,STGIN,2034,2.4956
RE1,STGIN,2035,3.1333
RE1,STGOUT,2020,0.0
RE1,STGOUT,2021,0.0
RE1,STGOUT,2022,0.0
RE1,STGOUT,2023,0.0
RE1,STGOUT,2024,0.0
RE1,STGOUT,2025,0.0
RE1,STGOUT,2026,0.0
RE1,STGOUT,2027,0.1154
RE1,STGOUT,2028,0.3599
RE1,STGOUT,2029,0.6617
RE1,STGOUT,2030,0.9938
RE1,STGOUT,2031,1.3552
RE1,STGOUT,2032,1.7755
RE1,STGOUT,2033,2.2253
RE1,STGOUT,2034,2.734
RE1,STGOUT,2035,3.2722
