r,l,t,m,y,RateOfActivity
RE1,SD,MINCOA,1,2020,138.988
RE1,SN,MINCOA,1,2020,224.948
RE1,WD,MINCOA,1,2020,353.1347
RE1,WN,MINCOA,1,2020,334.5879
RE1,SD,MINCOA,1,2021,108.7961
RE1,SN,MINCOA,1,2021,222.511
RE1,WD,MINCOA,1,2021,339.332
RE1,WN,MINCOA,1,2021,332.2496
RE1,SD,MINCOA,1,2022,100.4987
RE1,SN,MINCOA,1,2022,227.8806
RE1,WD,MINCOA,1,2022,349.5602
RE1,WN,MINCOA,1,2022,339.1882
RE1,SD,MINCOA,1,2023,93.8606
RE1,SN,MINCOA,1,2023,235.4966
RE1,WD,MINCOA,1,2023,362.8916
RE1,WN,MINCOA,1,2023,349.2255
RE1,SD,MINCOA,1,2024,87.2248
RE1,SN,MINCOA,1,2024,243.1232
RE1,WD,MINCOA,1,2024,376.2246
RE1,WN,MINCOA,1,2024,359.2862
RE1,SD,MINCOA,1,2025,82.2524
RE1,SN,MINCOA,1,2025,253.0036
RE1,WD,MINCOA,1,2025,392.6161
RE1,WN,MINCOA,1,2025,372.4558
RE1,SD,MINCOA,1,2026,80.6639
RE1,SN,MINCOA,1,2026,267.4015
RE1,WD,MINCOA,1,2026,331.128
RE1,WN,MINCOA,1,2026,331.128
RE1,SD,MINCOA,1,2027,76.5633
RE1,SN,MINCOA,1,2027,288.5872
RE1,WD,MINCOA,1,2027,331.128
RE1,WN,MINCOA,1,2027,331.128
RE1,SD,MINCOA,1,2028,71.2708
RE1,SN,MINCOA,1,2028,319.5481
RE1,WD,MINCOA,1,2028,331.128
RE1,WN,MINCOA,1,2028,331.128
RE1,SD,MINCOA,1,2029,0.0
RE1,SN,MINCOA,1,2029,221.1594
RE1,WD,MINCOA,1,2029,331.128
RE1,WN,MINCOA,1,2029,297.9801
RE1,SD,MINCOA,1,2030,0.0
RE1,SN,MINCOA,1,2030,247.7054
RE1,WD,MINCOA,1,2030,331.128
RE1,WN,MINCOA,1,2030,294.7615
RE1,SD,MINCOA,1,2031,0.0
RE1,SN,MINCOA,1,2031,291.7665
RE1,WD,MINCOA,1,2031,331.128
RE1,WN,MINCOA,1,2031,291.5587
RE1,SD,MINCOA,1,2032,8.618
RE1,SN,MINCOA,1,2032,331.128
RE1,WD,MINCOA,1,2032,331.128
RE1,WN,MINCOA,1,2032,288.3386
RE1,SD,MINCOA,1,2033,39.9857
RE1,SN,MINCOA,1,2033,331.128
RE1,WD,MINCOA,1,2033,331.128
RE1,WN,MINCOA,1,2033,285.134
RE1,SD,MINCOA,1,2034,77.9381
RE1,SN,MINCOA,1,2034,331.128
RE1,WD,MINCOA,1,2034,331.128
RE1,WN,MINCOA,1,2034,281.9254
RE1,SD,MINCOA,1,2035,119.2054
RE1,SN,MINCOA,1,2035,331.128
RE1,WD,MINCOA,1,2035,331.128
RE1,WN,MINCOA,1,2035,278.7203
RE1,SD,MINGAS,1,2020,0.0
RE1,SN,MINGAS,1,2020,0.0
RE1,WD,MINGAS,1,2020,0.0
RE1,WN,MINGAS,1,2020,0.0
RE1,SD,MINGAS,1,2021,0.0
RE1,SN,MINGAS,1,2021,0.0
RE1,WD,MINGAS,1,2021,0.0
RE1,WN,MINGAS,1,2021,0.0
RE1,SD,MINGAS,1,2022,0.0
RE1,SN,MINGAS,1,2022,0.0
RE1,WD,MINGAS,1,2022,0.0
RE1,WN,MINGAS,1,2022,0.0
RE1,SD,MINGAS,1,2023,0.0
RE1,SN,MINGAS,1,2023,0.0
RE1,WD,MINGAS,1,2023,0.0
RE1,WN,MINGAS,1,2023,0.0
RE1,SD,MINGAS,1,2024,0.0
RE1,SN,MINGAS,1,2024,0.0
RE1,WD,MINGAS,1,2024,0.0
RE1,WN,MINGAS,1,2024,0.0
RE1,SD,MINGAS,1,2025,0.0
RE1,SN,MINGAS,1,2025,0.0
RE1,WD,MINGAS,1,2025,0.0
RE1,WN,MINGAS,1,2025,0.0
RE1,SD,MINGAS,1,2026,0.0
RE1,SN,MINGAS,1,2026,0.0
RE1,WD,MINGAS,1,2026,56.0354
RE1,WN,MINGAS,1,2026,40.401
RE1,SD,MINGAS,1,2027,0.0
RE1,SN,MINGAS,1,2027,0.0
RE1,WD,MINGAS,1,2027,63.072
RE1,WN,MINGAS,1,2027,45.2558
RE1,SD,MINGAS,1,2028,0.0
RE1,SN,MINGAS,1,2028,0.0
RE1,WD,MINGAS,1,2028,63.072
RE1,WN,MINGAS,1,2028,43.1092
RE1,SD,MINGAS,1,2029,59.2389
RE1,SN,MINGAS,1,2029,63.072
RE1,WD,MINGAS,1,2029,63.072
RE1,WN,MINGAS,1,2029,63.072
RE1,SD,MINGAS,1,2030,63.072
RE1,SN,MINGAS,1,2030,63.072
RE1,WD,MINGAS,1,2030,63.072
RE1,WN,MINGAS,1,2030,63.072
RE1,SD,MINGAS,1,2031,63.072
RE1,SN,MINGAS,1,2031,63.072
RE1,WD,MINGAS,1,2031,63.072
RE1,WN,MINGAS,1,2031,63.072
RE1,SD,MINGAS,1,2032,63.072
RE1,SN,MINGAS,1,2032,63.072
RE1,WD,MINGAS,1,2032,63.072
RE1,WN,MINGAS,1,2032,63.072
RE1,SD,MINGAS,1,2033,63.072
RE1,SN,MINGAS,1,2033,63.072
RE1,WD,MINGAS,1,2033,63.072
RE1,WN,MINGAS,1,2033,63.072
RE1,SD,MINGAS,1,2034,63.072
RE1,SN,MINGAS,1,2034,63.072
RE1,WD,MINGAS,1,2034,63.072
RE1,WN,MINGAS,1,2034,63.072
RE1,SD,MINGAS,1,2035,63.072
RE1,SN,MINGAS,1,2035,63.072
RE1,WD,MINGAS,1,2035,63.072
RE1,WN,MINGAS,1,2035,63.072
RE1,SD,PWRCOA,1,2020,46.3293
RE1,SN,PWRCOA,1,2020,74.9827
RE1,WD,PWRCOA,1,2020,117.7116
RE1,WN,PWRCOA,1,2020,111.5293
RE1,SD,PWRCOA,1,2021,36.2654
RE1,SN,PWRCOA,1,2021,74.1703
RE1,WD,PWRCOA,1,2021,113.1107
RE1,WN,PWRCOA,1,2021,110.7498
RE1,SD,PWRCOA,1,2022,33.4996
RE1,SN,PWRCOA,1,2022,75.9602
RE1,WD,PWRCOA,1,2022,116.5201
RE1,WN,PWRCOA,1,2022,113.0627
RE1,SD,PWRCOA,1,2023,31.2869
RE1,SN,PWRCOA,1,2023,78.4989
RE1,WD,PWRCOA,1,2023,120.9639
RE1,WN,PWRCOA,1,2023,116.4085
RE1,SD,PWRCOA,1,2024,29.0749
RE1,SN,PWRCOA,1,2024,81.0411
RE1,WD,PWRCOA,1,2024,125.4082
RE1,WN,PWRCOA,1,2024,119.7621
RE1,SD,PWRCOA,1,2025,27.4175
RE1,SN,PWRCOA,1,2025,84.3345
RE1,WD,PWRCOA,1,2025,130.872
RE1,WN,PWRCOA,1,2025,124.1519
RE1,SD,PWRCOA,1,2026,26.888
RE1,SN,PWRCOA,1,2026,89.1338
RE1,WD,PWRCOA,1,2026,110.376
RE1,WN,PWRCOA,1,2026,110.376
RE1,SD,PWRCOA,1,2027,25.5211
RE1,SN,PWRCOA,1,2027,96.1957
RE1,WD,PWRCOA,1,2027,110.376
RE1,WN,PWRCOA,1,2027,110.376
RE1,SD,PWRCOA,1,2028,23.7569
RE1,SN,PWRCOA,1,2028,106.516
RE1,WD,PWRCOA,1,2028,110.376
RE1,WN,PWRCOA,1,2028,110.376
RE1,SD,PWRCOA,1,2029,0.0
RE1,SN,PWRCOA,1,2029,73.7198
RE1,WD,PWRCOA,1,2029,110.376
RE1,WN,PWRCOA,1,2029,99.3267
RE1,SD,PWRCOA,1,2030,0.0
RE1,SN,PWRCOA,1,2030,82.5685
RE1,WD,PWRCOA,1,2030,110.376
RE1,WN,PWRCOA,1,2030,98.2538
RE1,SD,PWRCOA,1,2031,0.0
RE1,SN,PWRCOA,1,2031,97.2555
RE1,WD,PWRCOA,1,2031,110.376
RE1,WN,PWRCOA,1,2031,97.1862
RE1,SD,PWRCOA,1,2032,2.8727
RE1,SN,PWRCOA,1,2032,110.376
RE1,WD,PWRCOA,1,2032,110.376
RE1,WN,PWRCOA,1,2032,96.1129
RE1,SD,PWRCOA,1,2033,13.3286
RE1,SN,PWRCOA,1,2033,110.376
RE1,WD,PWRCOA,1,2033,110.376
RE1,WN,PWRCOA,1,2033,95.0446
RE1,SD,PWRCOA,1,2034,25.9794
RE1,SN,PWRCOA,1,2034,110.376
RE1,WD,PWRCOA,1,2034,110.376
RE1,WN,PWRCOA,1,2034,93.9751
RE1,SD,PWRCOA,1,2035,39.7351
RE1,SN,PWRCOA,1,2035,110.376
RE1,WD,PWRCOA,1,2035,110.376
RE1,WN,PWRCOA,1,2035,92.9068
RE1,SD,PWRGAS,1,2020,0.0
RE1,SN,PWRGAS,1,2020,0.0
RE1,WD,PWRGAS,1,2020,0.0
RE1,WN,PWRGAS,1,2020,0.0
RE1,SD,PWRGAS,1,2021,0.0
RE1,SN,PWRGAS,1,2021,0.0
RE1,WD,PWRGAS,1,2021,0.0
RE1,WN,PWRGAS,1,2021,0.0
RE1,SD,PWRGAS,1,2022,0.0
RE1,SN,PWRGAS,1,2022,0.0
RE1,WD,PWRGAS,1,2022,0.0
RE1,WN,PWRGAS,1,2022,0.0
RE1,SD,PWRGAS,1,2023,0.0
RE1,SN,PWRGAS,1,2023,0.0
RE1,WD,PWRGAS,1,2023,0.0
RE1,WN,PWRGAS,1,2023,0.0
RE1,SD,PWRGAS,1,2024,0.0
RE1,SN,PWRGAS,1,2024,0.0
RE1,WD,PWRGAS,1,2024,0.0
RE1,WN,PWRGAS,1,2024,0.0
RE1,SD,PWRGAS,1,2025,0.0
RE1,SN,PWRGAS,1,2025,0.0
RE1,WD,PWRGAS,1,2025,0.0
RE1,WN,PWRGAS,1,2025,0.0
RE1,SD,PWRGAS,1,2026,0.0
RE1,SN,PWRGAS,1,2026,0.0
RE1,WD,PWRGAS,1,2026,28.0177
RE1,WN,PWRGAS,1,2026,20.2005
RE1,SD,PWRGAS,1,2027,0.0
RE1,SN,PWRGAS,1,2027,0.0
RE1,WD,PWRGAS,1,2027,31.536
RE1,WN,PWRGAS,1,2027,22.6279
RE1,SD,PWRGAS,1,2028,0.0
RE1,SN,PWRGAS,1,2028,0.0
RE1,WD,PWRGAS,1,2028,31.536
RE1,WN,PWRGAS,1,2028,21.5546
RE1,SD,PWRGAS,1,2029,29.6195
RE1,SN,PWRGAS,1,2029,31.536
RE1,WD,PWRGAS,1,2029,31.536
RE1,WN,PWRGAS,1,2029,31.536
RE1,SD,PWRGAS,1,2030,31.536
RE1,SN,PWRGAS,1,2030,31.536
RE1,WD,PWRGAS,1,2030,31.536
RE1,WN,PWRGAS,1,2030,31.536
RE1,SD,PWRGAS,1,2031,31.536
RE1,SN,PWRGAS,1,2031,31.536
RE1,WD,PWRGAS,1,2031,31.536
RE1,WN,PWRGAS,1,2031,31.536
RE1,SD,PWRGAS,1,2032,31.536
RE1,SN,PWRGAS,1,2032,31.536
RE1,WD,PWRGAS,1,2032,31.536
RE1,WN,PWRGAS,1,2032,31.536
RE1,SD,PWRGAS,1,2033,31.536
RE1,SN,PWRGAS,1,2033,31.536
RE1,WD,PWRGAS,1,2033,31.536
RE1,WN,PWRGAS,1,2033,31.536
RE1,SD,PWRGAS,1,2034,31.536
RE1,SN,PWRGAS,1,2034,31.536
RE1,WD,PWRGAS,1,2034,31.536
RE1,WN,PWRGAS,1,2034,31.536
RE1,SD,PWRGAS,1,2035,31.536
RE1,SN,PWRGAS,1,2035,31.536
RE1,WD,PWRGAS,1,2035,31.536
RE1,WN,PWRGAS,1,2035,31.536
RE1,SD,PWRTRN,1,2020,95.2101
RE1,SN,PWRTRN,1,2020,122.2867
RE1,WD,PWRTRN,1,2020,173.448
RE1,WN,PWRTRN,1,2020,168.5266
RE1,SD,PWRTRN,1,2021,96.1838
RE1,SN,PWRTRN,1,2021,130.9351
RE1,WD,PWRTRN,1,2021,180.9683
RE1,WN,PWRTRN,1,2021,180.9683
RE1,SD,PWRTRN,1,2022,104.4556
RE1,SN,PWRTRN,1,2022,142.1858
RE1,WD,PWRTRN,1,2022,196.5021
RE1,WN,PWRTRN,1,2022,196.5021
RE1,SD,PWRTRN,1,2023,113.2805
RE1,SN,PWRTRN,1,2023,154.1853
RE1,WD,PWRTRN,1,2023,213.0685
RE1,WN,PWRTRN,1,2023,213.0685
RE1,SD,PWRTRN,1,2024,122.1061
RE1,SN,PWRTRN,1,2024,166.1883
RE1,WD,PWRTRN,1,2024,229.6413
RE1,WN,PWRTRN,1,2024,229.6413
RE1,SD,PWRTRN,1,2025,131.4863
RE1,SN,PWRTRN,1,2025,178.9425
RE1,WD,PWRTRN,1,2025,247.2503
RE1,WN,PWRTRN,1,2025,247.2503
RE1,SD,PWRTRN,1,2026,141.9944
RE1,SN,PWRTRN,1,2026,193.2026
RE1,WD,PWRTRN,1,2026,266.8949
RE1,WN,PWRTRN,1,2026,266.8949
RE1,SD,PWRTRN,1,2027,151.6651
RE1,SN,PWRTRN,1,2027,209.7253
RE1,WD,PWRTRN,1,2027,282.541
RE1,WN,PWRTRN,1,2027,282.541
RE1,SD,PWRTRN,1,2028,160.9385
RE1,SN,PWRTRN,1,2028,229.5064
RE1,WD,PWRTRN,1,2028,294.6862
RE1,WN,PWRTRN,1,2028,294.6862
RE1,SD,PWRTRN,1,2029,177.8387
RE1,SN,PWRTRN,1,2029,237.707
RE1,WD,PWRTRN,1,2029,306.8352
RE1,WN,PWRTRN,1,2029,306.8352
RE1,SD,PWRTRN,1,2030,190.7928
RE1,SN,PWRTRN,1,2030,256.0165
RE1,WD,PWRTRN,1,2030,318.9804
RE1,WN,PWRTRN,1,2030,318.9804
RE1,SD,PWRTRN,1,2031,201.8304
RE1,SN,PWRTRN,1,2031,280.1643
RE1,WD,PWRTRN,1,2031,331.1293
RE1,WN,PWRTRN,1,2031,331.1293
RE1,SD,PWRTRN,1,2032,215.7407
RE1,SN,PWRTRN,1,2032,302.7456
RE1,WD,PWRTRN,1,2032,343.2734
RE1,WN,PWRTRN,1,2032,343.2734
RE1,SD,PWRTRN,1,2033,237.2342
RE1,SN,PWRTRN,1,2033,312.2064
RE1,WD,PWRTRN,1,2033,355.4211
RE1,WN,PWRTRN,1,2033,355.4211
RE1,SD,PWRTRN,1,2034,260.9226
RE1,SN,PWRTRN,1,2034,321.6672
RE1,WD,PWRTRN,1,2034,367.5673
RE1,WN,PWRTRN,1,2034,367.5673
RE1,SD,PWRTRN,1,2035,285.7159
RE1,SN,PWRTRN,1,2035,331.128
RE1,WD,PWRTRN,1,2035,379.7144
RE1,WN,PWRTRN,1,2035,379.7144
RE1,SD,RSCWND,1,2020,11.0376
RE1,SN,RSCWND,1,2020,9.4608
RE1,WD,RSCWND,1,2020,11.9837
RE1,WN,RSCWND,1,2020,13.2451
RE1,SD,RSCWND,1,2021,22.0752
RE1,SN,RSCWND,1,2021,18.9216
RE1,WD,RSCWND,1,2021,23.9674
RE1,WN,RSCWND,1,2021,26.4902
RE1,SD,RSCWND,1,2022,33.1128
RE1,SN,RSCWND,1,2022,28.3824
RE1,WD,RSCWND,1,2022,35.951
RE1,WN,RSCWND,1,2022,39.7354
RE1,SD,RSCWND,1,2023,44.1504
RE1,SN,RSCWND,1,2023,37.8432
RE1,WD,RSCWND,1,2023,47.9347
RE1,WN,RSCWND,1,2023,52.9805
RE1,SD,RSCWND,1,2024,55.188
RE1,SN,RSCWND,1,2024,47.304
RE1,WD,RSCWND,1,2024,59.9184
RE1,WN,RSCWND,1,2024,66.2256
RE1,SD,RSCWND,1,2025,66.2256
RE1,SN,RSCWND,1,2025,56.7648
RE1,WD,RSCWND,1,2025,71.9021
RE1,WN,RSCWND,1,2025,79.4707
RE1,SD,RSCWND,1,2026,77.2632
RE1,SN,RSCWND,1,2026,66.2256
RE1,WD,RSCWND,1,2026,83.8858
RE1,WN,RSCWND,1,2026,92.7158
RE1,SD,RSCWND,1,2027,88.3008
RE1,SN,RSCWND,1,2027,75.6864
RE1,WD,RSCWND,1,2027,95.8694
RE1,WN,RSCWND,1,2027,105.961
RE1,SD,RSCWND,1,2028,99.3384
RE1,SN,RSCWND,1,2028,85.1472
RE1,WD,RSCWND,1,2028,107.8531
RE1,WN,RSCWND,1,2028,119.2061
RE1,SD,RSCWND,1,2029,110.376
RE1,SN,RSCWND,1,2029,94.608
RE1,WD,RSCWND,1,2029,119.8368
RE1,WN,RSCWND,1,2029,132.4512
RE1,SD,RSCWND,1,2030,121.4136
RE1,SN,RSCWND,1,2030,104.0688
RE1,WD,RSCWND,1,2030,131.8205
RE1,WN,RSCWND,1,2030,145.6963
RE1,SD,RSCWND,1,2031,132.4512
RE1,SN,RSCWND,1,2031,113.5296
RE1,WD,RSCWND,1,2031,143.8042
RE1,WN,RSCWND,1,2031,158.9414
RE1,SD,RSCWND,1,2032,143.4888
RE1,SN,RSCWND,1,2032,122.9904
RE1,WD,RSCWND,1,2032,155.7878
RE1,WN,RSCWND,1,2032,172.1866
RE1,SD,RSCWND,1,2033,154.5264
RE1,SN,RSCWND,1,2033,132.4512
RE1,WD,RSCWND,1,2033,167.7715
RE1,WN,RSCWND,1,2033,185.4317
RE1,SD,RSCWND,1,2034,165.564
RE1,SN,RSCWND,1,2034,141.912
RE1,WD,RSCWND,1,2034,179.7552
RE1,WN,RSCWND,1,2034,198.6768
RE1,SD,RSCWND,1,2035,176.6016
RE1,SN,RSCWND,1,2035,151.3728
RE1,WD,RSCWND,1,2035,191.7389
RE1,WN,RSCWND,1,2035,211.9219
RE1,SD,RSCSOL,1,2020,71.8479
RE1,SN,RSCSOL,1,2020,4.6354
RE1,WD,RSCSOL,1,2020,62.5772
RE1,WN,RSCSOL,1,2020,0.0
RE1,SD,RSCSOL,1,2021,82.4194
RE1,SN,RSCSOL,1,2021,5.3174
RE1,WD,RSCSOL,1,2021,71.7846
RE1,WN,RSCSOL,1,2021,0.0
RE1,SD,RSCSOL,1,2022,89.2695
RE1,SN,RSCSOL,1,2022,5.7593
RE1,WD,RSCSOL,1,2022,77.7508
RE1,WN,RSCSOL,1,2022,0.0
RE1,SD,RSCSOL,1,2023,96.5536
RE1,SN,RSCSOL,1,2023,6.2293
RE1,WD,RSCSOL,1,2023,84.0951
RE1,WN,RSCSOL,1,2023,0.0
RE1,SD,RSCSOL,1,2024,103.8658
RE1,SN,RSCSOL,1,2024,6.701
RE1,WD,RSCSOL,1,2024,90.4638
RE1,WN,RSCSOL,1,2024,0.0
RE1,SD,RSCSOL,1,2025,111.62
RE1,SN,RSCSOL,1,2025,7.2013
RE1,WD,RSCSOL,1,2025,97.2174
RE1,WN,RSCSOL,1,2025,0.0
RE1,SD,RSCSOL,1,2026,120.2711
RE1,SN,RSCSOL,1,2026,7.7594
RE1,WD,RSCSOL,1,2026,104.7522
RE1,WN,RSCSOL,1,2026,0.0
RE1,SD,RSCSOL,1,2027,131.8916
RE1,SN,RSCSOL,1,2027,8.5091
RE1,WD,RSCSOL,1,2027,114.8733
RE1,WN,RSCSOL,1,2027,0.0
RE1,SD,RSCSOL,1,2028,147.3062
RE1,SN,RSCSOL,1,2028,9.5036
RE1,WD,RSCSOL,1,2028,128.299
RE1,WN,RSCSOL,1,2028,0.0
RE1,SD,RSCSOL,1,2029,165.0929
RE1,SN,RSCSOL,1,2029,10.6512
RE1,WD,RSCSOL,1,2029,143.7906
RE1,WN,RSCSOL,1,2029,0.0
RE1,SD,RSCSOL,1,2030,184.1132
RE1,SN,RSCSOL,1,2030,11.8783
RE1,WD,RSCSOL,1,2030,160.3566
RE1,WN,RSCSOL,1,2030,0.0
RE1,SD,RSCSOL,1,2031,204.3281
RE1,SN,RSCSOL,1,2031,13.1825
RE1,WD,RSCSOL,1,2031,177.9632
RE1,WN,RSCSOL,1,2031,0.0
RE1,SD,RSCSOL,1,2032,226.9734
RE1,SN,RSCSOL,1,2032,14.6434
RE1,WD,RSCSOL,1,2032,197.6865
RE1,WN,RSCSOL,1,2032,0.0
RE1,SD,RSCSOL,1,2033,250.8205
RE1,SN,RSCSOL,1,2033,16.182
RE1,WD,RSCSOL,1,2033,218.4565
RE1,WN,RSCSOL,1,2033,0.0
RE1,SD,RSCSOL,1,2034,277.0971
RE1,SN,RSCSOL,1,2034,17.8772
RE1,WD,RSCSOL,1,2034,241.3427
RE1,WN,RSCSOL,1,2034,0.0
RE1,SD,RSCSOL,1,2035,304.5849
RE1,SN,RSCSOL,1,2035,19.6506
RE1,WD,RSCSOL,1,2035,265.2836
RE1,WN,RSCSOL,1,2035,0.0
RE1,SD,RSCHYD,1,2020,94.608
RE1,SN,RSCHYD,1,2020,94.608
RE1,WD,RSCHYD,1,2020,109.3819
RE1,WN,RSCHYD,1,2020,109.3804
RE1,SD,RSCHYD,1,2021,94.608
RE1,SN,RSCHYD,1,2021,94.608
RE1,WD,RSCHYD,1,2021,109.7257
RE1,WN,RSCHYD,1,2021,109.3205
RE1,SD,RSCHYD,1,2022,94.608
RE1,SN,RSCHYD,1,2022,94.608
RE1,WD,RSCHYD,1,2022,110.0774
RE1,WN,RSCHYD,1,2022,109.26
RE1,SD,RSCHYD,1,2023,94.608
RE1,SN,RSCHYD,1,2023,94.608
RE1,WD,RSCHYD,1,2023,110.4248
RE1,WN,RSCHYD,1,2023,109.1989
RE1,SD,RSCHYD,1,2024,94.608
RE1,SN,RSCHYD,1,2024,94.608
RE1,WD,RSCHYD,1,2024,110.7868
RE1,WN,RSCHYD,1,2024,109.1341
RE1,SD,RSCHYD,1,2025,94.608
RE1,SN,RSCHYD,1,2025,94.608
RE1,WD,RSCHYD,1,2025,111.1904
RE1,WN,RSCHYD,1,2025,109.069
RE1,SD,RSCHYD,1,2026,94.608
RE1,SN,RSCHYD,1,2026,94.608
RE1,WD,RSCHYD,1,2026,111.5386
RE1,WN,RSCHYD,1,2026,109.0064
RE1,SD,RSCHYD,1,2027,94.608
RE1,SN,RSCHYD,1,2027,94.608
RE1,WD,RSCHYD,1,2027,111.8989
RE1,WN,RSCHYD,1,2027,108.9404
RE1,SD,RSCHYD,1,2028,94.608
RE1,SN,RSCHYD,1,2028,94.608
RE1,WD,RSCHYD,1,2028,112.3026
RE1,WN,RSCHYD,1,2028,108.8737
RE1,SD,RSCHYD,1,2029,94.608
RE1,SN,RSCHYD,1,2029,94.608
RE1,WD,RSCHYD,1,2029,112.716
RE1,WN,RSCHYD,1,2029,108.8033
RE1,SD,RSCHYD,1,2030,94.608
RE1,SN,RSCHYD,1,2030,94.608
RE1,WD,RSCHYD,1,2030,113.1197
RE1,WN,RSCHYD,1,2030,108.7356
RE1,SD,RSCHYD,1,2031,94.608
RE1,SN,RSCHYD,1,2031,94.608
RE1,WD,RSCHYD,1,2031,113.5328
RE1,WN,RSCHYD,1,2031,108.664
RE1,SD,RSCHYD,1,2032,94.608
RE1,SN,RSCHYD,1,2032,94.608
RE1,WD,RSCHYD,1,2032,113.9338
RE1,WN,RSCHYD,1,2032,108.5949
RE1,SD,RSCHYD,1,2033,94.608
RE1,SN,RSCHYD,1,2033,94.608
RE1,WD,RSCHYD,1,2033,114.3439
RE1,WN,RSCHYD,1,2033,108.5219
RE1,SD,RSCHYD,1,2034,94.608
RE1,SN,RSCHYD,1,2034,94.608
RE1,WD,RSCHYD,1,2034,114.7503
RE1,WN,RSCHYD,1,2034,108.4485
RE1,SD,RSCHYD,1,2035,94.608
RE1,SN,RSCHYD,1,2035,94.608
RE1,WD,RSCHYD,1,2035,115.1588
RE1,WN,RSCHYD,1,2035,108.3742
RE1,SD,PWRWND,1,2020,11.0376
RE1,SN,PWRWND,1,2020,9.4608
RE1,WD,PWRWND,1,2020,11.9837
RE1,WN,PWRWND,1,2020,13.2451
RE1,SD,PWRWND,1,2021,22.0752
RE1,SN,PWRWND,1,2021,18.9216
RE1,WD,PWRWND,1,2021,23.9674
RE1,WN,PWRWND,1,2021,26.4902
RE1,SD,PWRWND,1,2022,33.1128
RE1,SN,PWRWND,1,2022,28.3824
RE1,WD,PWRWND,1,2022,35.951
RE1,WN,PWRWND,1,2022,39.7354
RE1,SD,PWRWND,1,2023,44.1504
RE1,SN,PWRWND,1,2023,37.8432
RE1,WD,PWRWND,1,2023,47.9347
RE1,WN,PWRWND,1,2023,52.9805
RE1,SD,PWRWND,1,2024,55.188
RE1,SN,PWRWND,1,2024,47.304
RE1,WD,PWRWND,1,2024,59.9184
RE1,WN,PWRWND,1,2024,66.2256
RE1,SD,PWRWND,1,2025,66.2256
RE1,SN,PWRWND,1,2025,56.7648
RE1,WD,PWRWND,1,2025,71.9021
RE1,WN,PWRWND,1,2025,79.4707
RE1,SD,PWRWND,1,2026,77.2632
RE1,SN,PWRWND,1,2026,66.2256
RE1,WD,PWRWND,1,2026,83.8858
RE1,WN,PWRWND,1,2026,92.7158
RE1,SD,PWRWND,1,2027,88.3008
RE1,SN,PWRWND,1,2027,75.6864
RE1,WD,PWRWND,1,2027,95.8694
RE1,WN,PWRWND,1,2027,105.961
RE1,SD,PWRWND,1,2028,99.3384
RE1,SN,PWRWND,1,2028,85.1472
RE1,WD,PWRWND,1,2028,107.8531
RE1,WN,PWRWND,1,2028,119.2061
RE1,SD,PWRWND,1,2029,110.376
RE1,SN,PWRWND,1,2029,94.608
RE1,WD,PWRWND,1,2029,119.8368
RE1,WN,PWRWND,1,2029,132.4512
RE1,SD,PWRWND,1,2030,121.4136
RE1,SN,PWRWND,1,2030,104.0688
RE1,WD,PWRWND,1,2030,131.8205
RE1,WN,PWRWND,1,2030,145.6963
RE1,SD,PWRWND,1,2031,132.4512
RE1,SN,PWRWND,1,2031,113.5296
RE1,WD,PWRWND,1,2031,143.8042
RE1,WN,PWRWND,1,2031,158.9414
RE1,SD,PWRWND,1,2032,143.4888
RE1,SN,PWRWND,1,2032,122.9904
RE1,WD,PWRWND,1,2032,155.7878
RE1,WN,PWRWND,1,2032,172.1866
RE1,SD,PWRWND,1,2033,154.5264
RE1,SN,PWRWND,1,2033,132.4512
RE1,WD,PWRWND,1,2033,167.7715
RE1,WN,PWRWND,1,2033,185.4317
RE1,SD,PWRWND,1,2034,165.564
RE1,SN,PWRWND,1,2034,141.912
RE1,WD,PWRWND,1,2034,179.7552
RE1,WN,PWRWND,1,2034,198.6768
RE1,SD,PWRWND,1,2035,176.6016
RE1,SN,PWRWND,1,2035,151.3728
RE1,WD,PWRWND,1,2035,191.7389
RE1,WN,PWRWND,1,2035,211.9219
RE1,SD,PWRSOL,1,2020,71.8479
RE1,SN,PWRSOL,1,2020,4.6354
RE1,WD,PWRSOL,1,2020,62.5772
RE1,WN,PWRSOL,1,2020,0.0
RE1,SD,PWRSOL,1,2021,82.4194
RE1,SN,PWRSOL,1,2021,5.3174
RE1,WD,PWRSOL,1,2021,71.7846
RE1,WN,PWRSOL,1,2021,0.0
RE1,SD,PWRSOL,1,2022,89.2695
RE1,SN,PWRSOL,1,2022,5.7593
RE1,WD,PWRSOL,1,2022,77.7508
RE1,WN,PWRSOL,1,2022,0.0
RE1,SD,PWRSOL,1,2023,96.5536
RE1,SN,PWRSOL,1,2023,6.2293
RE1,WD,PWRSOL,1,2023,84.0951
RE1,WN,PWRSOL,1,2023,0.0
RE1,SD,PWRSOL,1,2024,103.8658
RE1,SN,PWRSOL,1,2024,6.701
RE1,WD,PWRSOL,1,2024,90.4638
RE1,WN,PWRSOL,1,2024,0.0
RE1,SD,PWRSOL,1,2025,111.62
RE1,SN,PWRSOL,1,2025,7.2013
RE1,WD,PWRSOL,1,2025,97.2174
RE1,WN,PWRSOL,1,2025,0.0
RE1,SD,PWRSOL,1,2026,120.2711
RE1,SN,PWRSOL,1,2026,7.7594
RE1,WD,PWRSOL,1,2026,104.7522
RE1,WN,PWRSOL,1,2026,0.0
RE1,SD,PWRSOL,1,2027,131.8916
RE1,SN,PWRSOL,1,2027,8.5091
RE1,WD,PWRSOL,1,2027,114.8733
RE1,WN,PWRSOL,1,2027,0.0
RE1,SD,PWRSOL,1,2028,147.3062
RE1,SN,PWRSOL,1,2028,9.5036
RE1,WD,PWRSOL,1,2028,128.299
RE1,WN,PWRSOL,1,2028,0.0
RE1,SD,PWRSOL,1,2029,165.0929
RE1,SN,PWRSOL,1,2029,10.6512
RE1,WD,PWRSOL,1,2029,143.7906
RE1,WN,PWRSOL,1,2029,0.0
RE1,SD,PWRSOL,1,2030,184.1132
RE1,SN,PWRSOL,1,2030,11.8783
RE1,WD,PWRSOL,1,2030,160.3566
RE1,WN,PWRSOL,1,2030,0.0
RE1,SD,PWRSOL,1,2031,204.3281
RE1,SN,PWRSOL,1,2031,13.1825
RE1,WD,PWRSOL,1,2031,177.9632
RE1,WN,PWRSOL,1,2031,0.0
RE1,SD,PWRSOL,1,2032,226.9734
RE1,SN,PWRSOL,1,2032,14.6434
RE1,WD,PWRSOL,1,2032,197.6865
RE1,WN,PWRSOL,1,2032,0.0
RE1,SD,PWRSOL,1,2033,250.8205
RE1,SN,PWRSOL,1,2033,16.182
RE1,WD,PWRSOL,1,2033,218.4565
RE1,WN,PWRSOL,1,2033,0.0
RE1,SD,PWRSOL,1,2034,277.0971
RE1,SN,PWRSOL,1,2034,17.8772
RE1,WD,PWRSOL,1,2034,241.3427
RE1,WN,PWRSOL,1,2034,0.0
RE1,SD,PWRSOL,1,2035,304.5849
RE1,SN,PWRSOL,1,2035,19.6506
RE1,WD,PWRSOL,1,2035,265.2836
RE1,WN,PWRSOL,1,2035,0.0
RE1,SD,PWRHYD,1,2020,37.8432
RE1,SN,PWRHYD,1,2020,37.8432
RE1,WD,PWRHYD,1,2020,43.7528
RE1,WN,PWRHYD,1,2020,43.7521
RE1,SD,PWRHYD,1,2021,37.8432
RE1,SN,PWRHYD,1,2021,37.8432
RE1,WD,PWRHYD,1,2021,43.8903
RE1,WN,PWRHYD,1,2021,43.7282
RE1,SD,PWRHYD,1,2022,37.8432
RE1,SN,PWRHYD,1,2022,37.8432
RE1,WD,PWRHYD,1,2022,44.031
RE1,WN,PWRHYD,1,2022,43.704
RE1,SD,PWRHYD,1,2023,37.8432
RE1,SN,PWRHYD,1,2023,37.8432
RE1,WD,PWRHYD,1,2023,44.1699
RE1,WN,PWRHYD,1,2023,43.6796
RE1,SD,PWRHYD,1,2024,37.8432
RE1,SN,PWRHYD,1,2024,37.8432
RE1,WD,PWRHYD,1,2024,44.3147
RE1,WN,PWRHYD,1,2024,43.6536
RE1,SD,PWRHYD,1,2025,37.8432
RE1,SN,PWRHYD,1,2025,37.8432
RE1,WD,PWRHYD,1,2025,44.4762
RE1,WN,PWRHYD,1,2025,43.6276
RE1,SD,PWRHYD,1,2026,37.8432
RE1,SN,PWRHYD,1,2026,37.8432
RE1,WD,PWRHYD,1,2026,44.6154
RE1,WN,PWRHYD,1,2026,43.6026
RE1,SD,PWRHYD,1,2027,37.8432
RE1,SN,PWRHYD,1,2027,37.8432
RE1,WD,PWRHYD,1,2027,44.7596
RE1,WN,PWRHYD,1,2027,43.5762
RE1,SD,PWRHYD,1,2028,37.8432
RE1,SN,PWRHYD,1,2028,37.8432
RE1,WD,PWRHYD,1,2028,44.921
RE1,WN,PWRHYD,1,2028,43.5495
RE1,SD,PWRHYD,1,2029,37.8432
RE1,SN,PWRHYD,1,2029,37.8432
RE1,WD,PWRHYD,1,2029,45.0864
RE1,WN,PWRHYD,1,2029,43.5213
RE1,SD,PWRHYD,1,2030,37.8432
RE1,SN,PWRHYD,1,2030,37.8432
RE1,WD,PWRHYD,1,2030,45.2479
RE1,WN,PWRHYD,1,2030,43.4942
RE1,SD,PWRHYD,1,2031,37.8432
RE1,SN,PWRHYD,1,2031,37.8432
RE1,WD,PWRHYD,1,2031,45.4131
RE1,WN,PWRHYD,1,2031,43.4656
RE1,SD,PWRHYD,1,2032,37.8432
RE1,SN,PWRHYD,1,2032,37.8432
RE1,WD,PWRHYD,1,2032,45.5735
RE1,WN,PWRHYD,1,2032,43.438
RE1,SD,PWRHYD,1,2033,37.8432
RE1,SN,PWRHYD,1,2033,37.8432
RE1,WD,PWRHYD,1,2033,45.7376
RE1,WN,PWRHYD,1,2033,43.4088
RE1,SD,PWRHYD,1,2034,37.8432
RE1,SN,PWRHYD,1,2034,37.8432
RE1,WD,PWRHYD,1,2034,45.9001
RE1,WN,PWRHYD,1,2034,43.3794
RE1,SD,PWRHYD,1,2035,37.8432
RE1,SN,PWRHYD,1,2035,37.8432
RE1,WD,PWRHYD,1,2035,46.0635
RE1,WN,PWRHYD,1,2035,43.3497
RE1,SD,RSCLND,1,2020,300.0
RE1,SN,RSCLND,1,2020,299.9792
RE1,WD,RSCLND,1,2020,300.0
RE1,WN,RSCLND,1,2020,300.0
RE1,SD,RSCLND,1,2021,300.0
RE1,SN,RSCLND,1,2021,300.0
RE1,WD,RSCLND,1,2021,300.0
RE1,WN,RSCLND,1,2021,300.0
RE1,SD,RSCLND,1,2022,300.0
RE1,SN,RSCLND,1,2022,300.0
RE1,WD,RSCLND,1,2022,300.0
RE1,WN,RSCLND,1,2022,300.0
RE1,SD,RSCLND,1,2023,300.0
RE1,SN,RSCLND,1,2023,300.0
RE1,WD,RSCLND,1,2023,300.0
RE1,WN,RSCLND,1,2023,300.0
RE1,SD,RSCLND,1,2024,300.0
RE1,SN,RSCLND,1,2024,300.0
RE1,WD,RSCLND,1,2024,300.0
RE1,WN,RSCLND,1,2024,300.0
RE1,SD,RSCLND,1,2025,300.0
RE1,SN,RSCLND,1,2025,300.0
RE1,WD,RSCLND,1,2025,300.0
RE1,WN,RSCLND,1,2025,300.0
RE1,SD,RSCLND,1,2026,300.0
RE1,SN,RSCLND,1,2026,300.0
RE1,WD,RSCLND,1,2026,300.0
RE1,WN,RSCLND,1,2026,300.0
RE1,SD,RSCLND,1,2027,300.0
RE1,SN,RSCLND,1,2027,300.0
RE1,WD,RSCLND,1,2027,300.0
RE1,WN,RSCLND,1,2027,300.0
RE1,SD,RSCLND,1,2028,300.0
RE1,SN,RSCLND,1,2028,300.0
RE1,WD,RSCLND,1,2028,300.0
RE1,WN,RSCLND,1,2028,300.0
RE1,SD,RSCLND,1,2029,300.0
RE1,SN,RSCLND,1,2029,300.0
RE1,WD,RSCLND,1,2029,300.0
RE1,WN,RSCLND,1,2029,300.0
RE1,SD,RSCLND,1,2030,300.0
RE1,SN,RSCLND,1,2030,300.0
RE1,WD,RSCLND,1,2030,300.0
RE1,WN,RSCLND,1,2030,300.0
RE1,SD,RSCLND,1,2031,300.0
RE1,SN,RSCLND,1,2031,300.0
RE1,WD,RSCLND,1,2031,300.0
RE1,WN,RSCLND,1,2031,300.0
RE1,SD,RSCLND,1,2032,300.0
RE1,SN,RSCLND,1,2032,300.0
RE1,WD,RSCLND,1,2032,300.0
RE1,WN,RSCLND,1,2032,300.0
RE1,SD,RSCLND,1,2033,300.0
RE1,SN,RSCLND,1,2033,300.0
RE1,WD,RSCLND,1,2033,300.0
RE1,WN,RSCLND,1,2033,300.0
RE1,SD,RSCLND,1,2034,300.0
RE1,SN,RSCLND,1,2034,300.0
RE1,WD,RSCLND,1,2034,300.0
RE1,WN,RSCLND,1,2034,300.0
RE1,SD,RSCLND,1,2035,300.0
RE1,SN,RSCLND,1,2035,300.0
RE1,WD,RSCLND,1,2035,300.0
RE1,WN,RSCLND,1,2035,300.0
RE1,SD,LNDMAIRNF,1,2020,4.086
RE1,SN,LNDMAIRNF,1,2020,4.0652
RE1,WD,LNDMAIRNF,1,2020,4.0946
RE1,WN,LNDMAIRNF,1,2020,4.086
RE1,SD,LNDMAIRNF,1,2021,4.1872
RE1,SN,LNDMAIRNF,1,2021,4.1872
RE1,WD,LNDMAIRNF,1,2021,4.1872
RE1,WN,LNDMAIRNF,1,2021,4.1872
RE1,SD,LNDMAIRNF,1,2022,4.2912
RE1,SN,LNDMAIRNF,1,2022,4.2912
RE1,WD,LNDMAIRNF,1,2022,4.2912
RE1,WN,LNDMAIRNF,1,2022,4.2912
RE1,SD,LNDMAIRNF,1,2023,4.391
RE1,SN,LNDMAIRNF,1,2023,4.391
RE1,WD,LNDMAIRNF,1,2023,4.391
RE1,WN,LNDMAIRNF,1,2023,4.391
RE1,SD,LNDMAIRNF,1,2024,4.4926
RE1,SN,LNDMAIRNF,1,2024,4.4926
RE1,WD,LNDMAIRNF,1,2024,4.4926
RE1,WN,LNDMAIRNF,1,2024,4.4926
RE1,SD,LNDMAIRNF,1,2025,4.6247
RE1,SN,LNDMAIRNF,1,2025,4.6247
RE1,WD,LNDMAIRNF,1,2025,4.6247
RE1,WN,LNDMAIRNF,1,2025,4.6247
RE1,SD,LNDMAIRNF,1,2026,4.7235
RE1,SN,LNDMAIRNF,1,2026,4.7235
RE1,WD,LNDMAIRNF,1,2026,4.7235
RE1,WN,LNDMAIRNF,1,2026,4.7235
RE1,SD,LNDMAIRNF,1,2027,4.8237
RE1,SN,LNDMAIRNF,1,2027,4.8237
RE1,WD,LNDMAIRNF,1,2027,4.8237
RE1,WN,LNDMAIRNF,1,2027,4.8237
RE1,SD,LNDMAIRNF,1,2028,4.9544
RE1,SN,LNDMAIRNF,1,2028,4.9544
RE1,WD,LNDMAIRNF,1,2028,4.9544
RE1,WN,LNDMAIRNF,1,2028,4.9544
RE1,SD,LNDMAIRNF,1,2029,5.0834
RE1,SN,LNDMAIRNF,1,2029,5.0834
RE1,WD,LNDMAIRNF,1,2029,5.0834
RE1,WN,LNDMAIRNF,1,2029,5.0834
RE1,SD,LNDMAIRNF,1,2030,5.2137
RE1,SN,LNDMAIRNF,1,2030,5.2137
RE1,WD,LNDMAIRNF,1,2030,5.2137
RE1,WN,LNDMAIRNF,1,2030,5.2137
RE1,SD,LNDMAIRNF,1,2031,5.3422
RE1,SN,LNDMAIRNF,1,2031,5.3422
RE1,WD,LNDMAIRNF,1,2031,5.3422
RE1,WN,LNDMAIRNF,1,2031,5.3422
RE1,SD,LNDMAIRNF,1,2032,5.4689
RE1,SN,LNDMAIRNF,1,2032,5.4689
RE1,WD,LNDMAIRNF,1,2032,5.4689
RE1,WN,LNDMAIRNF,1,2032,5.4689
RE1,SD,LNDMAIRNF,1,2033,5.5936
RE1,SN,LNDMAIRNF,1,2033,5.5936
RE1,WD,LNDMAIRNF,1,2033,5.5936
RE1,WN,LNDMAIRNF,1,2033,5.5936
RE1,SD,LNDMAIRNF,1,2034,5.7162
RE1,SN,LNDMAIRNF,1,2034,5.7162
RE1,WD,LNDMAIRNF,1,2034,5.7162
RE1,WN,LNDMAIRNF,1,2034,5.7162
RE1,SD,LNDMAIRNF,1,2035,5.8396
RE1,SN,LNDMAIRNF,1,2035,5.8396
RE1,WD,LNDMAIRNF,1,2035,5.8396
RE1,WN,LNDMAIRNF,1,2035,5.8396
RE1,SD,LNDRICRNF,1,2020,1.423
RE1,SN,LNDRICRNF,1,2020,1.423
RE1,WD,LNDRICRNF,1,2020,1.4144
RE1,WN,LNDRICRNF,1,2020,1.423
RE1,SD,LNDRICRNF,1,2021,1.4211
RE1,SN,LNDRICRNF,1,2021,1.4211
RE1,WD,LNDRICRNF,1,2021,1.4211
RE1,WN,LNDRICRNF,1,2021,1.4211
RE1,SD,LNDRICRNF,1,2022,1.4192
RE1,SN,LNDRICRNF,1,2022,1.4192
RE1,WD,LNDRICRNF,1,2022,1.4192
RE1,WN,LNDRICRNF,1,2022,1.4192
RE1,SD,LNDRICRNF,1,2023,1.4166
RE1,SN,LNDRICRNF,1,2023,1.4166
RE1,WD,LNDRICRNF,1,2023,1.4166
RE1,WN,LNDRICRNF,1,2023,1.4166
RE1,SD,LNDRICRNF,1,2024,1.413
RE1,SN,LNDRICRNF,1,2024,1.413
RE1,WD,LNDRICRNF,1,2024,1.413
RE1,WN,LNDRICRNF,1,2024,1.413
RE1,SD,LNDRICRNF,1,2025,1.4067
RE1,SN,LNDRICRNF,1,2025,1.4067
RE1,WD,LNDRICRNF,1,2025,1.4067
RE1,WN,LNDRICRNF,1,2025,1.4067
RE1,SD,LNDRICRNF,1,2026,1.3992
RE1,SN,LNDRICRNF,1,2026,1.3992
RE1,WD,LNDRICRNF,1,2026,1.3992
RE1,WN,LNDRICRNF,1,2026,1.3992
RE1,SD,LNDRICRNF,1,2027,1.3886
RE1,SN,LNDRICRNF,1,2027,1.3886
RE1,WD,LNDRICRNF,1,2027,1.3886
RE1,WN,LNDRICRNF,1,2027,1.3886
RE1,SD,LNDRICRNF,1,2028,1.3766
RE1,SN,LNDRICRNF,1,2028,1.3766
RE1,WD,LNDRICRNF,1,2028,1.3766
RE1,WN,LNDRICRNF,1,2028,1.3766
RE1,SD,LNDRICRNF,1,2029,1.3629
RE1,SN,LNDRICRNF,1,2029,1.3629
RE1,WD,LNDRICRNF,1,2029,1.3629
RE1,WN,LNDRICRNF,1,2029,1.3629
RE1,SD,LNDRICRNF,1,2030,1.3457
RE1,SN,LNDRICRNF,1,2030,1.3457
RE1,WD,LNDRICRNF,1,2030,1.3457
RE1,WN,LNDRICRNF,1,2030,1.3457
RE1,SD,LNDRICRNF,1,2031,1.3265
RE1,SN,LNDRICRNF,1,2031,1.3265
RE1,WD,LNDRICRNF,1,2031,1.3265
RE1,WN,LNDRICRNF,1,2031,1.3265
RE1,SD,LNDRICRNF,1,2032,1.3051
RE1,SN,LNDRICRNF,1,2032,1.3051
RE1,WD,LNDRICRNF,1,2032,1.3051
RE1,WN,LNDRICRNF,1,2032,1.3051
RE1,SD,LNDRICRNF,1,2033,1.2813
RE1,SN,LNDRICRNF,1,2033,1.2813
RE1,WD,LNDRICRNF,1,2033,1.2813
RE1,WN,LNDRICRNF,1,2033,1.2813
RE1,SD,LNDRICRNF,1,2034,1.2534
RE1,SN,LNDRICRNF,1,2034,1.2534
RE1,WD,LNDRICRNF,1,2034,1.2534
RE1,WN,LNDRICRNF,1,2034,1.2534
RE1,SD,LNDRICRNF,1,2035,1.2226
RE1,SN,LNDRICRNF,1,2035,1.2226
RE1,WD,LNDRICRNF,1,2035,1.2226
RE1,WN,LNDRICRNF,1,2035,1.2226
RE1,SD,LNDMAIIRR,1,2020,0.339
RE1,SN,LNDMAIIRR,1,2020,0.339
RE1,WD,LNDMAIIRR,1,2020,0.339
RE1,WN,LNDMAIIRR,1,2020,0.339
RE1,SD,LNDMAIIRR,1,2021,0.356
RE1,SN,LNDMAIIRR,1,2021,0.356
RE1,WD,LNDMAIIRR,1,2021,0.356
RE1,WN,LNDMAIIRR,1,2021,0.356
RE1,SD,LNDMAIIRR,1,2022,0.3737
RE1,SN,LNDMAIIRR,1,2022,0.3737
RE1,WD,LNDMAIIRR,1,2022,0.3737
RE1,WN,LNDMAIIRR,1,2022,0.3737
RE1,SD,LNDMAIIRR,1,2023,0.3924
RE1,SN,LNDMAIIRR,1,2023,0.3924
RE1,WD,LNDMAIIRR,1,2023,0.3924
RE1,WN,LNDMAIIRR,1,2023,0.3924
RE1,SD,LNDMAIIRR,1,2024,0.4121
RE1,SN,LNDMAIIRR,1,2024,0.4121
RE1,WD,LNDMAIIRR,1,2024,0.4121
RE1,WN,LNDMAIIRR,1,2024,0.4121
RE1,SD,LNDMAIIRR,1,2025,0.4327
RE1,SN,LNDMAIIRR,1,2025,0.4327
RE1,WD,LNDMAIIRR,1,2025,0.4327
RE1,WN,LNDMAIIRR,1,2025,0.4327
RE1,SD,LNDMAIIRR,1,2026,0.4543
RE1,SN,LNDMAIIRR,1,2026,0.4543
RE1,WD,LNDMAIIRR,1,2026,0.4543
RE1,WN,LNDMAIIRR,1,2026,0.4543
RE1,SD,LNDMAIIRR,1,2027,0.477
RE1,SN,LNDMAIIRR,1,2027,0.477
RE1,WD,LNDMAIIRR,1,2027,0.477
RE1,WN,LNDMAIIRR,1,2027,0.477
RE1,SD,LNDMAIIRR,1,2028,0.5009
RE1,SN,LNDMAIIRR,1,2028,0.5009
RE1,WD,LNDMAIIRR,1,2028,0.5009
RE1,WN,LNDMAIIRR,1,2028,0.5009
RE1,SD,LNDMAIIRR,1,2029,0.5259
RE1,SN,LNDMAIIRR,1,2029,0.5259
RE1,WD,LNDMAIIRR,1,2029,0.5259
RE1,WN,LNDMAIIRR,1,2029,0.5259
RE1,SD,LNDMAIIRR,1,2030,0.5522
RE1,SN,LNDMAIIRR,1,2030,0.5522
RE1,WD,LNDMAIIRR,1,2030,0.5522
RE1,WN,LNDMAIIRR,1,2030,0.5522
RE1,SD,LNDMAIIRR,1,2031,0.5798
RE1,SN,LNDMAIIRR,1,2031,0.5798
RE1,WD,LNDMAIIRR,1,2031,0.5798
RE1,WN,LNDMAIIRR,1,2031,0.5798
RE1,SD,LNDMAIIRR,1,2032,0.6088
RE1,SN,LNDMAIIRR,1,2032,0.6088
RE1,WD,LNDMAIIRR,1,2032,0.6088
RE1,WN,LNDMAIIRR,1,2032,0.6088
RE1,SD,LNDMAIIRR,1,2033,0.6392
RE1,SN,LNDMAIIRR,1,2033,0.6392
RE1,WD,LNDMAIIRR,1,2033,0.6392
RE1,WN,LNDMAIIRR,1,2033,0.6392
RE1,SD,LNDMAIIRR,1,2034,0.6712
RE1,SN,LNDMAIIRR,1,2034,0.6712
RE1,WD,LNDMAIIRR,1,2034,0.6712
RE1,WN,LNDMAIIRR,1,2034,0.6712
RE1,SD,LNDMAIIRR,1,2035,0.7048
RE1,SN,LNDMAIIRR,1,2035,0.7048
RE1,WD,LNDMAIIRR,1,2035,0.7048
RE1,WN,LNDMAIIRR,1,2035,0.7048
RE1,SD,LNDRICIRR,1,2020,0.531
RE1,SN,LNDRICIRR,1,2020,0.531
RE1,WD,LNDRICIRR,1,2020,0.531
RE1,WN,LNDRICIRR,1,2020,0.531
RE1,SD,LNDRICIRR,1,2021,0.5576
RE1,SN,LNDRICIRR,1,2021,0.5576
RE1,WD,LNDRICIRR,1,2021,0.5576
RE1,WN,LNDRICIRR,1,2021,0.5576
RE1,SD,LNDRICIRR,1,2022,0.5854
RE1,SN,LNDRICIRR,1,2022,0.5854
RE1,WD,LNDRICIRR,1,2022,0.5854
RE1,WN,LNDRICIRR,1,2022,0.5854
RE1,SD,LNDRICIRR,1,2023,0.6147
RE1,SN,LNDRICIRR,1,2023,0.6147
RE1,WD,LNDRICIRR,1,2023,0.6147
RE1,WN,LNDRICIRR,1,2023,0.6147
RE1,SD,LNDRICIRR,1,2024,0.6454
RE1,SN,LNDRICIRR,1,2024,0.6454
RE1,WD,LNDRICIRR,1,2024,0.6454
RE1,WN,LNDRICIRR,1,2024,0.6454
RE1,SD,LNDRICIRR,1,2025,0.6777
RE1,SN,LNDRICIRR,1,2025,0.6777
RE1,WD,LNDRICIRR,1,2025,0.6777
RE1,WN,LNDRICIRR,1,2025,0.6777
RE1,SD,LNDRICIRR,1,2026,0.7116
RE1,SN,LNDRICIRR,1,2026,0.7116
RE1,WD,LNDRICIRR,1,2026,0.7116
RE1,WN,LNDRICIRR,1,2026,0.7116
RE1,SD,LNDRICIRR,1,2027,0.7472
RE1,SN,LNDRICIRR,1,2027,0.7472
RE1,WD,LNDRICIRR,1,2027,0.7472
RE1,WN,LNDRICIRR,1,2027,0.7472
RE1,SD,LNDRICIRR,1,2028,0.7845
RE1,SN,LNDRICIRR,1,2028,0.7845
RE1,WD,LNDRICIRR,1,2028,0.7845
RE1,WN,LNDRICIRR,1,2028,0.7845
RE1,SD,LNDRICIRR,1,2029,0.8238
RE1,SN,LNDRICIRR,1,2029,0.8238
RE1,WD,LNDRICIRR,1,2029,0.8238
RE1,WN,LNDRICIRR,1,2029,0.8238
RE1,SD,LNDRICIRR,1,2030,0.8649
RE1,SN,LNDRICIRR,1,2030,0.8649
RE1,WD,LNDRICIRR,1,2030,0.8649
RE1,WN,LNDRICIRR,1,2030,0.8649
RE1,SD,LNDRICIRR,1,2031,0.9082
RE1,SN,LNDRICIRR,1,2031,0.9082
RE1,WD,LNDRICIRR,1,2031,0.9082
RE1,WN,LNDRICIRR,1,2031,0.9082
RE1,SD,LNDRICIRR,1,2032,0.9536
RE1,SN,LNDRICIRR,1,2032,0.9536
RE1,WD,LNDRICIRR,1,2032,0.9536
RE1,WN,LNDRICIRR,1,2032,0.9536
RE1,SD,LNDRICIRR,1,2033,1.0013
RE1,SN,LNDRICIRR,1,2033,1.0013
RE1,WD,LNDRICIRR,1,2033,1.0013
RE1,WN,LNDRICIRR,1,2033,1.0013
RE1,SD,LNDRICIRR,1,2034,1.0513
RE1,SN,LNDRICIRR,1,2034,1.0513
RE1,WD,LNDRICIRR,1,2034,1.0513
RE1,WN,LNDRICIRR,1,2034,1.0513
RE1,SD,LNDRICIRR,1,2035,1.1039
RE1,SN,LNDRICIRR,1,2035,1.1039
RE1,WD,LNDRICIRR,1,2035,1.1039
RE1,WN,LNDRICIRR,1,2035,1.1039
RE1,SD,LNDFOR,1,2020,253.6
RE1,SN,LNDFOR,1,2020,253.6
RE1,WD,LNDFOR,1,2020,253.6
RE1,WN,LNDFOR,1,2020,253.6
RE1,SD,LNDFOR,1,2021,253.6
RE1,SN,LNDFOR,1,2021,253.6
RE1,WD,LNDFOR,1,2021,252.587
RE1,WN,LNDFOR,1,2021,253.6
RE1,SD,LNDFOR,1,2022,253.6
RE1,SN,LNDFOR,1,2022,253.6
RE1,WD,LNDFOR,1,2022,251.5564
RE1,WN,LNDFOR,1,2022,253.6
RE1,SD,LNDFOR,1,2023,253.6
RE1,SN,LNDFOR,1,2023,253.6
RE1,WD,LNDFOR,1,2023,250.5351
RE1,WN,LNDFOR,1,2023,253.6
RE1,SD,LNDFOR,1,2024,253.6
RE1,SN,LNDFOR,1,2024,253.6
RE1,WD,LNDFOR,1,2024,249.4684
RE1,WN,LNDFOR,1,2024,253.6
RE1,SD,LNDFOR,1,2025,253.6
RE1,SN,LNDFOR,1,2025,253.6
RE1,WD,LNDFOR,1,2025,248.2965
RE1,WN,LNDFOR,1,2025,253.6
RE1,SD,LNDFOR,1,2026,253.6
RE1,SN,LNDFOR,1,2026,253.6
RE1,WD,LNDFOR,1,2026,247.2696
RE1,WN,LNDFOR,1,2026,253.6
RE1,SD,LNDFOR,1,2027,253.6
RE1,SN,LNDFOR,1,2027,253.6
RE1,WD,LNDFOR,1,2027,246.2037
RE1,WN,LNDFOR,1,2027,253.6
RE1,SD,LNDFOR,1,2028,253.6
RE1,SN,LNDFOR,1,2028,253.6
RE1,WD,LNDFOR,1,2028,245.0278
RE1,WN,LNDFOR,1,2028,253.6
RE1,SD,LNDFOR,1,2029,253.6
RE1,SN,LNDFOR,1,2029,253.6
RE1,WD,LNDFOR,1,2029,243.8181
RE1,WN,LNDFOR,1,2029,253.6
RE1,SD,LNDFOR,1,2030,253.6
RE1,SN,LNDFOR,1,2030,253.6
RE1,WD,LNDFOR,1,2030,242.6396
RE1,WN,LNDFOR,1,2030,253.6
RE1,SD,LNDFOR,1,2031,253.6
RE1,SN,LNDFOR,1,2031,253.6
RE1,WD,LNDFOR,1,2031,241.428
RE1,WN,LNDFOR,1,2031,253.6
RE1,SD,LNDFOR,1,2032,253.6
RE1,SN,LNDFOR,1,2032,253.6
RE1,WD,LNDFOR,1,2032,240.2527
RE1,WN,LNDFOR,1,2032,253.6
RE1,SD,LNDFOR,1,2033,253.6
RE1,SN,LNDFOR,1,2033,253.6
RE1,WD,LNDFOR,1,2033,239.0449
RE1,WN,LNDFOR,1,2033,253.6
RE1,SD,LNDFOR,1,2034,253.6
RE1,SN,LNDFOR,1,2034,253.6
RE1,WD,LNDFOR,1,2034,237.8454
RE1,WN,LNDFOR,1,2034,253.6
RE1,SD,LNDFOR,1,2035,253.6
RE1,SN,LNDFOR,1,2035,253.6
RE1,WD,LNDFOR,1,2035,236.6386
RE1,WN,LNDFOR,1,2035,253.6
RE1,SD,LNDBLT,1,2020,15.0
RE1,SN,LNDBLT,1,2020,15.0
RE1,WD,LNDBLT,1,2020,15.0
RE1,WN,LNDBLT,1,2020,15.0
RE1,SD,LNDBLT,1,2021,15.15
RE1,SN,LNDBLT,1,2021,15.15
RE1,WD,LNDBLT,1,2021,15.15
RE1,WN,LNDBLT,1,2021,15.15
RE1,SD,LNDBLT,1,2022,15.3
RE1,SN,LNDBLT,1,2022,15.3
RE1,WD,LNDBLT,1,2022,15.3
RE1,WN,LNDBLT,1,2022,15.3
RE1,SD,LNDBLT,1,2023,15.45
RE1,SN,LNDBLT,1,2023,15.45
RE1,WD,LNDBLT,1,2023,15.45
RE1,WN,LNDBLT,1,2023,15.45
RE1,SD,LNDBLT,1,2024,15.61
RE1,SN,LNDBLT,1,2024,15.61
RE1,WD,LNDBLT,1,2024,15.61
RE1,WN,LNDBLT,1,2024,15.61
RE1,SD,LNDBLT,1,2025,15.77
RE1,SN,LNDBLT,1,2025,15.77
RE1,WD,LNDBLT,1,2025,15.77
RE1,WN,LNDBLT,1,2025,15.77
RE1,SD,LNDBLT,1,2026,15.92
RE1,SN,LNDBLT,1,2026,15.92
RE1,WD,LNDBLT,1,2026,15.92
RE1,WN,LNDBLT,1,2026,15.92
RE1,SD,LNDBLT,1,2027,16.08
RE1,SN,LNDBLT,1,2027,16.08
RE1,WD,LNDBLT,1,2027,16.08
RE1,WN,LNDBLT,1,2027,16.08
RE1,SD,LNDBLT,1,2028,16.24
RE1,SN,LNDBLT,1,2028,16.24
RE1,WD,LNDBLT,1,2028,16.24
RE1,WN,LNDBLT,1,2028,16.24
RE1,SD,LNDBLT,1,2029,16.41
RE1,SN,LNDBLT,1,2029,16.41
RE1,WD,LNDBLT,1,2029,16.41
RE1,WN,LNDBLT,1,2029,16.41
RE1,SD,LNDBLT,1,2030,16.57
RE1,SN,LNDBLT,1,2030,16.57
RE1,WD,LNDBLT,1,2030,16.57
RE1,WN,LNDBLT,1,2030,16.57
RE1,SD,LNDBLT,1,2031,16.74
RE1,SN,LNDBLT,1,2031,16.74
RE1,WD,LNDBLT,1,2031,16.74
RE1,WN,LNDBLT,1,2031,16.74
RE1,SD,LNDBLT,1,2032,16.9
RE1,SN,LNDBLT,1,2032,16.9
RE1,WD,LNDBLT,1,2032,16.9
RE1,WN,LNDBLT,1,2032,16.9
RE1,SD,LNDBLT,1,2033,17.07
RE1,SN,LNDBLT,1,2033,17.07
RE1,WD,LNDBLT,1,2033,17.07
RE1,WN,LNDBLT,1,2033,17.07
RE1,SD,LNDBLT,1,2034,17.24
RE1,SN,LNDBLT,1,2034,17.24
RE1,WD,LNDBLT,1,2034,17.24
RE1,WN,LNDBLT,1,2034,17.24
RE1,SD,LNDBLT,1,2035,17.41
RE1,SN,LNDBLT,1,2035,17.41
RE1,WD,LNDBLT,1,2035,17.41
RE1,WN,LNDBLT,1,2035,17.41
RE1,SD,LNDWAT,1,2020,25.021
RE1,SN,LNDWAT,1,2020,25.021
RE1,WD,LNDWAT,1,2020,25.021
RE1,WN,LNDWAT,1,2020,25.021
RE1,SD,LNDWAT,1,2021,24.7283
RE1,SN,LNDWAT,1,2021,24.7283
RE1,WD,LNDWAT,1,2021,25.7412
RE1,WN,LNDWAT,1,2021,24.7283
RE1,SD,LNDWAT,1,2022,24.4304
RE1,SN,LNDWAT,1,2022,24.4304
RE1,WD,LNDWAT,1,2022,26.474
RE1,WN,LNDWAT,1,2022,24.4304
RE1,SD,LNDWAT,1,2023,24.1352
RE1,SN,LNDWAT,1,2023,24.1352
RE1,WD,LNDWAT,1,2023,27.2002
RE1,WN,LNDWAT,1,2023,24.1352
RE1,SD,LNDWAT,1,2024,23.827
RE1,SN,LNDWAT,1,2024,23.827
RE1,WD,LNDWAT,1,2024,27.9586
RE1,WN,LNDWAT,1,2024,23.827
RE1,SD,LNDWAT,1,2025,23.4883
RE1,SN,LNDWAT,1,2025,23.4883
RE1,WD,LNDWAT,1,2025,28.7918
RE1,WN,LNDWAT,1,2025,23.4883
RE1,SD,LNDWAT,1,2026,23.1915
RE1,SN,LNDWAT,1,2026,23.1915
RE1,WD,LNDWAT,1,2026,29.5219
RE1,WN,LNDWAT,1,2026,23.1915
RE1,SD,LNDWAT,1,2027,22.8835
RE1,SN,LNDWAT,1,2027,22.8835
RE1,WD,LNDWAT,1,2027,30.2798
RE1,WN,LNDWAT,1,2027,22.8835
RE1,SD,LNDWAT,1,2028,22.5436
RE1,SN,LNDWAT,1,2028,22.5436
RE1,WD,LNDWAT,1,2028,31.1158
RE1,WN,LNDWAT,1,2028,22.5436
RE1,SD,LNDWAT,1,2029,22.194
RE1,SN,LNDWAT,1,2029,22.194
RE1,WD,LNDWAT,1,2029,31.9759
RE1,WN,LNDWAT,1,2029,22.194
RE1,SD,LNDWAT,1,2030,21.8535
RE1,SN,LNDWAT,1,2030,21.8535
RE1,WD,LNDWAT,1,2030,32.8138
RE1,WN,LNDWAT,1,2030,21.8535
RE1,SD,LNDWAT,1,2031,21.5033
RE1,SN,LNDWAT,1,2031,21.5033
RE1,WD,LNDWAT,1,2031,33.6753
RE1,WN,LNDWAT,1,2031,21.5033
RE1,SD,LNDWAT,1,2032,21.1636
RE1,SN,LNDWAT,1,2032,21.1636
RE1,WD,LNDWAT,1,2032,34.5109
RE1,WN,LNDWAT,1,2032,21.1636
RE1,SD,LNDWAT,1,2033,20.8146
RE1,SN,LNDWAT,1,2033,20.8146
RE1,WD,LNDWAT,1,2033,35.3697
RE1,WN,LNDWAT,1,2033,20.8146
RE1,SD,LNDWAT,1,2034,20.4679
RE1,SN,LNDWAT,1,2034,20.4679
RE1,WD,LNDWAT,1,2034,36.2225
RE1,WN,LNDWAT,1,2034,20.4679
RE1,SD,LNDWAT,1,2035,20.1192
RE1,SN,LNDWAT,1,2035,20.1192
RE1,WD,LNDWAT,1,2035,37.0805
RE1,WN,LNDWAT,1,2035,20.1192
RE1,SD,RSCPRC,1,2020,360.0
RE1,SN,RSCPRC,1,2020,359.975
RE1,WD,RSCPRC,1,2020,360.0
RE1,WN,RSCPRC,1,2020,360.0
RE1,SD,RSCPRC,1,2021,360.0
RE1,SN,RSCPRC,1,2021,360.0
RE1,WD,RSCPRC,1,2021,360.0
RE1,WN,RSCPRC,1,2021,360.0
RE1,SD,RSCPRC,1,2022,360.0
RE1,SN,RSCPRC,1,2022,360.0
RE1,WD,RSCPRC,1,2022,360.0
RE1,WN,RSCPRC,1,2022,360.0
RE1,SD,RSCPRC,1,2023,360.0
RE1,SN,RSCPRC,1,2023,360.0
RE1,WD,RSCPRC,1,2023,360.0
RE1,WN,RSCPRC,1,2023,360.0
RE1,SD,RSCPRC,1,2024,360.0
RE1,SN,RSCPRC,1,2024,360.0
RE1,WD,RSCPRC,1,2024,360.0
RE1,WN,RSCPRC,1,2024,360.0
RE1,SD,RSCPRC,1,2025,360.0
RE1,SN,RSCPRC,1,2025,360.0
RE1,WD,RSCPRC,1,2025,360.0
RE1,WN,RSCPRC,1,2025,360.0
RE1,SD,RSCPRC,1,2026,360.0
RE1,SN,RSCPRC,1,2026,360.0
RE1,WD,RSCPRC,1,2026,360.0
RE1,WN,RSCPRC,1,2026,360.0
RE1,SD,RSCPRC,1,2027,360.0
RE1,SN,RSCPRC,1,2027,360.0
RE1,WD,RSCPRC,1,2027,360.0
RE1,WN,RSCPRC,1,2027,360.0
RE1,SD,RSCPRC,1,2028,360.0
RE1,SN,RSCPRC,1,2028,360.0
RE1,WD,RSCPRC,1,2028,360.0
RE1,WN,RSCPRC,1,2028,360.0
RE1,SD,RSCPRC,1,2029,360.0
RE1,SN,RSCPRC,1,2029,360.0
RE1,WD,RSCPRC,1,2029,360.0
RE1,WN,RSCPRC,1,2029,360.0
RE1,SD,RSCPRC,1,2030,360.0
RE1,SN,RSCPRC,1,2030,360.0
RE1,WD,RSCPRC,1,2030,360.0
RE1,WN,RSCPRC,1,2030,360.0
RE1,SD,RSCPRC,1,2031,360.0
RE1,SN,RSCPRC,1,2031,360.0
RE1,WD,RSCPRC,1,2031,360.0
RE1,WN,RSCPRC,1,2031,360.0
RE1,SD,RSCPRC,1,2032,360.0
RE1,SN,RSCPRC,1,2032,360.0
RE1,WD,RSCPRC,1,2032,360.0
RE1,WN,RSCPRC,1,2032,360.0
RE1,SD,RSCPRC,1,2033,360.0
RE1,SN,RSCPRC,1,2033,360.0
RE1,WD,RSCPRC,1,2033,360.0
RE1,WN,RSCPRC,1,2033,360.0
RE1,SD,RSCPRC,1,2034,360.0
RE1,SN,RSCPRC,1,2034,360.0
RE1,WD,RSCPRC,1,2034,360.0
RE1,WN,RSCPRC,1,2034,360.0
RE1,SD,RSCPRC,1,2035,360.0
RE1,SN,RSCPRC,1,2035,360.0
RE1,WD,RSCPRC,1,2035,360.0
RE1,WN,RSCPRC,1,2035,360.0
RE1,SD,UPSWTRSUR,1,2020,0.0
RE1,SN,UPSWTRSUR,1,2020,0.0
RE1,WD,UPSWTRSUR,1,2020,0.0
RE1,WN,UPSWTRSUR,1,2020,0.0
RE1,SD,UPSWTRSUR,1,2021,0.0
RE1,SN,UPSWTRSUR,1,2021,0.0
RE1,WD,UPSWTRSUR,1,2021,0.0
RE1,WN,UPSWTRSUR,1,2021,0.0
RE1,SD,UPSWTRSUR,1,2022,0.0
RE1,SN,UPSWTRSUR,1,2022,0.0
RE1,WD,UPSWTRSUR,1,2022,0.0
RE1,WN,UPSWTRSUR,1,2022,0.0
RE1,SD,UPSWTRSUR,1,2023,0.0
RE1,SN,UPSWTRSUR,1,2023,0.0
RE1,WD,UPSWTRSUR,1,2023,0.0
RE1,WN,UPSWTRSUR,1,2023,0.0
RE1,SD,UPSWTRSUR,1,2024,0.0
RE1,SN,UPSWTRSUR,1,2024,0.0
RE1,WD,UPSWTRSUR,1,2024,0.0
RE1,WN,UPSWTRSUR,1,2024,0.0
RE1,SD,UPSWTRSUR,1,2025,0.0
RE1,SN,UPSWTRSUR,1,2025,0.0
RE1,WD,UPSWTRSUR,1,2025,0.0
RE1,WN,UPSWTRSUR,1,2025,0.0
RE1,SD,UPSWTRSUR,1,2026,0.0
RE1,SN,UPSWTRSUR,1,2026,0.0
RE1,WD,UPSWTRSUR,1,2026,0.0
RE1,WN,UPSWTRSUR,1,2026,0.0
RE1,SD,UPSWTRSUR,1,2027,0.0
RE1,SN,UPSWTRSUR,1,2027,0.0
RE1,WD,UPSWTRSUR,1,2027,0.0
RE1,WN,UPSWTRSUR,1,2027,0.0
RE1,SD,UPSWTRSUR,1,2028,0.0
RE1,SN,UPSWTRSUR,1,2028,0.0
RE1,WD,UPSWTRSUR,1,2028,0.0
RE1,WN,UPSWTRSUR,1,2028,0.0
RE1,SD,UPSWTRSUR,1,2029,0.0
RE1,SN,UPSWTRSUR,1,2029,0.0
RE1,WD,UPSWTRSUR,1,2029,0.0
RE1,WN,UPSWTRSUR,1,2029,0.0
RE1,SD,UPSWTRSUR,1,2030,0.0
RE1,SN,UPSWTRSUR,1,2030,0.0
RE1,WD,UPSWTRSUR,1,2030,0.0
RE1,WN,UPSWTRSUR,1,2030,0.0
RE1,SD,UPSWTRSUR,1,2031,0.0
RE1,SN,UPSWTRSUR,1,2031,0.0
RE1,WD,UPSWTRSUR,1,2031,0.0
RE1,WN,UPSWTRSUR,1,2031,0.0
RE1,SD,UPSWTRSUR,1,2032,0.0
RE1,SN,UPSWTRSUR,1,2032,0.0
RE1,WD,UPSWTRSUR,1,2032,0.0
RE1,WN,UPSWTRSUR,1,2032,0.0
RE1,SD,UPSWTRSUR,1,2033,0.0
RE1,SN,UPSWTRSUR,1,2033,0.0
RE1,WD,UPSWTRSUR,1,2033,0.0
RE1,WN,UPSWTRSUR,1,2033,0.0
RE1,SD,UPSWTRSUR,1,2034,0.0
RE1,SN,UPSWTRSUR,1,2034,0.0
RE1,WD,UPSWTRSUR,1,2034,0.0
RE1,WN,UPSWTRSUR,1,2034,0.0
RE1,SD,UPSWTRSUR,1,2035,0.0
RE1,SN,UPSWTRSUR,1,2035,0.0
RE1,WD,UPSWTRSUR,1,2035,0.0
RE1,WN,UPSWTRSUR,1,2035,0.0
RE1,SD,DEMPUBSURWAT,1,2020,0.92
RE1,SN,DEMPUBSURWAT,1,2020,0.4498
RE1,WD,DEMPUBSURWAT,1,2020,0.92
RE1,WN,DEMPUBSURWAT,1,2020,0.5326
RE1,SD,DEMPUBSURWAT,1,2021,1.0978
RE1,SN,DEMPUBSURWAT,1,2021,0.4816
RE1,WD,DEMPUBSURWAT,1,2021,1.0978
RE1,WN,DEMPUBSURWAT,1,2021,0.5702
RE1,SD,DEMPUBSURWAT,1,2022,1.278
RE1,SN,DEMPUBSURWAT,1,2022,0.5151
RE1,WD,DEMPUBSURWAT,1,2022,1.278
RE1,WN,DEMPUBSURWAT,1,2022,0.61
RE1,SD,DEMPUBSURWAT,1,2023,1.4718
RE1,SN,DEMPUBSURWAT,1,2023,0.5496
RE1,WD,DEMPUBSURWAT,1,2023,1.4718
RE1,WN,DEMPUBSURWAT,1,2023,0.6508
RE1,SD,DEMPUBSURWAT,1,2024,1.6609
RE1,SN,DEMPUBSURWAT,1,2024,0.5855
RE1,WD,DEMPUBSURWAT,1,2024,1.6609
RE1,WN,DEMPUBSURWAT,1,2024,0.6933
RE1,SD,DEMPUBSURWAT,1,2025,1.867
RE1,SN,DEMPUBSURWAT,1,2025,0.6232
RE1,WD,DEMPUBSURWAT,1,2025,1.867
RE1,WN,DEMPUBSURWAT,1,2025,0.7379
RE1,SD,DEMPUBSURWAT,1,2026,2.0684
RE1,SN,DEMPUBSURWAT,1,2026,0.6622
RE1,WD,DEMPUBSURWAT,1,2026,2.0684
RE1,WN,DEMPUBSURWAT,1,2026,0.7841
RE1,SD,DEMPUBSURWAT,1,2027,2.2851
RE1,SN,DEMPUBSURWAT,1,2027,0.7026
RE1,WD,DEMPUBSURWAT,1,2027,2.2851
RE1,WN,DEMPUBSURWAT,1,2027,0.832
RE1,SD,DEMPUBSURWAT,1,2028,2.5005
RE1,SN,DEMPUBSURWAT,1,2028,0.7453
RE1,WD,DEMPUBSURWAT,1,2028,2.5005
RE1,WN,DEMPUBSURWAT,1,2028,0.8825
RE1,SD,DEMPUBSURWAT,1,2029,2.7313
RE1,SN,DEMPUBSURWAT,1,2029,0.7893
RE1,WD,DEMPUBSURWAT,1,2029,2.7313
RE1,WN,DEMPUBSURWAT,1,2029,0.9346
RE1,SD,DEMPUBSURWAT,1,2030,2.9609
RE1,SN,DEMPUBSURWAT,1,2030,0.8356
RE1,WD,DEMPUBSURWAT,1,2030,2.9609
RE1,WN,DEMPUBSURWAT,1,2030,0.9894
RE1,SD,DEMPUBSURWAT,1,2031,3.2075
RE1,SN,DEMPUBSURWAT,1,2031,0.8837
RE1,WD,DEMPUBSURWAT,1,2031,3.2075
RE1,WN,DEMPUBSURWAT,1,2031,1.0464
RE1,SD,DEMPUBSURWAT,1,2032,3.3901
RE1,SN,DEMPUBSURWAT,1,2032,0.9336
RE1,WD,DEMPUBSURWAT,1,2032,3.4511
RE1,WN,DEMPUBSURWAT,1,2032,1.1055
RE1,SD,DEMPUBSURWAT,1,2033,3.5796
RE1,SN,DEMPUBSURWAT,1,2033,0.9858
RE1,WD,DEMPUBSURWAT,1,2033,3.7135
RE1,WN,DEMPUBSURWAT,1,2033,1.1673
RE1,SD,DEMPUBSURWAT,1,2034,3.7774
RE1,SN,DEMPUBSURWAT,1,2034,1.0403
RE1,WD,DEMPUBSURWAT,1,2034,3.9748
RE1,WN,DEMPUBSURWAT,1,2034,1.2318
RE1,SD,DEMPUBSURWAT,1,2035,3.985
RE1,SN,DEMPUBSURWAT,1,2035,1.0975
RE1,WD,DEMPUBSURWAT,1,2035,4.2566
RE1,WN,DEMPUBSURWAT,1,2035,1.2995
RE1,SD,DEMPUBGWTWAT,1,2020,0.7132
RE1,SN,DEMPUBGWTWAT,1,2020,0.0
RE1,WD,DEMPUBGWTWAT,1,2020,0.8245
RE1,WN,DEMPUBGWTWAT,1,2020,0.0
RE1,SD,DEMPUBGWTWAT,1,2021,0.6508
RE1,SN,DEMPUBGWTWAT,1,2021,0.0
RE1,WD,DEMPUBGWTWAT,1,2021,0.77
RE1,WN,DEMPUBGWTWAT,1,2021,0.0
RE1,SD,DEMPUBGWTWAT,1,2022,0.5925
RE1,SN,DEMPUBGWTWAT,1,2022,0.0
RE1,WD,DEMPUBGWTWAT,1,2022,0.72
RE1,WN,DEMPUBGWTWAT,1,2022,0.0
RE1,SD,DEMPUBGWTWAT,1,2023,0.524
RE1,SN,DEMPUBGWTWAT,1,2023,0.0
RE1,WD,DEMPUBGWTWAT,1,2023,0.66
RE1,WN,DEMPUBGWTWAT,1,2023,0.0
RE1,SD,DEMPUBGWTWAT,1,2024,0.4651
RE1,SN,DEMPUBGWTWAT,1,2024,0.0
RE1,WD,DEMPUBGWTWAT,1,2024,0.61
RE1,WN,DEMPUBGWTWAT,1,2024,0.0
RE1,SD,DEMPUBGWTWAT,1,2025,0.3958
RE1,SN,DEMPUBGWTWAT,1,2025,0.0
RE1,WD,DEMPUBGWTWAT,1,2025,0.55
RE1,WN,DEMPUBGWTWAT,1,2025,0.0
RE1,SD,DEMPUBGWTWAT,1,2026,0.3361
RE1,SN,DEMPUBGWTWAT,1,2026,0.0
RE1,WD,DEMPUBGWTWAT,1,2026,0.5
RE1,WN,DEMPUBGWTWAT,1,2026,0.0
RE1,SD,DEMPUBGWTWAT,1,2027,0.2661
RE1,SN,DEMPUBGWTWAT,1,2027,0.0
RE1,WD,DEMPUBGWTWAT,1,2027,0.44
RE1,WN,DEMPUBGWTWAT,1,2027,0.0
RE1,SD,DEMPUBGWTWAT,1,2028,0.2056
RE1,SN,DEMPUBGWTWAT,1,2028,0.0
RE1,WD,DEMPUBGWTWAT,1,2028,0.39
RE1,WN,DEMPUBGWTWAT,1,2028,0.0
RE1,SD,DEMPUBGWTWAT,1,2029,0.1347
RE1,SN,DEMPUBGWTWAT,1,2029,0.0
RE1,WD,DEMPUBGWTWAT,1,2029,0.33
RE1,WN,DEMPUBGWTWAT,1,2029,0.0
RE1,SD,DEMPUBGWTWAT,1,2030,0.0732
RE1,SN,DEMPUBGWTWAT,1,2030,0.0
RE1,WD,DEMPUBGWTWAT,1,2030,0.28
RE1,WN,DEMPUBGWTWAT,1,2030,0.0
RE1,SD,DEMPUBGWTWAT,1,2031,0.0013
RE1,SN,DEMPUBGWTWAT,1,2031,0.0
RE1,WD,DEMPUBGWTWAT,1,2031,0.22
RE1,WN,DEMPUBGWTWAT,1,2031,0.0
RE1,SD,DEMPUBGWTWAT,1,2032,0.0
RE1,SN,DEMPUBGWTWAT,1,2032,0.0
RE1,WD,DEMPUBGWTWAT,1,2032,0.17
RE1,WN,DEMPUBGWTWAT,1,2032,0.0
RE1,SD,DEMPUBGWTWAT,1,2033,0.0
RE1,SN,DEMPUBGWTWAT,1,2033,0.0
RE1,WD,DEMPUBGWTWAT,1,2033,0.11
RE1,WN,DEMPUBGWTWAT,1,2033,0.0
RE1,SD,DEMPUBGWTWAT,1,2034,0.0
RE1,SN,DEMPUBGWTWAT,1,2034,0.0
RE1,WD,DEMPUBGWTWAT,1,2034,0.06
RE1,WN,DEMPUBGWTWAT,1,2034,0.0
RE1,SD,DEMPUBGWTWAT,1,2035,0.0
RE1,SN,DEMPUBGWTWAT,1,2035,0.0
RE1,WD,DEMPUBGWTWAT,1,2035,0.0
RE1,WN,DEMPUBGWTWAT,1,2035,0.0
RE1,SD,DEMAGRSURWAT,1,2020,0.4866
RE1,SN,DEMAGRSURWAT,1,2020,0.4866
RE1,WD,DEMAGRSURWAT,1,2020,0.4866
RE1,WN,DEMAGRSURWAT,1,2020,0.4866
RE1,SD,DEMAGRSURWAT,1,2021,0.511
RE1,SN,DEMAGRSURWAT,1,2021,0.511
RE1,WD,DEMAGRSURWAT,1,2021,0.511
RE1,WN,DEMAGRSURWAT,1,2021,0.511
RE1,SD,DEMAGRSURWAT,1,2022,0.5365
RE1,SN,DEMAGRSURWAT,1,2022,0.5365
RE1,WD,DEMAGRSURWAT,1,2022,0.5365
RE1,WN,DEMAGRSURWAT,1,2022,0.5365
RE1,SD,DEMAGRSURWAT,1,2023,0.5633
RE1,SN,DEMAGRSURWAT,1,2023,0.5633
RE1,WD,DEMAGRSURWAT,1,2023,0.5633
RE1,WN,DEMAGRSURWAT,1,2023,0.5633
RE1,SD,DEMAGRSURWAT,1,2024,0.5915
RE1,SN,DEMAGRSURWAT,1,2024,0.5915
RE1,WD,DEMAGRSURWAT,1,2024,0.5915
RE1,WN,DEMAGRSURWAT,1,2024,0.5915
RE1,SD,DEMAGRSURWAT,1,2025,0.6211
RE1,SN,DEMAGRSURWAT,1,2025,0.6211
RE1,WD,DEMAGRSURWAT,1,2025,0.6211
RE1,WN,DEMAGRSURWAT,1,2025,0.6211
RE1,SD,DEMAGRSURWAT,1,2026,0.6
RE1,SN,DEMAGRSURWAT,1,2026,0.6
RE1,WD,DEMAGRSURWAT,1,2026,0.6
RE1,WN,DEMAGRSURWAT,1,2026,0.6
RE1,SD,DEMAGRSURWAT,1,2027,0.53
RE1,SN,DEMAGRSURWAT,1,2027,0.53
RE1,WD,DEMAGRSURWAT,1,2027,0.53
RE1,WN,DEMAGRSURWAT,1,2027,0.53
RE1,SD,DEMAGRSURWAT,1,2028,0.489
RE1,SN,DEMAGRSURWAT,1,2028,0.489
RE1,WD,DEMAGRSURWAT,1,2028,0.489
RE1,WN,DEMAGRSURWAT,1,2028,0.489
RE1,SD,DEMAGRSURWAT,1,2029,0.5549
RE1,SN,DEMAGRSURWAT,1,2029,0.5549
RE1,WD,DEMAGRSURWAT,1,2029,0.5549
RE1,WN,DEMAGRSURWAT,1,2029,0.5549
RE1,SD,DEMAGRSURWAT,1,2030,0.6227
RE1,SN,DEMAGRSURWAT,1,2030,0.6227
RE1,WD,DEMAGRSURWAT,1,2030,0.6227
RE1,WN,DEMAGRSURWAT,1,2030,0.6227
RE1,SD,DEMAGRSURWAT,1,2031,0.7023
RE1,SN,DEMAGRSURWAT,1,2031,0.7023
RE1,WD,DEMAGRSURWAT,1,2031,0.7023
RE1,WN,DEMAGRSURWAT,1,2031,0.7023
RE1,SD,DEMAGRSURWAT,1,2032,0.7739
RE1,SN,DEMAGRSURWAT,1,2032,0.7739
RE1,WD,DEMAGRSURWAT,1,2032,0.7739
RE1,WN,DEMAGRSURWAT,1,2032,0.7739
RE1,SD,DEMAGRSURWAT,1,2033,0.8476
RE1,SN,DEMAGRSURWAT,1,2033,0.8476
RE1,WD,DEMAGRSURWAT,1,2033,0.8476
RE1,WN,DEMAGRSURWAT,1,2033,0.8476
RE1,SD,DEMAGRSURWAT,1,2034,0.9335
RE1,SN,DEMAGRSURWAT,1,2034,0.9335
RE1,WD,DEMAGRSURWAT,1,2034,0.9335
RE1,WN,DEMAGRSURWAT,1,2034,0.9335
RE1,SD,DEMAGRSURWAT,1,2035,1.0117
RE1,SN,DEMAGRSURWAT,1,2035,1.0117
RE1,WD,DEMAGRSURWAT,1,2035,1.0117
RE1,WN,DEMAGRSURWAT,1,2035,1.0117
RE1,SD,DEMAGRGWTWAT,1,2020,0.0
RE1,SN,DEMAGRGWTWAT,1,2020,0.0
RE1,WD,DEMAGRGWTWAT,1,2020,0.0
RE1,WN,DEMAGRGWTWAT,1,2020,0.0
RE1,SD,DEMAGRGWTWAT,1,2021,0.0
RE1,SN,DEMAGRGWTWAT,1,2021,0.0
RE1,WD,DEMAGRGWTWAT,1,2021,0.0
RE1,WN,DEMAGRGWTWAT,1,2021,0.0
RE1,SD,DEMAGRGWTWAT,1,2022,0.0
RE1,SN,DEMAGRGWTWAT,1,2022,0.0
RE1,WD,DEMAGRGWTWAT,1,2022,0.0
RE1,WN,DEMAGRGWTWAT,1,2022,0.0
RE1,SD,DEMAGRGWTWAT,1,2023,0.0
RE1,SN,DEMAGRGWTWAT,1,2023,0.0
RE1,WD,DEMAGRGWTWAT,1,2023,0.0
RE1,WN,DEMAGRGWTWAT,1,2023,0.0
RE1,SD,DEMAGRGWTWAT,1,2024,0.0
RE1,SN,DEMAGRGWTWAT,1,2024,0.0
RE1,WD,DEMAGRGWTWAT,1,2024,0.0
RE1,WN,DEMAGRGWTWAT,1,2024,0.0
RE1,SD,DEMAGRGWTWAT,1,2025,0.0
RE1,SN,DEMAGRGWTWAT,1,2025,0.0
RE1,WD,DEMAGRGWTWAT,1,2025,0.0
RE1,WN,DEMAGRGWTWAT,1,2025,0.0
RE1,SD,DEMAGRGWTWAT,1,2026,0.0521
RE1,SN,DEMAGRGWTWAT,1,2026,0.0521
RE1,WD,DEMAGRGWTWAT,1,2026,0.0521
RE1,WN,DEMAGRGWTWAT,1,2026,0.0521
RE1,SD,DEMAGRGWTWAT,1,2027,0.1548
RE1,SN,DEMAGRGWTWAT,1,2027,0.1548
RE1,WD,DEMAGRGWTWAT,1,2027,0.1548
RE1,WN,DEMAGRGWTWAT,1,2027,0.1548
RE1,SD,DEMAGRGWTWAT,1,2028,0.23
RE1,SN,DEMAGRGWTWAT,1,2028,0.23
RE1,WD,DEMAGRGWTWAT,1,2028,0.23
RE1,WN,DEMAGRGWTWAT,1,2028,0.23
RE1,SD,DEMAGRGWTWAT,1,2029,0.2
RE1,SN,DEMAGRGWTWAT,1,2029,0.2
RE1,WD,DEMAGRGWTWAT,1,2029,0.2
RE1,WN,DEMAGRGWTWAT,1,2029,0.2
RE1,SD,DEMAGRGWTWAT,1,2030,0.17
RE1,SN,DEMAGRGWTWAT,1,2030,0.17
RE1,WD,DEMAGRGWTWAT,1,2030,0.17
RE1,WN,DEMAGRGWTWAT,1,2030,0.17
RE1,SD,DEMAGRGWTWAT,1,2031,0.13
RE1,SN,DEMAGRGWTWAT,1,2031,0.13
RE1,WD,DEMAGRGWTWAT,1,2031,0.13
RE1,WN,DEMAGRGWTWAT,1,2031,0.13
RE1,SD,DEMAGRGWTWAT,1,2032,0.1
RE1,SN,DEMAGRGWTWAT,1,2032,0.1
RE1,WD,DEMAGRGWTWAT,1,2032,0.1
RE1,WN,DEMAGRGWTWAT,1,2032,0.1
RE1,SD,DEMAGRGWTWAT,1,2033,0.07
RE1,SN,DEMAGRGWTWAT,1,2033,0.07
RE1,WD,DEMAGRGWTWAT,1,2033,0.07
RE1,WN,DEMAGRGWTWAT,1,2033,0.07
RE1,SD,DEMAGRGWTWAT,1,2034,0.03
RE1,SN,DEMAGRGWTWAT,1,2034,0.03
RE1,WD,DEMAGRGWTWAT,1,2034,0.03
RE1,WN,DEMAGRGWTWAT,1,2034,0.03
RE1,SD,DEMAGRGWTWAT,1,2035,0.0
RE1,SN,DEMAGRGWTWAT,1,2035,0.0
RE1,WD,DEMAGRGWTWAT,1,2035,0.0
RE1,WN,DEMAGRGWTWAT,1,2035,0.0
RE1,SD,DEMPWRSURWAT,1,2020,0.0405
RE1,SN,DEMPWRSURWAT,1,2020,0.0656
RE1,WD,DEMPWRSURWAT,1,2020,0.103
RE1,WN,DEMPWRSURWAT,1,2020,0.0976
RE1,SD,DEMPWRSURWAT,1,2021,0.0317
RE1,SN,DEMPWRSURWAT,1,2021,0.0649
RE1,WD,DEMPWRSURWAT,1,2021,0.099
RE1,WN,DEMPWRSURWAT,1,2021,0.0969
RE1,SD,DEMPWRSURWAT,1,2022,0.0293
RE1,SN,DEMPWRSURWAT,1,2022,0.0665
RE1,WD,DEMPWRSURWAT,1,2022,0.102
RE1,WN,DEMPWRSURWAT,1,2022,0.0989
RE1,SD,DEMPWRSURWAT,1,2023,0.0274
RE1,SN,DEMPWRSURWAT,1,2023,0.0687
RE1,WD,DEMPWRSURWAT,1,2023,0.1058
RE1,WN,DEMPWRSURWAT,1,2023,0.1019
RE1,SD,DEMPWRSURWAT,1,2024,0.0254
RE1,SN,DEMPWRSURWAT,1,2024,0.0709
RE1,WD,DEMPWRSURWAT,1,2024,0.1097
RE1,WN,DEMPWRSURWAT,1,2024,0.1048
RE1,SD,DEMPWRSURWAT,1,2025,0.024
RE1,SN,DEMPWRSURWAT,1,2025,0.0738
RE1,WD,DEMPWRSURWAT,1,2025,0.1145
RE1,WN,DEMPWRSURWAT,1,2025,0.1086
RE1,SD,DEMPWRSURWAT,1,2026,0.0235
RE1,SN,DEMPWRSURWAT,1,2026,0.078
RE1,WD,DEMPWRSURWAT,1,2026,0.1036
RE1,WN,DEMPWRSURWAT,1,2026,0.1016
RE1,SD,DEMPWRSURWAT,1,2027,0.0223
RE1,SN,DEMPWRSURWAT,1,2027,0.0842
RE1,WD,DEMPWRSURWAT,1,2027,0.1045
RE1,WN,DEMPWRSURWAT,1,2027,0.1022
RE1,SD,DEMPWRSURWAT,1,2028,0.0208
RE1,SN,DEMPWRSURWAT,1,2028,0.0932
RE1,WD,DEMPWRSURWAT,1,2028,0.1045
RE1,WN,DEMPWRSURWAT,1,2028,0.102
RE1,SD,DEMPWRSURWAT,1,2029,0.0074
RE1,SN,DEMPWRSURWAT,1,2029,0.0724
RE1,WD,DEMPWRSURWAT,1,2029,0.1045
RE1,WN,DEMPWRSURWAT,1,2029,0.0948
RE1,SD,DEMPWRSURWAT,1,2030,0.0079
RE1,SN,DEMPWRSURWAT,1,2030,0.0801
RE1,WD,DEMPWRSURWAT,1,2030,0.1045
RE1,WN,DEMPWRSURWAT,1,2030,0.0939
RE1,SD,DEMPWRSURWAT,1,2031,0.0079
RE1,SN,DEMPWRSURWAT,1,2031,0.093
RE1,WD,DEMPWRSURWAT,1,2031,0.1045
RE1,WN,DEMPWRSURWAT,1,2031,0.0929
RE1,SD,DEMPWRSURWAT,1,2032,0.0104
RE1,SN,DEMPWRSURWAT,1,2032,0.1045
RE1,WD,DEMPWRSURWAT,1,2032,0.1045
RE1,WN,DEMPWRSURWAT,1,2032,0.092
RE1,SD,DEMPWRSURWAT,1,2033,0.0195
RE1,SN,DEMPWRSURWAT,1,2033,0.1045
RE1,WD,DEMPWRSURWAT,1,2033,0.1045
RE1,WN,DEMPWRSURWAT,1,2033,0.091
RE1,SD,DEMPWRSURWAT,1,2034,0.0306
RE1,SN,DEMPWRSURWAT,1,2034,0.1045
RE1,WD,DEMPWRSURWAT,1,2034,0.1045
RE1,WN,DEMPWRSURWAT,1,2034,0.0901
RE1,SD,DEMPWRSURWAT,1,2035,0.0427
RE1,SN,DEMPWRSURWAT,1,2035,0.1045
RE1,WD,DEMPWRSURWAT,1,2035,0.1045
RE1,WN,DEMPWRSURWAT,1,2035,0.0892
RE1,SD,IMPDSL,1,2020,3.1798
RE1,SN,IMPDSL,1,2020,3.1798
RE1,WD,IMPDSL,1,2020,3.1798
RE1,WN,IMPDSL,1,2020,3.1798
RE1,SD,IMPDSL,1,2021,2.6046
RE1,SN,IMPDSL,1,2021,2.6046
RE1,WD,IMPDSL,1,2021,2.6046
RE1,WN,IMPDSL,1,2021,2.6046
RE1,SD,IMPDSL,1,2022,2.6189
RE1,SN,IMPDSL,1,2022,2.6189
RE1,WD,IMPDSL,1,2022,2.6189
RE1,WN,IMPDSL,1,2022,2.6189
RE1,SD,IMPDSL,1,2023,2.6754
RE1,SN,IMPDSL,1,2023,2.6754
RE1,WD,IMPDSL,1,2023,2.6754
RE1,WN,IMPDSL,1,2023,2.6754
RE1,SD,IMPDSL,1,2024,2.7292
RE1,SN,IMPDSL,1,2024,2.7292
RE1,WD,IMPDSL,1,2024,2.7292
RE1,WN,IMPDSL,1,2024,2.7292
RE1,SD,IMPDSL,1,2025,2.7966
RE1,SN,IMPDSL,1,2025,2.7966
RE1,WD,IMPDSL,1,2025,2.7966
RE1,WN,IMPDSL,1,2025,2.7966
RE1,SD,IMPDSL,1,2026,2.8598
RE1,SN,IMPDSL,1,2026,2.8598
RE1,WD,IMPDSL,1,2026,2.8598
RE1,WN,IMPDSL,1,2026,2.8598
RE1,SD,IMPDSL,1,2027,2.9451
RE1,SN,IMPDSL,1,2027,2.9451
RE1,WD,IMPDSL,1,2027,2.9451
RE1,WN,IMPDSL,1,2027,2.9451
RE1,SD,IMPDSL,1,2028,3.0488
RE1,SN,IMPDSL,1,2028,3.0488
RE1,WD,IMPDSL,1,2028,3.0488
RE1,WN,IMPDSL,1,2028,3.0488
RE1,SD,IMPDSL,1,2029,3.1385
RE1,SN,IMPDSL,1,2029,3.1385
RE1,WD,IMPDSL,1,2029,3.1385
RE1,WN,IMPDSL,1,2029,3.1385
RE1,SD,IMPDSL,1,2030,3.2174
RE1,SN,IMPDSL,1,2030,3.2174
RE1,WD,IMPDSL,1,2030,3.2174
RE1,WN,IMPDSL,1,2030,3.2174
RE1,SD,IMPDSL,1,2031,3.2965
RE1,SN,IMPDSL,1,2031,3.2965
RE1,WD,IMPDSL,1,2031,3.2965
RE1,WN,IMPDSL,1,2031,3.2965
RE1,SD,IMPDSL,1,2032,3.3888
RE1,SN,IMPDSL,1,2032,3.3888
RE1,WD,IMPDSL,1,2032,3.3888
RE1,WN,IMPDSL,1,2032,3.3888
RE1,SD,IMPDSL,1,2033,3.469
RE1,SN,IMPDSL,1,2033,3.469
RE1,WD,IMPDSL,1,2033,3.469
RE1,WN,IMPDSL,1,2033,3.469
RE1,SD,IMPDSL,1,2034,3.5619
RE1,SN,IMPDSL,1,2034,3.5619
RE1,WD,IMPDSL,1,2034,3.5619
RE1,WN,IMPDSL,1,2034,3.5619
RE1,SD,IMPDSL,1,2035,3.6437
RE1,SN,IMPDSL,1,2035,3.6437
RE1,WD,IMPDSL,1,2035,3.6437
RE1,WN,IMPDSL,1,2035,3.6437
RE1,SD,DEMTRABIO,1,2020,1.1848
RE1,SN,DEMTRABIO,1,2020,1.1848
RE1,WD,DEMTRABIO,1,2020,1.1848
RE1,WN,DEMTRABIO,1,2020,1.1848
RE1,SD,DEMTRABIO,1,2021,1.2204
RE1,SN,DEMTRABIO,1,2021,1.2204
RE1,WD,DEMTRABIO,1,2021,1.2204
RE1,WN,DEMTRABIO,1,2021,1.2204
RE1,SD,DEMTRABIO,1,2022,1.2559
RE1,SN,DEMTRABIO,1,2022,1.2559
RE1,WD,DEMTRABIO,1,2022,1.2559
RE1,WN,DEMTRABIO,1,2022,1.2559
RE1,SD,DEMTRABIO,1,2023,1.2915
RE1,SN,DEMTRABIO,1,2023,1.2915
RE1,WD,DEMTRABIO,1,2023,1.2915
RE1,WN,DEMTRABIO,1,2023,1.2915
RE1,SD,DEMTRABIO,1,2024,1.327
RE1,SN,DEMTRABIO,1,2024,1.327
RE1,WD,DEMTRABIO,1,2024,1.327
RE1,WN,DEMTRABIO,1,2024,1.327
RE1,SD,DEMTRABIO,1,2025,1.3744
RE1,SN,DEMTRABIO,1,2025,1.3744
RE1,WD,DEMTRABIO,1,2025,1.3744
RE1,WN,DEMTRABIO,1,2025,1.3744
RE1,SD,DEMTRABIO,1,2026,1.41
RE1,SN,DEMTRABIO,1,2026,1.41
RE1,WD,DEMTRABIO,1,2026,1.41
RE1,WN,DEMTRABIO,1,2026,1.41
RE1,SD,DEMTRABIO,1,2027,1.4455
RE1,SN,DEMTRABIO,1,2027,1.4455
RE1,WD,DEMTRABIO,1,2027,1.4455
RE1,WN,DEMTRABIO,1,2027,1.4455
RE1,SD,DEMTRABIO,1,2028,1.4929
RE1,SN,DEMTRABIO,1,2028,1.4929
RE1,WD,DEMTRABIO,1,2028,1.4929
RE1,WN,DEMTRABIO,1,2028,1.4929
RE1,SD,DEMTRABIO,1,2029,1.5403
RE1,SN,DEMTRABIO,1,2029,1.5403
RE1,WD,DEMTRABIO,1,2029,1.5403
RE1,WN,DEMTRABIO,1,2029,1.5403
RE1,SD,DEMTRABIO,1,2030,1.5877
RE1,SN,DEMTRABIO,1,2030,1.5877
RE1,WD,DEMTRABIO,1,2030,1.5877
RE1,WN,DEMTRABIO,1,2030,1.5877
RE1,SD,DEMTRABIO,1,2031,1.6351
RE1,SN,DEMTRABIO,1,2031,1.6351
RE1,WD,DEMTRABIO,1,2031,1.6351
RE1,WN,DEMTRABIO,1,2031,1.6351
RE1,SD,DEMTRABIO,1,2032,1.6825
RE1,SN,DEMTRABIO,1,2032,1.6825
RE1,WD,DEMTRABIO,1,2032,1.6825
RE1,WN,DEMTRABIO,1,2032,1.6825
RE1,SD,DEMTRABIO,1,2033,1.7299
RE1,SN,DEMTRABIO,1,2033,1.7299
RE1,WD,DEMTRABIO,1,2033,1.7299
RE1,WN,DEMTRABIO,1,2033,1.7299
RE1,SD,DEMTRABIO,1,2034,1.7773
RE1,SN,DEMTRABIO,1,2034,1.7773
RE1,WD,DEMTRABIO,1,2034,1.7773
RE1,WN,DEMTRABIO,1,2034,1.7773
RE1,SD,DEMTRABIO,1,2035,1.8246
RE1,SN,DEMTRABIO,1,2035,1.8246
RE1,WD,DEMTRABIO,1,2035,1.8246
RE1,WN,DEMTRABIO,1,2035,1.8246
RE1,SD,STGIN,1,2020,0.0
RE1,SN,STGIN,1,2020,0.0
RE1,WD,STGIN,1,2020,0.0
RE1,WN,STGIN,1,2020,0.0
RE1,SD,STGIN,1,2021,0.0
RE1,SN,STGIN,1,2021,0.0
RE1,WD,STGIN,1,2021,0.0
RE1,WN,STGIN,1,2021,0.0
RE1,SD,STGIN,1,2022,0.0
RE1,SN,STGIN,1,2022,0.0
RE1,WD,STGIN,1,2022,0.0
RE1,WN,STGIN,1,2022,0.0
RE1,SD,STGIN,1,2023,0.0
RE1,SN,STGIN,1,2023,0.0
RE1,WD,STGIN,1,2023,0.0
RE1,WN,STGIN,1,2023,0.0
RE1,SD,STGIN,1,2024,0.0
RE1,SN,STGIN,1,2024,0.0
RE1,WD,STGIN,1,2024,0.0
RE1,WN,STGIN,1,2024,0.0
RE1,SD,STGIN,1,2025,0.0
RE1,SN,STGIN,1,2025,0.0
RE1,WD,STGIN,1,2025,0.0
RE1,WN,STGIN,1,2025,0.0
RE1,SD,STGIN,1,2026,0.0
RE1,SN,STGIN,1,2026,0.0
RE1,WD,STGIN,1,2026,0.0
RE1,WN,STGIN,1,2026,0.0
RE1,SD,STGIN,1,2027,2.101
RE1,SN,STGIN,1,2027,2.101
RE1,WD,STGIN,1,2027,0.0
RE1,WN,STGIN,1,2027,0.0
RE1,SD,STGIN,1,2028,6.5554
RE1,SN,STGIN,1,2028,6.5554
RE1,WD,STGIN,1,2028,0.0
RE1,WN,STGIN,1,2028,0.0
RE1,SD,STGIN,1,2029,18.079
RE1,SN,STGIN,1,2029,0.0
RE1,WD,STGIN,1,2029,0.0
RE1,WN,STGIN,1,2029,0.0
RE1,SD,STGIN,1,2030,26.4318
RE1,SN,STGIN,1,2030,1.4377
RE1,WD,STGIN,1,2030,0.0
RE1,WN,STGIN,1,2030,0.0
RE1,SD,STGIN,1,2031,33.3876
RE1,SN,STGIN,1,2031,7.2717
RE1,WD,STGIN,1,2031,0.0
RE1,WN,STGIN,1,2031,0.0
RE1,SD,STGIN,1,2032,43.2174
RE1,SN,STGIN,1,2032,10.5809
RE1,WD,STGIN,1,2032,0.0
RE1,WN,STGIN,1,2032,0.0
RE1,SD,STGIN,1,2033,59.7582
RE1,SN,STGIN,1,2033,2.0776
RE1,WD,STGIN,1,2033,0.0
RE1,WN,STGIN,1,2033,0.0
RE1,SD,STGIN,1,2034,78.6872
RE1,SN,STGIN,1,2034,0.0
RE1,WD,STGIN,1,2034,0.0
RE1,WN,STGIN,1,2034,0.0
RE1,SD,STGIN,1,2035,98.7936
RE1,SN,STGIN,1,2035,0.0
RE1,WD,STGIN,1,2035,0.0
RE1,WN,STGIN,1,2035,0.0
RE1,SD,STGOUT,1,2020,0.0
RE1,SN,STGOUT,1,2020,0.0
RE1,WD,STGOUT,1,2020,0.0
RE1,WN,STGOUT,1,2020,0.0
RE1,SD,STGOUT,1,2021,0.0
RE1,SN,STGOUT,1,2021,0.0
RE1,WD,STGOUT,1,2021,0.0
RE1,WN,STGOUT,1,2021,0.0
RE1,SD,STGOUT,1,2022,0.0
RE1,SN,STGOUT,1,2022,0.0
RE1,WD,STGOUT,1,2022,0.0
RE1,WN,STGOUT,1,2022,0.0
RE1,SD,STGOUT,1,2023,0.0
RE1,SN,STGOUT,1,2023,0.0
RE1,WD,STGOUT,1,2023,0.0
RE1,WN,STGOUT,1,2023,0.0
RE1,SD,STGOUT,1,2024,0.0
RE1,SN,STGOUT,1,2024,0.0
RE1,WD,STGOUT,1,2024,0.0
RE1,WN,STGOUT,1,2024,0.0
RE1,SD,STGOUT,1,2025,0.0
RE1,SN,STGOUT,1,2025,0.0
RE1,WD,STGOUT,1,2025,0.0
RE1,WN,STGOUT,1,2025,0.0
RE1,SD,STGOUT,1,2026,0.0
RE1,SN,STGOUT,1,2026,0.0
RE1,WD,STGOUT,1,2026,0.0
RE1,WN,STGOUT,1,2026,0.0
RE1,SD,STGOUT,1,2027,0.0
RE1,SN,STGOUT,1,2027,0.0
RE1,WD,STGOUT,1,2027,1.0589
RE1,WN,STGOUT,1,2027,3.6371
RE1,SD,STGOUT,1,2028,0.0
RE1,SN,STGOUT,1,2028,0.0
RE1,WD,STGOUT,1,2028,3.3039
RE1,WN,STGOUT,1,2028,11.3483
RE1,SD,STGOUT,1,2029,0.0
RE1,SN,STGOUT,1,2029,0.0
RE1,WD,STGOUT,1,2029,6.0746
RE1,WN,STGOUT,1,2029,20.8648
RE1,SD,STGOUT,1,2030,0.0
RE1,SN,STGOUT,1,2030,0.0
RE1,WD,STGOUT,1,2030,9.1226
RE1,WN,STGOUT,1,2030,31.3342
RE1,SD,STGOUT,1,2031,0.0
RE1,SN,STGOUT,1,2031,0.0
RE1,WD,STGOUT,1,2031,12.4399
RE1,WN,STGOUT,1,2031,42.7283
RE1,SD,STGOUT,1,2032,0.0
RE1,SN,STGOUT,1,2032,0.0
RE1,WD,STGOUT,1,2032,16.2986
RE1,WN,STGOUT,1,2032,55.9823
RE1,SD,STGOUT,1,2033,0.0
RE1,SN,STGOUT,1,2033,0.0
RE1,WD,STGOUT,1,2033,20.4278
RE1,WN,STGOUT,1,2033,70.165
RE1,SD,STGOUT,1,2034,0.0
RE1,SN,STGOUT,1,2034,7.9892
RE1,WD,STGOUT,1,2034,25.0967
RE1,WN,STGOUT,1,2034,86.2017
RE1,SD,STGOUT,1,2035,0.0
RE1,SN,STGOUT,1,2035,18.7901
RE1,WD,STGOUT,1,2035,30.0379
RE1,WN,STGOUT,1,2035,103.1737
