r,t,y,SalvageValue
RE1,LNDMAIRNF,2020,0.0
RE1,LNDMAIRNF,2021,0.0
RE1,LNDRICRNF,2020,0.0
RE1,LNDRICRNF,2021,0.0
RE1,LNDMAIIRR,2020,0.0
RE1,LNDMAIIRR,2021,0.0
RE1,LNDRICIRR,2020,0.0
RE1,LNDRICIRR,2021,0.0
RE1,IMPDSL,2020,0.0
RE1,IMPDSL,2021,0.0
RE1,IMPDSL,2022,0.0
RE1,IMPDSL,2023,0.0
RE1,IMPDSL,2024,0.0
RE1,IMPDSL,2025,0.0
RE1,IMPDSL,2026,0.0
RE1,IMPDSL,2027,0.0
RE1,IMPDSL,2028,0.0
RE1,IMPDSL,2029,0.0
RE1,IMPDSL,2030,0.0
RE1,IMPDSL,2031,0.0
RE1,IMPDSL,2032,0.0
RE1,IMPDSL,2033,0.0
RE1,IMPDSL,2034,0.0
RE1,IMPDSL,2035,0.0
RE1,DEMTRABIO,2020,0.0
RE1,DEMTRABIO,2021,0.0
RE1,DEMTRABIO,2022,0.0
RE1,DEMTRABIO,2023,0.0
RE1,DEMTRABIO,2024,0.0
RE1,DEMTRABIO,2025,0.0
RE1,DEMTRABIO,2026,0.0
RE1,DEMTRABIO,2027,0.0
RE1,DEMTRABIO,2028,0.0
RE1,DEMTRABIO,2029,0.0
RE1,DEMTRABIO,2030,0.0
RE1,DEMTRABIO,2031,0.0
RE1,DEMTRABIO,2032,0.0
RE1,DEMTRABIO,2033,0.0
RE1,DEMTRABIO,2034,0.0
RE1,DEMTRABIO,2035,0.0
RE1,STGIN,2020,0.0
RE1,STGIN,2021,0.0
RE1,STGIN,2022,0.0
RE1,STGIN,2023,0.0
RE1,STGIN,2024,0.0
RE1,STGIN,2025,0.0
RE1,STGIN,2026,0.0
RE1,STGIN,2027,0.0
RE1,STGIN,2028,0.0
RE1,STGIN,2029,0.0
RE1,STGIN,2030,0.0
RE1,STGIN,2031,0.0
RE1,STGIN,2032,0.0
RE1,STGIN,2033,0.0
RE1,STGIN,2034,0.0
RE1,STGIN,2035,0.0
RE1,STGOUT,2020,0.0
RE1,STGOUT,2021,0.0
RE1,STGOUT,2022,0.0
RE1,STGOUT,2023,0.0
RE1,STGOUT,2024,0.0
RE1,STGOUT,2025,0.0
RE1,STGOUT,2026,0.0
RE1,STGOUT,2027,0.0
RE1,STGOUT,2028,0.0
RE1,STGOUT,2029,0.0
RE1,STGOUT,2030,0.0
RE1,STGOUT,2031,0.0
RE1,STGOUT,2032,0.0
RE1,STGOUT,2033,0.0
RE1,STGOUT,2034,0.0
RE1,STGOUT,2035,0.0
RE1,MINCOA,2020,0.0165
RE1,MINCOA,2021,0.0
RE1,MINCOA,2022,0.0
RE1,MINCOA,2023,0.0006
RE1,MINCOA,2024,0.0008
RE1,MINCOA,2025,0.001
RE1,MINCOA,2026,0.0
RE1,MINCOA,2027,0.0
RE1,MINCOA,2028,0.0
RE1,MINCOA,2029,0.0
RE1,MINCOA,2030,0.0
RE1,MINCOA,2031,0.0
RE1,MINCOA,2032,0.0
RE1,MINCOA,2033,0.0
RE1,MINCOA,2034,0.0
RE1,MINCOA,2035,0.0
RE1,MINGAS,2020,0.0
RE1,MINGAS,2021,0.0
RE1,MINGAS,2022,0.0
RE1,MINGAS,2023,0.0
RE1,MINGAS,2024,0.0
RE1,MINGAS,2025,0.0
RE1,MINGAS,2026,0.0037
RE1,MINGAS,2027,0.0005
RE1,MINGAS,2028,0.0
RE1,MINGAS,2029,0.0
RE1,MINGAS,2030,0.0
RE1,MINGAS,2031,0.0
RE1,MINGAS,2032,0.0
RE1,MINGAS,2033,0.0
RE1,MINGAS,2034,0.0
RE1,MINGAS,2035,0.0
RE1,PWRCOA,2020,0.0
RE1,PWRCOA,2021,0.0
RE1,PWRCOA,2022,0.0
RE1,PWRCOA,2023,0.0
RE1,PWRCOA,2024,0.0
RE1,PWRCOA,2025,0.0
RE1,PWRCOA,2026,0.0
RE1,PWRCOA,2027,0.0
RE1,PWRCOA,2028,0.0
RE1,PWRCOA,2029,0.0
RE1,PWRCOA,2030,0.0
RE1,PWRCOA,2031,0.0
RE1,PWRCOA,2032,0.0
RE1,PWRCOA,2033,0.0
RE1,PWRCOA,2034,0.0
RE1,PWRCOA,2035,0.0
RE1,PWRGAS,2020,0.0
RE1,PWRGAS,2021,0.0
RE1,PWRGAS,2022,0.0
RE1,PWRGAS,2023,0.0
RE1,PWRGAS,2024,0.0
RE1,PWRGAS,2025,0.0
RE1,PWRGAS,2026,0.0
RE1,PWRGAS,2027,0.0
RE1,PWRGAS,2028,0.0
RE1,PWRGAS,2029,0.0
RE1,PWRGAS,2030,0.0
RE1,PWRGAS,2031,0.0
RE1,PWRGAS,2032,0.0
RE1,PWRGAS,2033,0.0
RE1,PWRGAS,2034,0.0
RE1,PWRGAS,2035,0.0
RE1,PWRTRN,2020,0.0
RE1,PWRTRN,2021,558.0641
RE1,PWRTRN,2022,1004.9494
RE1,PWRTRN,2023,1089.9398
RE1,PWRTRN,2024,1119.7584
RE1,PWRTRN,2025,1209.5901
RE1,PWRTRN,2026,1550.6759
RE1,PWRTRN,2027,1151.4048
RE1,PWRTRN,2028,959.8383
RE1,PWRTRN,2029,982.9427
RE1,PWRTRN,2030,1005.5453
RE1,PWRTRN,2031,1028.6533
RE1,PWRTRN,2032,1051.1777
RE1,PWRTRN,2033,1074.2861
RE1,PWRTRN,2034,1097.0355
RE1,PWRTRN,2035,1119.952
RE1,RSCWND,2020,0.0011
RE1,RSCWND,2021,0.0011
RE1,RSCWND,2022,0.0011
RE1,RSCWND,2023,0.0012
RE1,RSCWND,2024,0.0012
RE1,RSCWND,2025,0.0012
RE1,RSCWND,2026,0.0012
RE1,RSCWND,2027,0.0012
RE1,RSCWND,2028,0.0012
RE1,RSCWND,2029,0.0012
RE1,RSCWND,2030,0.0012
RE1,RSCWND,2031,0.0013
RE1,RSCWND,2032,0.0013
RE1,RSCWND,2033,0.0013
RE1,RSCWND,2034,0.0013
RE1,RSCWND,2035,0.0013
RE1,RSCSOL,2020,0.006
RE1,RSCSOL,2021,0.0009
RE1,RSCSOL,2022,0.0006
RE1,RSCSOL,2023,0.0006
RE1,RSCSOL,2024,0.0006
RE1,RSCSOL,2025,0.0007
RE1,RSCSOL,2026,0.0008
RE1,RSCSOL,2027,0.0011
RE1,RSCSOL,2028,0.0014
RE1,RSCSOL,2029,0.0017
RE1,RSCSOL,2030,0.0018
RE1,RSCSOL,2031,0.0019
RE1,RSCSOL,2032,0.0022
RE1,RSCSOL,2033,0.0023
RE1,RSCSOL,2034,0.0026
RE1,RSCSOL,2035,0.0027
RE1,RSCHYD,2020,0.0092
RE1,RSCHYD,2021,0.0
RE1,RSCHYD,2022,0.0
RE1,RSCHYD,2023,0.0
RE1,RSCHYD,2024,0.0
RE1,RSCHYD,2025,0.0
RE1,RSCHYD,2026,0.0
RE1,RSCHYD,2027,0.0
RE1,RSCHYD,2028,0.0
RE1,RSCHYD,2029,0.0
RE1,RSCHYD,2030,0.0
RE1,RSCHYD,2031,0.0
RE1,RSCHYD,2032,0.0
RE1,RSCHYD,2033,0.0
RE1,RSCHYD,2034,0.0
RE1,RSCHYD,2035,0.0
RE1,PWRWND,2020,624.8672
RE1,PWRWND,2021,669.5006
RE1,PWRWND,2022,714.1339
RE1,PWRWND,2023,758.7673
RE1,PWRWND,2024,803.4006
RE1,PWRWND,2025,848.034
RE1,PWRWND,2026,892.6674
RE1,PWRWND,2027,937.3008
RE1,PWRWND,2028,981.9341
RE1,PWRWND,2029,1026.5675
RE1,PWRWND,2030,1071.2009
RE1,PWRWND,2031,1115.8342
RE1,PWRWND,2032,1160.4676
RE1,PWRWND,2033,1205.101
RE1,PWRWND,2034,1249.7344
RE1,PWRWND,2035,1294.3677
RE1,PWRSOL,2020,5903.4518
RE1,PWRSOL,2021,930.6584
RE1,PWRSOL,2022,643.2502
RE1,PWRSOL,2023,726.761
RE1,PWRSOL,2024,772.4745
RE1,PWRSOL,2025,864.6698
RE1,PWRSOL,2026,1015.4649
RE1,PWRSOL,2027,1432.2194
RE1,PWRSOL,2028,1990.3053
RE1,PWRSOL,2029,2400.9602
RE1,PWRSOL,2030,2679.1225
RE1,PWRSOL,2031,2966.0346
RE1,PWRSOL,2032,3455.5253
RE1,PWRSOL,2033,3778.8783
RE1,PWRSOL,2034,4318.0953
RE1,PWRSOL,2035,4678.434
RE1,PWRHYD,2020,0.0
RE1,PWRHYD,2021,0.0
RE1,PWRHYD,2022,0.0
RE1,PWRHYD,2023,0.0
RE1,PWRHYD,2024,0.0
RE1,PWRHYD,2025,0.0
RE1,PWRHYD,2026,0.0
RE1,PWRHYD,2027,0.0
RE1,PWRHYD,2028,0.0
RE1,PWRHYD,2029,0.0
RE1,PWRHYD,2030,0.0
RE1,PWRHYD,2031,0.0
RE1,PWRHYD,2032,0.0
RE1,PWRHYD,2033,0.0
RE1,PWRHYD,2034,0.0
RE1,PWRHYD,2035,0.0
RE1,RSCLND,2020,0.0252
RE1,RSCLND,2021,0.0
RE1,RSCLND,2022,0.0
RE1,RSCLND,2023,0.0
RE1,RSCLND,2024,0.0
RE1,RSCLND,2025,0.0
RE1,RSCLND,2026,0.0
RE1,RSCLND,2027,0.0
RE1,RSCLND,2028,0.0
RE1,RSCLND,2029,0.0
RE1,RSCLND,2030,0.0
RE1,RSCLND,2031,0.0
RE1,RSCLND,2032,0.0
RE1,RSCLND,2033,0.0
RE1,RSCLND,2034,0.0
RE1,RSCLND,2035,0.0
RE1,LNDMAIRNF,2022,1.1269
RE1,LNDMAIRNF,2023,2.1709
RE1,LNDMAIRNF,2024,3.271
RE1,LNDMAIRNF,2025,4.8378
RE1,LNDMAIRNF,2026,5.4118
RE1,LNDMAIRNF,2027,6.5202
RE1,LNDMAIRNF,2028,8.4362
RE1,LNDMAIRNF,2029,9.3687
RE1,LNDMAIRNF,2030,10.5728
RE1,LNDMAIRNF,2031,11.9888
RE1,LNDMAIRNF,2032,12.8046
RE1,LNDMAIRNF,2033,13.8996
RE1,LNDMAIRNF,2034,15.3608
RE1,LNDMAIRNF,2035,16.1635
RE1,LNDRICRNF,2022,0.3729
RE1,LNDRICRNF,2023,0.7392
RE1,LNDRICRNF,2024,1.0854
RE1,LNDRICRNF,2025,1.4196
RE1,LNDRICRNF,2026,1.7502
RE1,LNDRICRNF,2027,2.0282
RE1,LNDRICRNF,2028,2.3239
RE1,LNDRICRNF,2029,2.6025
RE1,LNDRICRNF,2030,2.8027
RE1,LNDRICRNF,2031,3.0338
RE1,LNDRICRNF,2032,3.1968
RE1,LNDRICRNF,2033,3.4211
RE1,LNDRICRNF,2034,3.4866
RE1,LNDRICRNF,2035,3.5984
RE1,LNDMAIIRR,2022,0.1354
RE1,LNDMAIIRR,2023,0.2836
RE1,LNDMAIIRR,2024,0.435
RE1,LNDMAIIRR,2025,0.5797
RE1,LNDMAIIRR,2026,0.7591
RE1,LNDMAIIRR,2027,0.9126
RE1,LNDMAIIRR,2028,1.1156
RE1,LNDMAIIRR,2029,1.2802
RE1,LNDMAIIRR,2030,1.5092
RE1,LNDMAIIRR,2031,1.7216
RE1,LNDMAIIRR,2032,1.908
RE1,LNDMAIIRR,2033,2.1814
RE1,LNDMAIIRR,2034,2.3863
RE1,LNDMAIIRR,2035,2.6936
RE1,LNDRICIRR,2022,0.3323
RE1,LNDRICIRR,2023,0.6688
RE1,LNDRICIRR,2024,1.0416
RE1,LNDRICIRR,2025,1.3999
RE1,LNDRICIRR,2026,1.7919
RE1,LNDRICIRR,2027,2.2344
RE1,LNDRICIRR,2028,2.6351
RE1,LNDRICIRR,2029,3.131
RE1,LNDRICIRR,2030,3.5673
RE1,LNDRICIRR,2031,4.0709
RE1,LNDRICIRR,2032,4.6589
RE1,LNDRICIRR,2033,5.1618
RE1,LNDRICIRR,2034,5.8208
RE1,LNDRICIRR,2035,6.378
RE1,LNDFOR,2020,0.0
RE1,LNDFOR,2021,0.0
RE1,LNDFOR,2022,0.0
RE1,LNDFOR,2023,0.0
RE1,LNDFOR,2024,0.0
RE1,LNDFOR,2025,0.0
RE1,LNDFOR,2026,0.0
RE1,LNDFOR,2027,0.0
RE1,LNDFOR,2028,0.0
RE1,LNDFOR,2029,0.0
RE1,LNDFOR,2030,0.0
RE1,LNDFOR,2031,0.0
RE1,LNDFOR,2032,0.0
RE1,LNDFOR,2033,0.0
RE1,LNDFOR,2034,0.0
RE1,LNDFOR,2035,0.0
RE1,LNDBLT,2020,0.0
RE1,LNDBLT,2021,108.8692
RE1,LNDBLT,2022,130.643
RE1,LNDBLT,2023,152.4168
RE1,LNDBLT,2024,185.8034
RE1,LNDBLT,2025,209.0288
RE1,LNDBLT,2026,217.7384
RE1,LNDBLT,2027,255.4797
RE1,LNDBLT,2028,278.7051
RE1,LNDBLT,2029,320.8012
RE1,LNDBLT,2030,325.1559
RE1,LNDBLT,2031,370.1552
RE1,LNDBLT,2032,371.6068
RE1,LNDBLT,2033,419.5092
RE1,LNDBLT,2034,444.1862
RE1,LNDBLT,2035,468.8632
RE1,LNDWAT,2020,0.0
RE1,LNDWAT,2021,0.0001
RE1,LNDWAT,2022,0.0001
RE1,LNDWAT,2023,0.0001
RE1,LNDWAT,2024,0.0001
RE1,LNDWAT,2025,0.0001
RE1,LNDWAT,2026,0.0001
RE1,LNDWAT,2027,0.0001
RE1,LNDWAT,2028,0.0001
RE1,LNDWAT,2029,0.0001
RE1,LNDWAT,2030,0.0001
RE1,LNDWAT,2031,0.0001
RE1,LNDWAT,2032,0.0001
RE1,LNDWAT,2033,0.0001
RE1,LNDWAT,2034,0.0001
RE1,LNDWAT,2035,0.0001
RE1,RSCPRC,2020,0.0303
RE1,RSCPRC,2021,0.0
RE1,RSCPRC,2022,0.0
RE1,RSCPRC,2023,0.0
RE1,RSCPRC,2024,0.0
RE1,RSCPRC,2025,0.0
RE1,RSCPRC,2026,0.0
RE1,RSCPRC,2027,0.0
RE1,RSCPRC,2028,0.0
RE1,RSCPRC,2029,0.0
RE1,RSCPRC,2030,0.0
RE1,RSCPRC,2031,0.0
RE1,RSCPRC,2032,0.0
RE1,RSCPRC,2033,0.0
RE1,RSCPRC,2034,0.0
RE1,RSCPRC,2035,0.0
RE1,UPSWTRSUR,2020,0.0
RE1,UPSWTRSUR,2021,0.0
RE1,UPSWTRSUR,2022,0.0
RE1,UPSWTRSUR,2023,0.0
RE1,UPSWTRSUR,2024,0.0
RE1,UPSWTRSUR,2025,0.0
RE1,UPSWTRSUR,2026,0.0
RE1,UPSWTRSUR,2027,0.0
RE1,UPSWTRSUR,2028,0.0
RE1,UPSWTRSUR,2029,0.0
RE1,UPSWTRSUR,2030,0.0
RE1,UPSWTRSUR,2031,0.0
RE1,UPSWTRSUR,2032,0.0
RE1,UPSWTRSUR,2033,0.0
RE1,UPSWTRSUR,2034,0.0
RE1,UPSWTRSUR,2035,0.0
RE1,DEMPUBSURWAT,2020,0.0
RE1,DEMPUBSURWAT,2021,24.4598
RE1,DEMPUBSURWAT,2022,28.4637
RE1,DEMPUBSURWAT,2023,35.0764
RE1,DEMPUBSURWAT,2024,39.3419
RE1,DEMPUBSURWAT,2025,47.2879
RE1,DEMPUBSURWAT,2026,51.6105
RE1,DEMPUBSURWAT,2027,60.0904
RE1,DEMPUBSURWAT,2028,65.2693
RE1,DEMPUBSURWAT,2029,74.6307
RE1,DEMPUBSURWAT,2030,80.0404
RE1,DEMPUBSURWAT,2031,93.7663
RE1,DEMPUBSURWAT,2032,95.9237
RE1,DEMPUBSURWAT,2033,108.2298
RE1,DEMPUBSURWAT,2034,114.1705
RE1,DEMPUBSURWAT,2035,128.2271
RE1,DEMPUBGWTWAT,2020,0.0
RE1,DEMPUBGWTWAT,2021,0.0
RE1,DEMPUBGWTWAT,2022,0.0
RE1,DEMPUBGWTWAT,2023,0.0
RE1,DEMPUBGWTWAT,2024,0.0
RE1,DEMPUBGWTWAT,2025,0.0
RE1,DEMPUBGWTWAT,2026,0.0
RE1,DEMPUBGWTWAT,2027,0.0
RE1,DEMPUBGWTWAT,2028,0.0
RE1,DEMPUBGWTWAT,2029,0.0
RE1,DEMPUBGWTWAT,2030,0.0
RE1,DEMPUBGWTWAT,2031,0.0
RE1,DEMPUBGWTWAT,2032,0.0
RE1,DEMPUBGWTWAT,2033,0.0
RE1,DEMPUBGWTWAT,2034,0.0
RE1,DEMPUBGWTWAT,2035,0.0
RE1,DEMAGRSURWAT,2020,0.0
RE1,DEMAGRSURWAT,2021,0.0
RE1,DEMAGRSURWAT,2022,0.0
RE1,DEMAGRSURWAT,2023,0.0
RE1,DEMAGRSURWAT,2024,0.0
RE1,DEMAGRSURWAT,2025,0.0
RE1,DEMAGRSURWAT,2026,0.0
RE1,DEMAGRSURWAT,2027,0.0
RE1,DEMAGRSURWAT,2028,1.5608
RE1,DEMAGRSURWAT,2029,12.1029
RE1,DEMAGRSURWAT,2030,13.2062
RE1,DEMAGRSURWAT,2031,14.3434
RE1,DEMAGRSURWAT,2032,15.5167
RE1,DEMAGRSURWAT,2033,16.7288
RE1,DEMAGRSURWAT,2034,17.9821
RE1,DEMAGRSURWAT,2035,19.2796
RE1,DEMAGRGWTWAT,2020,0.0
RE1,DEMAGRGWTWAT,2021,0.0
RE1,DEMAGRGWTWAT,2022,0.0
RE1,DEMAGRGWTWAT,2023,0.0
RE1,DEMAGRGWTWAT,2024,0.0
RE1,DEMAGRGWTWAT,2025,0.0
RE1,DEMAGRGWTWAT,2026,0.0
RE1,DEMAGRGWTWAT,2027,0.0
RE1,DEMAGRGWTWAT,2028,0.0
RE1,DEMAGRGWTWAT,2029,0.0
RE1,DEMAGRGWTWAT,2030,0.0
RE1,DEMAGRGWTWAT,2031,0.0
RE1,DEMAGRGWTWAT,2032,0.0
RE1,DEMAGRGWTWAT,2033,0.0
RE1,DEMAGRGWTWAT,2034,0.0
RE1,DEMAGRGWTWAT,2035,0.0
RE1,DEMPWRSURWAT,2020,0.0
RE1,DEMPWRSURWAT,2021,0.0
RE1,DEMPWRSURWAT,2022,0.0
RE1,DEMPWRSURWAT,2023,0.0
RE1,DEMPWRSURWAT,2024,0.0
RE1,DEMPWRSURWAT,2025,0.0
RE1,DEMPWRSURWAT,2026,0.0
RE1,DEMPWRSURWAT,2027,0.0
RE1,DEMPWRSURWAT,2028,0.0
RE1,DEMPWRSURWAT,2029,0.0
RE1,DEMPWRSURWAT,2030,0.0
RE1,DEMPWRSURWAT,2031,0.0
RE1,DEMPWRSURWAT,2032,0.0
RE1,DEMPWRSURWAT,2033,0.0
RE1,DEMPWRSURWAT,2034,0.0
RE1,DEMPWRSURWAT,2035,0.0
