r,s,ls,ld,y,StorageLevelDayTypeStart
RE1,PMPSRG,1,1,2020,0.0
RE1,PMPSRG,1,1,2021,0.0
RE1,PMPSRG,1,1,2022,0.0
RE1,PMPSRG,1,1,2023,0.0
RE1,PMPSRG,1,1,2024,0.0
RE1,PMPSRG,1,1,2025,0.0
RE1,PMPSRG,1,1,2026,0.0
RE1,PMPSRG,1,1,2027,0.0
RE1,PMPSRG,1,1,2028,0.0
RE1,PMPSRG,1,1,2029,0.0
RE1,PMPSRG,1,1,2030,0.0
RE1,PMPSRG,1,1,2031,0.0
RE1,PMPSRG,1,1,2032,0.0
RE1,PMPSRG,1,1,2033,0.0
RE1,PMPSRG,1,1,2034,0.0
RE1,PMPSRG,1,1,2035,0.0
RE1,PMPSRG,2,1,2020,0.0
RE1,PMPSRG,2,1,2021,0.0
RE1,PMPSRG,2,1,2022,0.0
RE1,PMPSRG,2,1,2023,0.0
RE1,PMPSRG,2,1,2024,0.0
RE1,PMPSRG,2,1,2025,0.0
RE1,PMPSRG,2,1,2026,0.0
RE1,PMPSRG,2,1,2027,1.0589
RE1,PMPSRG,2,1,2028,3.3039
RE1,PMPSRG,2,1,2029,6.0746
RE1,PMPSRG,2,1,2030,9.1226
RE1,PMPSRG,2,1,2031,12.4399
RE1,PMPSRG,2,1,2032,16.2986
RE1,PMPSRG,2,1,2033,20.4278
RE1,PMPSRG,2,1,2034,25.0967
RE1,PMPSRG,2,1,2035,30.0379
