r,s,ls,ld,y,StorageLevelDayTypeFinish
RE1,PMPSRG,1,1,2020,0.0
RE1,PMPSRG,1,1,2021,0.0
RE1,PMPSRG,1,1,2022,0.0
RE1,PMPSRG,1,1,2023,0.0
RE1,PMPSRG,1,1,2024,0.0
RE1,PMPSRG,1,1,2025,0.0
RE1,PMPSRG,1,1,2026,0.0
RE1,PMPSRG,1,1,2027,2.101
RE1,PMPSRG,1,1,2028,6.5554
RE1,PMPSRG,1,1,2029,0.0
RE1,PMPSRG,1,1,2030,1.4377
RE1,PMPSRG,1,1,2031,7.2717
RE1,PMPSRG,1,1,2032,55.9823
RE1,PMPSRG,1,1,2033,2.0776
RE1,PMPSRG,1,1,2034,0.0
RE1,PMPSRG,1,1,2035,84.3836
RE1,PMPSRG,2,1,2020,0.0
RE1,PMPSRG,2,1,2021,0.0
RE1,PMPSRG,2,1,2022,0.0
RE1,PMPSRG,2,1,2023,0.0
RE1,PMPSRG,2,1,2024,0.0
RE1,PMPSRG,2,1,2025,0.0
RE1,PMPSRG,2,1,2026,0.0
RE1,PMPSRG,2,1,2027,0.0
RE1,PMPSRG,2,1,2028,0.0
RE1,PMPSRG,2,1,2029,0.0
RE1,PMPSRG,2,1,2030,0.0
RE1,PMPSRG,2,1,2031,0.0
RE1,PMPSRG,2,1,2032,0.0
RE1,PMPSRG,2,1,2033,0.0
RE1,PMPSRG,2,1,2034,0.0
RE1,PMPSRG,2,1,2035,0.0
