r,t,y,TechnologyEmissionsPenalty
RE1,MINCOA,2020,617.1341
RE1,MINCOA,2021,604.1168
RE1,MINCOA,2022,633.8826
RE1,MINCOA,2023,646.8569
RE1,MINCOA,2024,684.2907
RE1,MINCOA,2025,729.5852
RE1,MINCOA,2026,683.9901
RE1,MINCOA,2027,713.3154
RE1,MINCOA,2028,746.8963
RE1,MINCOA,2029,619.4892
RE1,MINCOA,2030,650.708
RE1,MINCOA,2031,692.6085
RE1,MINCOA,2032,743.1137
RE1,MINCOA,2033,799.0187
RE1,MINCOA,2034,864.9398
RE1,MINCOA,2035,937.3886
RE1,MINGAS,2020,0.0
RE1,MINGAS,2021,0.0
RE1,MINGAS,2022,0.0
RE1,MINGAS,2023,0.0
RE1,MINGAS,2024,0.0
RE1,MINGAS,2025,0.0
RE1,MINGAS,2026,41.4035
RE1,MINGAS,2027,48.0773
RE1,MINGAS,2028,48.8291
RE1,MINGAS,2029,114.5848
RE1,MINGAS,2030,120.518
RE1,MINGAS,2031,124.0626
RE1,MINGAS,2032,127.6073
RE1,MINGAS,2033,131.1519
RE1,MINGAS,2034,134.6966
RE1,MINGAS,2035,138.2412
RE1,PWRCOA,2020,0.0
RE1,PWRCOA,2021,0.0
RE1,PWRCOA,2022,0.0
RE1,PWRCOA,2023,0.0
RE1,PWRCOA,2024,0.0
RE1,PWRCOA,2025,0.0
RE1,PWRCOA,2026,0.0
RE1,PWRCOA,2027,0.0
RE1,PWRCOA,2028,0.0
RE1,PWRCOA,2029,0.0
RE1,PWRCOA,2030,0.0
RE1,PWRCOA,2031,0.0
RE1,PWRCOA,2032,0.0
RE1,PWRCOA,2033,0.0
RE1,PWRCOA,2034,0.0
RE1,PWRCOA,2035,0.0
RE1,PWRGAS,2020,0.0
RE1,PWRGAS,2021,0.0
RE1,PWRGAS,2022,0.0
RE1,PWRGAS,2023,0.0
RE1,PWRGAS,2024,0.0
RE1,PWRGAS,2025,0.0
RE1,PWRGAS,2026,0.0
RE1,PWRGAS,2027,0.0
RE1,PWRGAS,2028,0.0
RE1,PWRGAS,2029,0.0
RE1,PWRGAS,2030,0.0
RE1,PWRGAS,2031,0.0
RE1,PWRGAS,2032,0.0
RE1,PWRGAS,2033,0.0
RE1,PWRGAS,2034,0.0
RE1,PWRGAS,2035,0.0
RE1,PWRTRN,2020,0.0
RE1,PWRTRN,2021,0.0
RE1,PWRTRN,2022,0.0
RE1,PWRTRN,2023,0.0
RE1,PWRTRN,2024,0.0
RE1,PWRTRN,2025,0.0
RE1,PWRTRN,2026,0.0
RE1,PWRTRN,2027,0.0
RE1,PWRTRN,2028,0.0
RE1,PWRTRN,2029,0.0
RE1,PWRTRN,2030,0.0
RE1,PWRTRN,2031,0.0
RE1,PWRTRN,2032,0.0
RE1,PWRTRN,2033,0.0
RE1,PWRTRN,2034,0.0
RE1,PWRTRN,2035,0.0
RE1,RSCWND,2020,0.0
RE1,RSCWND,2021,0.0
RE1,RSCWND,2022,0.0
RE1,RSCWND,2023,0.0
RE1,RSCWND,2024,0.0
RE1,RSCWND,2025,0.0
RE1,RSCWND,2026,0.0
RE1,RSCWND,2027,0.0
RE1,RSCWND,2028,0.0
RE1,RSCWND,2029,0.0
RE1,RSCWND,2030,0.0
RE1,RSCWND,2031,0.0
RE1,RSCWND,2032,0.0
RE1,RSCWND,2033,0.0
RE1,RSCWND,2034,0.0
RE1,RSCWND,2035,0.0
RE1,RSCSOL,2020,0.0
RE1,RSCSOL,2021,0.0
RE1,RSCSOL,2022,0.0
RE1,RSCSOL,2023,0.0
RE1,RSCSOL,2024,0.0
RE1,RSCSOL,2025,0.0
RE1,RSCSOL,2026,0.0
RE1,RSCSOL,2027,0.0
RE1,RSCSOL,2028,0.0
RE1,RSCSOL,2029,0.0
RE1,RSCSOL,2030,0.0
RE1,RSCSOL,2031,0.0
RE1,RSCSOL,2032,0.0
RE1,RSCSOL,2033,0.0
RE1,RSCSOL,2034,0.0
RE1,RSCSOL,2035,0.0
RE1,RSCHYD,2020,0.0
RE1,RSCHYD,2021,0.0
RE1,RSCHYD,2022,0.0
RE1,RSCHYD,2023,0.0
RE1,RSCHYD,2024,0.0
RE1,RSCHYD,2025,0.0
RE1,RSCHYD,2026,0.0
RE1,RSCHYD,2027,0.0
RE1,RSCHYD,2028,0.0
RE1,RSCHYD,2029,0.0
RE1,RSCHYD,2030,0.0
RE1,RSCHYD,2031,0.0
RE1,RSCHYD,2032,0.0
RE1,RSCHYD,2033,0.0
RE1,RSCHYD,2034,0.0
RE1,RSCHYD,2035,0.0
RE1,PWRWND,2020,0.0
RE1,PWRWND,2021,0.0
RE1,PWRWND,2022,0.0
RE1,PWRWND,2023,0.0
RE1,PWRWND,2024,0.0
RE1,PWRWND,2025,0.0
RE1,PWRWND,2026,0.0
RE1,PWRWND,2027,0.0
RE1,PWRWND,2028,0.0
RE1,PWRWND,2029,0.0
RE1,PWRWND,2030,0.0
RE1,PWRWND,2031,0.0
RE1,PWRWND,2032,0.0
RE1,PWRWND,2033,0.0
RE1,PWRWND,2034,0.0
RE1,PWRWND,2035,0.0
RE1,PWRSOL,2020,0.0
RE1,PWRSOL,2021,0.0
RE1,PWRSOL,2022,0.0
RE1,PWRSOL,2023,0.0
RE1,PWRSOL,2024,0.0
RE1,PWRSOL,2025,0.0
RE1,PWRSOL,2026,0.0
RE1,PWRSOL,2027,0.0
RE1,PWRSOL,2028,0.0
RE1,PWRSOL,2029,0.0
RE1,PWRSOL,2030,0.0
RE1,PWRSOL,2031,0.0
RE1,PWRSOL,2032,0.0
RE1,PWRSOL,2033,0.0
RE1,PWRSOL,2034,0.0
RE1,PWRSOL,2035,0.0
RE1,PWRHYD,2020,0.0
RE1,PWRHYD,2021,0.0
RE1,PWRHYD,2022,0.0
RE1,PWRHYD,2023,0.0
RE1,PWRHYD,2024,0.0
RE1,PWRHYD,2025,0.0
RE1,PWRHYD,2026,0.0
RE1,PWRHYD,2027,0.0
RE1,PWRHYD,2028,0.0
RE1,PWRHYD,2029,0.0
RE1,PWRHYD,2030,0.0
RE1,PWRHYD,2031,0.0
RE1,PWRHYD,2032,0.0
RE1,PWRHYD,2033,0.0
RE1,PWRHYD,2034,0.0
RE1,PWRHYD,2035,0.0
RE1,RSCLND,2020,0.0
RE1,RSCLND,2021,0.0
RE1,RSCLND,2022,0.0
RE1,RSCLND,2023,0.0
RE1,RSCLND,2024,0.0
RE1,RSCLND,2025,0.0
RE1,RSCLND,2026,0.0
RE1,RSCLND,2027,0.0
RE1,RSCLND,2028,0.0
RE1,RSCLND,2029,0.0
RE1,RSCLND,2030,0.0
RE1,RSCLND,2031,0.0
RE1,RSCLND,2032,0.0
RE1,RSCLND,2033,0.0
RE1,RSCLND,2034,0.0
RE1,RSCLND,2035,0.0
RE1,LNDMAIRNF,2020,10.4167
RE1,LNDMAIRNF,2021,11.1044
RE1,LNDMAIRNF,2022,11.8179
RE1,LNDMAIRNF,2023,12.0929
RE1,LNDMAIRNF,2024,12.8307
RE1,LNDMAIRNF,2025,13.6797
RE1,LNDMAIRNF,2026,14.4538
RE1,LNDMAIRNF,2027,15.2527
RE1,LNDMAIRNF,2028,16.1712
RE1,LNDMAIRNF,2029,17.1109
RE1,LNDMAIRNF,2030,18.0812
RE1,LNDMAIRNF,2031,19.0718
RE1,LNDMAIRNF,2032,20.0817
RE1,LNDMAIRNF,2033,21.1101
RE1,LNDMAIRNF,2034,22.1559
RE1,LNDMAIRNF,2035,23.2298
RE1,LNDRICRNF,2020,5.7709
RE1,LNDRICRNF,2021,6.004
RE1,LNDRICRNF,2022,6.2269
RE1,LNDRICRNF,2023,6.2153
RE1,LNDRICRNF,2024,6.4292
RE1,LNDRICRNF,2025,6.629
RE1,LNDRICRNF,2026,6.8209
RE1,LNDRICRNF,2027,6.9952
RE1,LNDRICRNF,2028,7.1582
RE1,LNDRICRNF,2029,7.3083
RE1,LNDRICRNF,2030,7.4349
RE1,LNDRICRNF,2031,7.5444
RE1,LNDRICRNF,2032,7.6348
RE1,LNDRICRNF,2033,7.7041
RE1,LNDRICRNF,2034,7.7395
RE1,LNDRICRNF,2035,7.7481
RE1,LNDMAIIRR,2020,1.178
RE1,LNDMAIIRR,2021,1.2864
RE1,LNDMAIIRR,2022,1.4027
RE1,LNDMAIIRR,2023,1.4728
RE1,LNDMAIIRR,2024,1.6037
RE1,LNDMAIIRR,2025,1.7441
RE1,LNDMAIIRR,2026,1.8944
RE1,LNDMAIIRR,2027,2.0554
RE1,LNDMAIIRR,2028,2.2278
RE1,LNDMAIIRR,2029,2.4123
RE1,LNDMAIIRR,2030,2.6097
RE1,LNDMAIIRR,2031,2.8208
RE1,LNDMAIIRR,2032,3.0464
RE1,LNDMAIIRR,2033,3.2876
RE1,LNDMAIIRR,2034,3.5453
RE1,LNDMAIIRR,2035,3.8205
RE1,LNDRICIRR,2020,2.9617
RE1,LNDRICIRR,2021,3.2341
RE1,LNDRICIRR,2022,3.5264
RE1,LNDRICIRR,2023,3.7028
RE1,LNDRICIRR,2024,4.0319
RE1,LNDRICIRR,2025,4.3847
RE1,LNDRICIRR,2026,4.7627
RE1,LNDRICIRR,2027,5.1675
RE1,LNDRICIRR,2028,5.6009
RE1,LNDRICIRR,2029,6.0647
RE1,LNDRICIRR,2030,6.5609
RE1,LNDRICIRR,2031,7.0916
RE1,LNDRICIRR,2032,7.6589
RE1,LNDRICIRR,2033,8.2653
RE1,LNDRICIRR,2034,8.9131
RE1,LNDRICIRR,2035,9.605
RE1,LNDFOR,2020,-91.296
RE1,LNDFOR,2021,316.1712
RE1,LNDFOR,2022,335.9007
RE1,LNDFOR,2023,332.0936
RE1,LNDFOR,2024,364.3598
RE1,LNDFOR,2025,425.0837
RE1,LNDFOR,2026,372.0335
RE1,LNDFOR,2027,403.4114
RE1,LNDFOR,2028,471.4879
RE1,LNDFOR,2029,503.8146
RE1,LNDFOR,2030,502.7025
RE1,LNDFOR,2031,535.7868
RE1,LNDFOR,2032,530.8319
RE1,LNDFOR,2033,564.5012
RE1,LNDFOR,2034,575.0762
RE1,LNDFOR,2035,594.8025
RE1,LNDBLT,2020,0.0
RE1,LNDBLT,2021,0.0
RE1,LNDBLT,2022,0.0
RE1,LNDBLT,2023,0.0
RE1,LNDBLT,2024,0.0
RE1,LNDBLT,2025,0.0
RE1,LNDBLT,2026,0.0
RE1,LNDBLT,2027,0.0
RE1,LNDBLT,2028,0.0
RE1,LNDBLT,2029,0.0
RE1,LNDBLT,2030,0.0
RE1,LNDBLT,2031,0.0
RE1,LNDBLT,2032,0.0
RE1,LNDBLT,2033,0.0
RE1,LNDBLT,2034,0.0
RE1,LNDBLT,2035,0.0
RE1,LNDWAT,2020,0.0
RE1,LNDWAT,2021,0.0
RE1,LNDWAT,2022,0.0
RE1,LNDWAT,2023,0.0
RE1,LNDWAT,2024,0.0
RE1,LNDWAT,2025,0.0
RE1,LNDWAT,2026,0.0
RE1,LNDWAT,2027,0.0
RE1,LNDWAT,2028,0.0
RE1,LNDWAT,2029,0.0
RE1,LNDWAT,2030,0.0
RE1,LNDWAT,2031,0.0
RE1,LNDWAT,2032,0.0
RE1,LNDWAT,2033,0.0
RE1,LNDWAT,2034,0.0
RE1,LNDWAT,2035,0.0
RE1,RSCPRC,2020,0.0
RE1,RSCPRC,2021,0.0
RE1,RSCPRC,2022,0.0
RE1,RSCPRC,2023,0.0
RE1,RSCPRC,2024,0.0
RE1,RSCPRC,2025,0.0
RE1,RSCPRC,2026,0.0
RE1,RSCPRC,2027,0.0
RE1,RSCPRC,2028,0.0
RE1,RSCPRC,2029,0.0
RE1,RSCPRC,2030,0.0
RE1,RSCPRC,2031,0.0
RE1,RSCPRC,2032,0.0
RE1,RSCPRC,2033,0.0
RE1,RSCPRC,2034,0.0
RE1,RSCPRC,2035,0.0
RE1,UPSWTRSUR,2020,0.0
RE1,UPSWTRSUR,2021,0.0
RE1,UPSWTRSUR,2022,0.0
RE1,UPSWTRSUR,2023,0.0
RE1,UPSWTRSUR,2024,0.0
RE1,UPSWTRSUR,2025,0.0
RE1,UPSWTRSUR,2026,0.0
RE1,UPSWTRSUR,2027,0.0
RE1,UPSWTRSUR,2028,0.0
RE1,UPSWTRSUR,2029,0.0
RE1,UPSWTRSUR,2030,0.0
RE1,UPSWTRSUR,2031,0.0
RE1,UPSWTRSUR,2032,0.0
RE1,UPSWTRSUR,2033,0.0
RE1,UPSWTRSUR,2034,0.0
RE1,UPSWTRSUR,2035,0.0
RE1,DEMPUBSURWAT,2020,0.0
RE1,DEMPUBSURWAT,2021,0.0
RE1,DEMPUBSURWAT,2022,0.0
RE1,DEMPUBSURWAT,2023,0.0
RE1,DEMPUBSURWAT,2024,0.0
RE1,DEMPUBSURWAT,2025,0.0
RE1,DEMPUBSURWAT,2026,0.0
RE1,DEMPUBSURWAT,2027,0.0
RE1,DEMPUBSURWAT,2028,0.0
RE1,DEMPUBSURWAT,2029,0.0
RE1,DEMPUBSURWAT,2030,0.0
RE1,DEMPUBSURWAT,2031,0.0
RE1,DEMPUBSURWAT,2032,0.0
RE1,DEMPUBSURWAT,2033,0.0
RE1,DEMPUBSURWAT,2034,0.0
RE1,DEMPUBSURWAT,2035,0.0
RE1,DEMPUBGWTWAT,2020,0.0
RE1,DEMPUBGWTWAT,2021,0.0
RE1,DEMPUBGWTWAT,2022,0.0
RE1,DEMPUBGWTWAT,2023,0.0
RE1,DEMPUBGWTWAT,2024,0.0
RE1,DEMPUBGWTWAT,2025,0.0
RE1,DEMPUBGWTWAT,2026,0.0
RE1,DEMPUBGWTWAT,2027,0.0
RE1,DEMPUBGWTWAT,2028,0.0
RE1,DEMPUBGWTWAT,2029,0.0
RE1,DEMPUBGWTWAT,2030,0.0
RE1,DEMPUBGWTWAT,2031,0.0
RE1,DEMPUBGWTWAT,2032,0.0
RE1,DEMPUBGWTWAT,2033,0.0
RE1,DEMPUBGWTWAT,2034,0.0
RE1,DEMPUBGWTWAT,2035,0.0
RE1,DEMAGRSURWAT,2020,0.0
RE1,DEMAGRSURWAT,2021,0.0
RE1,DEMAGRSURWAT,2022,0.0
RE1,DEMAGRSURWAT,2023,0.0
RE1,DEMAGRSURWAT,2024,0.0
RE1,DEMAGRSURWAT,2025,0.0
RE1,DEMAGRSURWAT,2026,0.0
RE1,DEMAGRSURWAT,2027,0.0
RE1,DEMAGRSURWAT,2028,0.0
RE1,DEMAGRSURWAT,2029,0.0
RE1,DEMAGRSURWAT,2030,0.0
RE1,DEMAGRSURWAT,2031,0.0
RE1,DEMAGRSURWAT,2032,0.0
RE1,DEMAGRSURWAT,2033,0.0
RE1,DEMAGRSURWAT,2034,0.0
RE1,DEMAGRSURWAT,2035,0.0
RE1,DEMAGRGWTWAT,2020,0.0
RE1,DEMAGRGWTWAT,2021,0.0
RE1,DEMAGRGWTWAT,2022,0.0
RE1,DEMAGRGWTWAT,2023,0.0
RE1,DEMAGRGWTWAT,2024,0.0
RE1,DEMAGRGWTWAT,2025,0.0
RE1,DEMAGRGWTWAT,2026,0.0
RE1,DEMAGRGWTWAT,2027,0.0
RE1,DEMAGRGWTWAT,2028,0.0
RE1,DEMAGRGWTWAT,2029,0.0
RE1,DEMAGRGWTWAT,2030,0.0
RE1,DEMAGRGWTWAT,2031,0.0
RE1,DEMAGRGWTWAT,2032,0.0
RE1,DEMAGRGWTWAT,2033,0.0
RE1,DEMAGRGWTWAT,2034,0.0
RE1,DEMAGRGWTWAT,2035,0.0
RE1,DEMPWRSURWAT,2020,0.0
RE1,DEMPWRSURWAT,2021,0.0
RE1,DEMPWRSURWAT,2022,0.0
RE1,DEMPWRSURWAT,2023,0.0
RE1,DEMPWRSURWAT,2024,0.0
RE1,DEMPWRSURWAT,2025,0.0
RE1,DEMPWRSURWAT,2026,0.0
RE1,DEMPWRSURWAT,2027,0.0
RE1,DEMPWRSURWAT,2028,0.0
RE1,DEMPWRSURWAT,2029,0.0
RE1,DEMPWRSURWAT,2030,0.0
RE1,DEMPWRSURWAT,2031,0.0
RE1,DEMPWRSURWAT,2032,0.0
RE1,DEMPWRSURWAT,2033,0.0
RE1,DEMPWRSURWAT,2034,0.0
RE1,DEMPWRSURWAT,2035,0.0
RE1,IMPDSL,2020,5.8509
RE1,IMPDSL,2021,4.9841
RE1,IMPDSL,2022,5.2043
RE1,IMPDSL,2023,5.3166
RE1,IMPDSL,2024,5.6243
RE1,IMPDSL,2025,5.9691
RE1,IMPDSL,2026,6.3145
RE1,IMPDSL,2027,6.7197
RE1,IMPDSL,2028,7.1806
RE1,IMPDSL,2029,7.6227
RE1,IMPDSL,2030,8.0513
RE1,IMPDSL,2031,8.4918
RE1,IMPDSL,2032,8.9789
RE1,IMPDSL,2033,9.4468
RE1,IMPDSL,2034,9.9618
RE1,IMPDSL,2035,10.4589
RE1,DEMTRABIO,2020,2.1564
RE1,DEMTRABIO,2021,2.3099
RE1,DEMTRABIO,2022,2.4686
RE1,DEMTRABIO,2023,2.5385
RE1,DEMTRABIO,2024,2.705
RE1,DEMTRABIO,2025,2.9016
RE1,DEMTRABIO,2026,3.0793
RE1,DEMTRABIO,2027,3.2622
RE1,DEMTRABIO,2028,3.4778
RE1,DEMTRABIO,2029,3.7004
RE1,DEMTRABIO,2030,3.9298
RE1,DEMTRABIO,2031,4.1662
RE1,DEMTRABIO,2032,4.4094
RE1,DEMTRABIO,2033,4.6595
RE1,DEMTRABIO,2034,4.9166
RE1,DEMTRABIO,2035,5.1805
RE1,STGIN,2020,0.0
RE1,STGIN,2021,0.0
RE1,STGIN,2022,0.0
RE1,STGIN,2023,0.0
RE1,STGIN,2024,0.0
RE1,STGIN,2025,0.0
RE1,STGIN,2026,0.0
RE1,STGIN,2027,0.0
RE1,STGIN,2028,0.0
RE1,STGIN,2029,0.0
RE1,STGIN,2030,0.0
RE1,STGIN,2031,0.0
RE1,STGIN,2032,0.0
RE1,STGIN,2033,0.0
RE1,STGIN,2034,0.0
RE1,STGIN,2035,0.0
RE1,STGOUT,2020,0.0
RE1,STGOUT,2021,0.0
RE1,STGOUT,2022,0.0
RE1,STGOUT,2023,0.0
RE1,STGOUT,2024,0.0
RE1,STGOUT,2025,0.0
RE1,STGOUT,2026,0.0
RE1,STGOUT,2027,0.0
RE1,STGOUT,2028,0.0
RE1,STGOUT,2029,0.0
RE1,STGOUT,2030,0.0
RE1,STGOUT,2031,0.0
RE1,STGOUT,2032,0.0
RE1,STGOUT,2033,0.0
RE1,STGOUT,2034,0.0
RE1,STGOUT,2035,0.0
