r,t,y,TotalTechnologyAnnualActivity
RE1,MINCOA,2020,255.8069
RE1,MINCOA,2021,240.7799
RE1,MINCOA,2022,243.2864
RE1,MINCOA,2023,248.2659
RE1,MINCOA,2024,253.2534
RE1,MINCOA,2025,260.7058
RE1,MINCOA,2026,236.266
RE1,MINCOA,2027,238.4474
RE1,MINCOA,2028,241.8706
RE1,MINCOA,2029,194.5326
RE1,MINCOA,2030,198.3261
RE1,MINCOA,2031,205.0654
RE1,MINCOA,2032,213.9072
RE1,MINCOA,2033,223.7834
RE1,MINCOA,2034,235.8712
RE1,MINCOA,2035,249.0736
RE1,MINGAS,2020,0.0
RE1,MINGAS,2021,0.0
RE1,MINGAS,2022,0.0
RE1,MINGAS,2023,0.0
RE1,MINGAS,2024,0.0
RE1,MINGAS,2025,0.0
RE1,MINGAS,2026,24.5572
RE1,MINGAS,2027,27.5958
RE1,MINGAS,2028,27.1514
RE1,MINGAS,2029,61.7841
RE1,MINGAS,2030,63.072
RE1,MINGAS,2031,63.072
RE1,MINGAS,2032,63.072
RE1,MINGAS,2033,63.072
RE1,MINGAS,2034,63.072
RE1,MINGAS,2035,63.072
RE1,PWRCOA,2020,85.269
RE1,PWRCOA,2021,80.26
RE1,PWRCOA,2022,81.0955
RE1,PWRCOA,2023,82.7553
RE1,PWRCOA,2024,84.4178
RE1,PWRCOA,2025,86.9019
RE1,PWRCOA,2026,78.7553
RE1,PWRCOA,2027,79.4825
RE1,PWRCOA,2028,80.6235
RE1,PWRCOA,2029,64.8442
RE1,PWRCOA,2030,66.1087
RE1,PWRCOA,2031,68.3551
RE1,PWRCOA,2032,71.3024
RE1,PWRCOA,2033,74.5945
RE1,PWRCOA,2034,78.6237
RE1,PWRCOA,2035,83.0245
RE1,PWRGAS,2020,0.0
RE1,PWRGAS,2021,0.0
RE1,PWRGAS,2022,0.0
RE1,PWRGAS,2023,0.0
RE1,PWRGAS,2024,0.0
RE1,PWRGAS,2025,0.0
RE1,PWRGAS,2026,12.2786
RE1,PWRGAS,2027,13.7979
RE1,PWRGAS,2028,13.5757
RE1,PWRGAS,2029,30.892
RE1,PWRGAS,2030,31.536
RE1,PWRGAS,2031,31.536
RE1,PWRGAS,2032,31.536
RE1,PWRGAS,2033,31.536
RE1,PWRGAS,2034,31.536
RE1,PWRGAS,2035,31.536
RE1,PWRTRN,2020,137.5462
RE1,PWRTRN,2021,144.0751
RE1,PWRTRN,2022,156.4493
RE1,PWRTRN,2023,169.6474
RE1,PWRTRN,2024,182.8494
RE1,PWRTRN,2025,196.8779
RE1,PWRTRN,2026,212.548
RE1,PWRTRN,2027,226.3337
RE1,PWRTRN,2028,238.7968
RE1,PWRTRN,2029,251.8788
RE1,PWRTRN,2030,265.3314
RE1,PWRTRN,2031,279.1228
RE1,PWRTRN,2032,293.6137
RE1,PWRTRN,2033,308.4502
RE1,PWRTRN,2034,324.0235
RE1,PWRTRN,2035,339.9684
RE1,RSCWND,2020,11.5031
RE1,RSCWND,2021,23.0061
RE1,RSCWND,2022,34.5092
RE1,RSCWND,2023,46.0123
RE1,RSCWND,2024,57.5154
RE1,RSCWND,2025,69.0184
RE1,RSCWND,2026,80.5215
RE1,RSCWND,2027,92.0246
RE1,RSCWND,2028,103.5276
RE1,RSCWND,2029,115.0307
RE1,RSCWND,2030,126.5338
RE1,RSCWND,2031,138.0369
RE1,RSCWND,2032,149.5399
RE1,RSCWND,2033,161.043
RE1,RSCWND,2034,172.5461
RE1,RSCWND,2035,184.0491
RE1,RSCSOL,2020,43.0045
RE1,RSCSOL,2021,49.332
RE1,RSCSOL,2022,53.4321
RE1,RSCSOL,2023,57.792
RE1,RSCSOL,2024,62.1687
RE1,RSCSOL,2025,66.81
RE1,RSCSOL,2026,71.9881
RE1,RSCSOL,2027,78.9435
RE1,RSCSOL,2028,88.1699
RE1,RSCSOL,2029,98.8161
RE1,RSCSOL,2030,110.2006
RE1,RSCSOL,2031,122.3003
RE1,RSCSOL,2032,135.8545
RE1,RSCSOL,2033,150.1282
RE1,RSCSOL,2034,165.856
RE1,RSCSOL,2035,182.3088
RE1,RSCHYD,2020,101.9355
RE1,RSCHYD,2021,102.0225
RE1,RSCHYD,2022,102.1116
RE1,RSCHYD,2023,102.1994
RE1,RSCHYD,2024,102.2906
RE1,RSCHYD,2025,102.3938
RE1,RSCHYD,2026,102.4814
RE1,RSCHYD,2027,102.5719
RE1,RSCHYD,2028,102.6747
RE1,RSCHYD,2029,102.7796
RE1,RSCHYD,2030,102.8823
RE1,RSCHYD,2031,102.9869
RE1,RSCHYD,2032,103.0884
RE1,RSCHYD,2033,103.1919
RE1,RSCHYD,2034,103.2941
RE1,RSCHYD,2035,103.3968
RE1,PWRWND,2020,11.5031
RE1,PWRWND,2021,23.0061
RE1,PWRWND,2022,34.5092
RE1,PWRWND,2023,46.0123
RE1,PWRWND,2024,57.5154
RE1,PWRWND,2025,69.0184
RE1,PWRWND,2026,80.5215
RE1,PWRWND,2027,92.0246
RE1,PWRWND,2028,103.5276
RE1,PWRWND,2029,115.0307
RE1,PWRWND,2030,126.5338
RE1,PWRWND,2031,138.0369
RE1,PWRWND,2032,149.5399
RE1,PWRWND,2033,161.043
RE1,PWRWND,2034,172.5461
RE1,PWRWND,2035,184.0491
RE1,PWRSOL,2020,43.0045
RE1,PWRSOL,2021,49.332
RE1,PWRSOL,2022,53.4321
RE1,PWRSOL,2023,57.792
RE1,PWRSOL,2024,62.1687
RE1,PWRSOL,2025,66.81
RE1,PWRSOL,2026,71.9881
RE1,PWRSOL,2027,78.9435
RE1,PWRSOL,2028,88.1699
RE1,PWRSOL,2029,98.8161
RE1,PWRSOL,2030,110.2006
RE1,PWRSOL,2031,122.3003
RE1,PWRSOL,2032,135.8545
RE1,PWRSOL,2033,150.1282
RE1,PWRSOL,2034,165.856
RE1,PWRSOL,2035,182.3088
RE1,PWRHYD,2020,40.7742
RE1,PWRHYD,2021,40.809
RE1,PWRHYD,2022,40.8446
RE1,PWRHYD,2023,40.8798
RE1,PWRHYD,2024,40.9162
RE1,PWRHYD,2025,40.9575
RE1,PWRHYD,2026,40.9926
RE1,PWRHYD,2027,41.0288
RE1,PWRHYD,2028,41.0699
RE1,PWRHYD,2029,41.1119
RE1,PWRHYD,2030,41.1529
RE1,PWRHYD,2031,41.1948
RE1,PWRHYD,2032,41.2354
RE1,PWRHYD,2033,41.2767
RE1,PWRHYD,2034,41.3176
RE1,PWRHYD,2035,41.3587
RE1,RSCLND,2020,299.9965
RE1,RSCLND,2021,300.0
RE1,RSCLND,2022,300.0
RE1,RSCLND,2023,300.0
RE1,RSCLND,2024,300.0
RE1,RSCLND,2025,300.0
RE1,RSCLND,2026,300.0
RE1,RSCLND,2027,300.0
RE1,RSCLND,2028,300.0
RE1,RSCLND,2029,300.0
RE1,RSCLND,2030,300.0
RE1,RSCLND,2031,300.0
RE1,RSCLND,2032,300.0
RE1,RSCLND,2033,300.0
RE1,RSCLND,2034,300.0
RE1,RSCLND,2035,300.0
RE1,LNDMAIRNF,2020,4.085
RE1,LNDMAIRNF,2021,4.1872
RE1,LNDMAIRNF,2022,4.2912
RE1,LNDMAIRNF,2023,4.391
RE1,LNDMAIRNF,2024,4.4926
RE1,LNDMAIRNF,2025,4.6247
RE1,LNDMAIRNF,2026,4.7235
RE1,LNDMAIRNF,2027,4.8237
RE1,LNDMAIRNF,2028,4.9544
RE1,LNDMAIRNF,2029,5.0834
RE1,LNDMAIRNF,2030,5.2137
RE1,LNDMAIRNF,2031,5.3422
RE1,LNDMAIRNF,2032,5.4689
RE1,LNDMAIRNF,2033,5.5936
RE1,LNDMAIRNF,2034,5.7162
RE1,LNDMAIRNF,2035,5.8396
RE1,LNDRICRNF,2020,1.4205
RE1,LNDRICRNF,2021,1.4211
RE1,LNDRICRNF,2022,1.4192
RE1,LNDRICRNF,2023,1.4166
RE1,LNDRICRNF,2024,1.413
RE1,LNDRICRNF,2025,1.4067
RE1,LNDRICRNF,2026,1.3992
RE1,LNDRICRNF,2027,1.3886
RE1,LNDRICRNF,2028,1.3766
RE1,LNDRICRNF,2029,1.3629
RE1,LNDRICRNF,2030,1.3457
RE1,LNDRICRNF,2031,1.3265
RE1,LNDRICRNF,2032,1.3051
RE1,LNDRICRNF,2033,1.2813
RE1,LNDRICRNF,2034,1.2534
RE1,LNDRICRNF,2035,1.2226
RE1,LNDMAIIRR,2020,0.339
RE1,LNDMAIIRR,2021,0.356
RE1,LNDMAIIRR,2022,0.3737
RE1,LNDMAIIRR,2023,0.3924
RE1,LNDMAIIRR,2024,0.4121
RE1,LNDMAIIRR,2025,0.4327
RE1,LNDMAIIRR,2026,0.4543
RE1,LNDMAIIRR,2027,0.477
RE1,LNDMAIIRR,2028,0.5009
RE1,LNDMAIIRR,2029,0.5259
RE1,LNDMAIIRR,2030,0.5522
RE1,LNDMAIIRR,2031,0.5798
RE1,LNDMAIIRR,2032,0.6088
RE1,LNDMAIIRR,2033,0.6392
RE1,LNDMAIIRR,2034,0.6712
RE1,LNDMAIIRR,2035,0.7048
RE1,LNDRICIRR,2020,0.531
RE1,LNDRICIRR,2021,0.5576
RE1,LNDRICIRR,2022,0.5854
RE1,LNDRICIRR,2023,0.6147
RE1,LNDRICIRR,2024,0.6454
RE1,LNDRICIRR,2025,0.6777
RE1,LNDRICIRR,2026,0.7116
RE1,LNDRICIRR,2027,0.7472
RE1,LNDRICIRR,2028,0.7845
RE1,LNDRICIRR,2029,0.8238
RE1,LNDRICIRR,2030,0.8649
RE1,LNDRICIRR,2031,0.9082
RE1,LNDRICIRR,2032,0.9536
RE1,LNDRICIRR,2033,1.0013
RE1,LNDRICIRR,2034,1.0513
RE1,LNDRICIRR,2035,1.1039
RE1,LNDFOR,2020,253.6
RE1,LNDFOR,2021,253.3073
RE1,LNDFOR,2022,253.0094
RE1,LNDFOR,2023,252.7142
RE1,LNDFOR,2024,252.406
RE1,LNDFOR,2025,252.0673
RE1,LNDFOR,2026,251.7705
RE1,LNDFOR,2027,251.4625
RE1,LNDFOR,2028,251.1226
RE1,LNDFOR,2029,250.773
RE1,LNDFOR,2030,250.4325
RE1,LNDFOR,2031,250.0823
RE1,LNDFOR,2032,249.7426
RE1,LNDFOR,2033,249.3936
RE1,LNDFOR,2034,249.0469
RE1,LNDFOR,2035,248.6982
RE1,LNDBLT,2020,15.0
RE1,LNDBLT,2021,15.15
RE1,LNDBLT,2022,15.3
RE1,LNDBLT,2023,15.45
RE1,LNDBLT,2024,15.61
RE1,LNDBLT,2025,15.77
RE1,LNDBLT,2026,15.92
RE1,LNDBLT,2027,16.08
RE1,LNDBLT,2028,16.24
RE1,LNDBLT,2029,16.41
RE1,LNDBLT,2030,16.57
RE1,LNDBLT,2031,16.74
RE1,LNDBLT,2032,16.9
RE1,LNDBLT,2033,17.07
RE1,LNDBLT,2034,17.24
RE1,LNDBLT,2035,17.41
RE1,LNDWAT,2020,25.021
RE1,LNDWAT,2021,25.021
RE1,LNDWAT,2022,25.021
RE1,LNDWAT,2023,25.021
RE1,LNDWAT,2024,25.021
RE1,LNDWAT,2025,25.021
RE1,LNDWAT,2026,25.021
RE1,LNDWAT,2027,25.021
RE1,LNDWAT,2028,25.021
RE1,LNDWAT,2029,25.021
RE1,LNDWAT,2030,25.021
RE1,LNDWAT,2031,25.021
RE1,LNDWAT,2032,25.021
RE1,LNDWAT,2033,25.021
RE1,LNDWAT,2034,25.021
RE1,LNDWAT,2035,25.021
RE1,RSCPRC,2020,359.9958
RE1,RSCPRC,2021,360.0
RE1,RSCPRC,2022,360.0
RE1,RSCPRC,2023,360.0
RE1,RSCPRC,2024,360.0
RE1,RSCPRC,2025,360.0
RE1,RSCPRC,2026,360.0
RE1,RSCPRC,2027,360.0
RE1,RSCPRC,2028,360.0
RE1,RSCPRC,2029,360.0
RE1,RSCPRC,2030,360.0
RE1,RSCPRC,2031,360.0
RE1,RSCPRC,2032,360.0
RE1,RSCPRC,2033,360.0
RE1,RSCPRC,2034,360.0
RE1,RSCPRC,2035,360.0
RE1,UPSWTRSUR,2020,0.0
RE1,UPSWTRSUR,2021,0.0
RE1,UPSWTRSUR,2022,0.0
RE1,UPSWTRSUR,2023,0.0
RE1,UPSWTRSUR,2024,0.0
RE1,UPSWTRSUR,2025,0.0
RE1,UPSWTRSUR,2026,0.0
RE1,UPSWTRSUR,2027,0.0
RE1,UPSWTRSUR,2028,0.0
RE1,UPSWTRSUR,2029,0.0
RE1,UPSWTRSUR,2030,0.0
RE1,UPSWTRSUR,2031,0.0
RE1,UPSWTRSUR,2032,0.0
RE1,UPSWTRSUR,2033,0.0
RE1,UPSWTRSUR,2034,0.0
RE1,UPSWTRSUR,2035,0.0
RE1,DEMPUBSURWAT,2020,0.7608
RE1,DEMPUBSURWAT,2021,0.885
RE1,DEMPUBSURWAT,2022,1.0116
RE1,DEMPUBSURWAT,2023,1.147
RE1,DEMPUBSURWAT,2024,1.2799
RE1,DEMPUBSURWAT,2025,1.4243
RE1,DEMPUBSURWAT,2026,1.5663
RE1,DEMPUBSURWAT,2027,1.7184
RE1,DEMPUBSURWAT,2028,1.8707
RE1,DEMPUBSURWAT,2029,2.0331
RE1,DEMPUBSURWAT,2030,2.1957
RE1,DEMPUBSURWAT,2031,2.3697
RE1,DEMPUBSURWAT,2032,2.5221
RE1,DEMPUBSURWAT,2033,2.6832
RE1,DEMPUBSURWAT,2034,2.8477
RE1,DEMPUBSURWAT,2035,3.0225
RE1,DEMPUBGWTWAT,2020,0.4779
RE1,DEMPUBGWTWAT,2021,0.4412
RE1,DEMPUBGWTWAT,2022,0.4072
RE1,DEMPUBGWTWAT,2023,0.3668
RE1,DEMPUBGWTWAT,2024,0.3326
RE1,DEMPUBGWTWAT,2025,0.2919
RE1,DEMPUBGWTWAT,2026,0.2574
RE1,DEMPUBGWTWAT,2027,0.2166
RE1,DEMPUBGWTWAT,2028,0.1818
RE1,DEMPUBGWTWAT,2029,0.1406
RE1,DEMPUBGWTWAT,2030,0.1055
RE1,DEMPUBGWTWAT,2031,0.064
RE1,DEMPUBGWTWAT,2032,0.0491
RE1,DEMPUBGWTWAT,2033,0.0318
RE1,DEMPUBGWTWAT,2034,0.0173
RE1,DEMPUBGWTWAT,2035,0.0
RE1,DEMAGRSURWAT,2020,0.4866
RE1,DEMAGRSURWAT,2021,0.511
RE1,DEMAGRSURWAT,2022,0.5365
RE1,DEMAGRSURWAT,2023,0.5633
RE1,DEMAGRSURWAT,2024,0.5915
RE1,DEMAGRSURWAT,2025,0.6211
RE1,DEMAGRSURWAT,2026,0.6
RE1,DEMAGRSURWAT,2027,0.53
RE1,DEMAGRSURWAT,2028,0.489
RE1,DEMAGRSURWAT,2029,0.5549
RE1,DEMAGRSURWAT,2030,0.6227
RE1,DEMAGRSURWAT,2031,0.7023
RE1,DEMAGRSURWAT,2032,0.7739
RE1,DEMAGRSURWAT,2033,0.8476
RE1,DEMAGRSURWAT,2034,0.9335
RE1,DEMAGRSURWAT,2035,1.0117
RE1,DEMAGRGWTWAT,2020,0.0
RE1,DEMAGRGWTWAT,2021,0.0
RE1,DEMAGRGWTWAT,2022,0.0
RE1,DEMAGRGWTWAT,2023,0.0
RE1,DEMAGRGWTWAT,2024,0.0
RE1,DEMAGRGWTWAT,2025,0.0
RE1,DEMAGRGWTWAT,2026,0.0521
RE1,DEMAGRGWTWAT,2027,0.1548
RE1,DEMAGRGWTWAT,2028,0.23
RE1,DEMAGRGWTWAT,2029,0.2
RE1,DEMAGRGWTWAT,2030,0.17
RE1,DEMAGRGWTWAT,2031,0.13
RE1,DEMAGRGWTWAT,2032,0.1
RE1,DEMAGRGWTWAT,2033,0.07
RE1,DEMAGRGWTWAT,2034,0.03
RE1,DEMAGRGWTWAT,2035,0.0
RE1,DEMPWRSURWAT,2020,0.0746
RE1,DEMPWRSURWAT,2021,0.0702
RE1,DEMPWRSURWAT,2022,0.071
RE1,DEMPWRSURWAT,2023,0.0724
RE1,DEMPWRSURWAT,2024,0.0739
RE1,DEMPWRSURWAT,2025,0.076
RE1,DEMPWRSURWAT,2026,0.072
RE1,DEMPWRSURWAT,2027,0.073
RE1,DEMPWRSURWAT,2028,0.0739
RE1,DEMPWRSURWAT,2029,0.0645
RE1,DEMPWRSURWAT,2030,0.0657
RE1,DEMPWRSURWAT,2031,0.0677
RE1,DEMPWRSURWAT,2032,0.0703
RE1,DEMPWRSURWAT,2033,0.0732
RE1,DEMPWRSURWAT,2034,0.0767
RE1,DEMPWRSURWAT,2035,0.0805
RE1,IMPDSL,2020,3.1798
RE1,IMPDSL,2021,2.6046
RE1,IMPDSL,2022,2.6189
RE1,IMPDSL,2023,2.6754
RE1,IMPDSL,2024,2.7292
RE1,IMPDSL,2025,2.7966
RE1,IMPDSL,2026,2.8598
RE1,IMPDSL,2027,2.9451
RE1,IMPDSL,2028,3.0488
RE1,IMPDSL,2029,3.1385
RE1,IMPDSL,2030,3.2174
RE1,IMPDSL,2031,3.2965
RE1,IMPDSL,2032,3.3888
RE1,IMPDSL,2033,3.469
RE1,IMPDSL,2034,3.5619
RE1,IMPDSL,2035,3.6437
RE1,DEMTRABIO,2020,1.1848
RE1,DEMTRABIO,2021,1.2204
RE1,DEMTRABIO,2022,1.2559
RE1,DEMTRABIO,2023,1.2915
RE1,DEMTRABIO,2024,1.327
RE1,DEMTRABIO,2025,1.3744
RE1,DEMTRABIO,2026,1.41
RE1,DEMTRABIO,2027,1.4455
RE1,DEMTRABIO,2028,1.4929
RE1,DEMTRABIO,2029,1.5403
RE1,DEMTRABIO,2030,1.5877
RE1,DEMTRABIO,2031,1.6351
RE1,DEMTRABIO,2032,1.6825
RE1,DEMTRABIO,2033,1.7299
RE1,DEMTRABIO,2034,1.7773
RE1,DEMTRABIO,2035,1.8246
RE1,STGIN,2020,0.0
RE1,STGIN,2021,0.0
RE1,STGIN,2022,0.0
RE1,STGIN,2023,0.0
RE1,STGIN,2024,0.0
RE1,STGIN,2025,0.0
RE1,STGIN,2026,0.0
RE1,STGIN,2027,1.0589
RE1,STGIN,2028,3.3039
RE1,STGIN,2029,6.0746
RE1,STGIN,2030,9.1226
RE1,STGIN,2031,12.4399
RE1,STGIN,2032,16.2986
RE1,STGIN,2033,20.4278
RE1,STGIN,2034,26.4389
RE1,STGIN,2035,33.1946
RE1,STGOUT,2020,0.0
RE1,STGOUT,2021,0.0
RE1,STGOUT,2022,0.0
RE1,STGOUT,2023,0.0
RE1,STGOUT,2024,0.0
RE1,STGOUT,2025,0.0
RE1,STGOUT,2026,0.0
RE1,STGOUT,2027,1.0589
RE1,STGOUT,2028,3.3039
RE1,STGOUT,2029,6.0746
RE1,STGOUT,2030,9.1226
RE1,STGOUT,2031,12.4399
RE1,STGOUT,2032,16.2986
RE1,STGOUT,2033,20.4278
RE1,STGOUT,2034,26.4389
RE1,STGOUT,2035,33.1946
