r,t,y,TotalCapacityAnnual
RE1,MINCOA,2020,353.1347
RE1,MINCOA,2021,353.1347
RE1,MINCOA,2022,353.1347
RE1,MINCOA,2023,362.8916
RE1,MINCOA,2024,376.2246
RE1,MINCOA,2025,392.6161
RE1,MINCOA,2026,392.6161
RE1,MINCOA,2027,392.6161
RE1,MINCOA,2028,392.6161
RE1,MINCOA,2029,392.6161
RE1,MINCOA,2030,392.6161
RE1,MINCOA,2031,392.6161
RE1,MINCOA,2032,392.6161
RE1,MINCOA,2033,392.6161
RE1,MINCOA,2034,392.6161
RE1,MINCOA,2035,392.6161
RE1,MINGAS,2020,0.0
RE1,MINGAS,2021,0.0
RE1,MINGAS,2022,0.0
RE1,MINGAS,2023,0.0
RE1,MINGAS,2024,0.0
RE1,MINGAS,2025,0.0
RE1,MINGAS,2026,56.0354
RE1,MINGAS,2027,63.072
RE1,MINGAS,2028,63.072
RE1,MINGAS,2029,63.072
RE1,MINGAS,2030,63.072
RE1,MINGAS,2031,63.072
RE1,MINGAS,2032,63.072
RE1,MINGAS,2033,63.072
RE1,MINGAS,2034,63.072
RE1,MINGAS,2035,63.072
RE1,PWRCOA,2020,5.0
RE1,PWRCOA,2021,5.0
RE1,PWRCOA,2022,5.0
RE1,PWRCOA,2023,5.0
RE1,PWRCOA,2024,5.0
RE1,PWRCOA,2025,5.0
RE1,PWRCOA,2026,3.5
RE1,PWRCOA,2027,3.5
RE1,PWRCOA,2028,3.5
RE1,PWRCOA,2029,3.5
RE1,PWRCOA,2030,3.5
RE1,PWRCOA,2031,3.5
RE1,PWRCOA,2032,3.5
RE1,PWRCOA,2033,3.5
RE1,PWRCOA,2034,3.5
RE1,PWRCOA,2035,3.5
RE1,PWRGAS,2020,1.0
RE1,PWRGAS,2021,1.0
RE1,PWRGAS,2022,1.0
RE1,PWRGAS,2023,1.0
RE1,PWRGAS,2024,1.0
RE1,PWRGAS,2025,1.0
RE1,PWRGAS,2026,1.0
RE1,PWRGAS,2027,1.0
RE1,PWRGAS,2028,1.0
RE1,PWRGAS,2029,1.0
RE1,PWRGAS,2030,1.0
RE1,PWRGAS,2031,1.0
RE1,PWRGAS,2032,1.0
RE1,PWRGAS,2033,1.0
RE1,PWRGAS,2034,1.0
RE1,PWRGAS,2035,1.0
RE1,PWRTRN,2020,5.5
RE1,PWRTRN,2021,5.7385
RE1,PWRTRN,2022,6.231
RE1,PWRTRN,2023,6.7564
RE1,PWRTRN,2024,7.2819
RE1,PWRTRN,2025,7.8403
RE1,PWRTRN,2026,8.4632
RE1,PWRTRN,2027,8.9593
RE1,PWRTRN,2028,9.3444
RE1,PWRTRN,2029,9.7297
RE1,PWRTRN,2030,10.1148
RE1,PWRTRN,2031,10.5
RE1,PWRTRN,2032,10.8851
RE1,PWRTRN,2033,11.2703
RE1,PWRTRN,2034,11.6555
RE1,PWRTRN,2035,12.0407
RE1,RSCWND,2020,13.2451
RE1,RSCWND,2021,26.4902
RE1,RSCWND,2022,39.7354
RE1,RSCWND,2023,52.9805
RE1,RSCWND,2024,66.2256
RE1,RSCWND,2025,79.4707
RE1,RSCWND,2026,92.7158
RE1,RSCWND,2027,105.961
RE1,RSCWND,2028,119.2061
RE1,RSCWND,2029,132.4512
RE1,RSCWND,2030,145.6963
RE1,RSCWND,2031,158.9414
RE1,RSCWND,2032,172.1866
RE1,RSCWND,2033,185.4317
RE1,RSCWND,2034,198.6768
RE1,RSCWND,2035,211.9219
RE1,RSCSOL,2020,71.8479
RE1,RSCSOL,2021,82.4194
RE1,RSCSOL,2022,89.2695
RE1,RSCSOL,2023,96.5536
RE1,RSCSOL,2024,103.8658
RE1,RSCSOL,2025,111.62
RE1,RSCSOL,2026,120.2711
RE1,RSCSOL,2027,131.8916
RE1,RSCSOL,2028,147.3062
RE1,RSCSOL,2029,165.0929
RE1,RSCSOL,2030,184.1132
RE1,RSCSOL,2031,204.3281
RE1,RSCSOL,2032,226.9734
RE1,RSCSOL,2033,250.8205
RE1,RSCSOL,2034,277.0971
RE1,RSCSOL,2035,304.5849
RE1,RSCHYD,2020,109.3819
RE1,RSCHYD,2021,109.7257
RE1,RSCHYD,2022,110.0774
RE1,RSCHYD,2023,110.4248
RE1,RSCHYD,2024,110.7868
RE1,RSCHYD,2025,111.1904
RE1,RSCHYD,2026,111.5386
RE1,RSCHYD,2027,111.8989
RE1,RSCHYD,2028,112.3026
RE1,RSCHYD,2029,112.716
RE1,RSCHYD,2030,113.1197
RE1,RSCHYD,2031,113.5328
RE1,RSCHYD,2032,113.9338
RE1,RSCHYD,2033,114.3439
RE1,RSCHYD,2034,114.7503
RE1,RSCHYD,2035,115.1588
RE1,PWRWND,2020,1.0
RE1,PWRWND,2021,2.0
RE1,PWRWND,2022,3.0
RE1,PWRWND,2023,4.0
RE1,PWRWND,2024,5.0
RE1,PWRWND,2025,6.0
RE1,PWRWND,2026,7.0
RE1,PWRWND,2027,8.0
RE1,PWRWND,2028,9.0
RE1,PWRWND,2029,10.0
RE1,PWRWND,2030,11.0
RE1,PWRWND,2031,12.0
RE1,PWRWND,2032,13.0
RE1,PWRWND,2033,14.0
RE1,PWRWND,2034,15.0
RE1,PWRWND,2035,16.0
RE1,PWRSOL,2020,7.3493
RE1,PWRSOL,2021,8.4307
RE1,PWRSOL,2022,9.1313
RE1,PWRSOL,2023,9.8764
RE1,PWRSOL,2024,10.6244
RE1,PWRSOL,2025,11.4176
RE1,PWRSOL,2026,12.3025
RE1,PWRSOL,2027,13.4911
RE1,PWRSOL,2028,15.0679
RE1,PWRSOL,2029,16.8873
RE1,PWRSOL,2030,18.8329
RE1,PWRSOL,2031,20.9007
RE1,PWRSOL,2032,23.217
RE1,PWRSOL,2033,25.6563
RE1,PWRSOL,2034,28.3442
RE1,PWRSOL,2035,31.1559
RE1,PWRHYD,2020,3.0
RE1,PWRHYD,2021,3.0
RE1,PWRHYD,2022,3.0
RE1,PWRHYD,2023,3.0
RE1,PWRHYD,2024,3.0
RE1,PWRHYD,2025,3.0
RE1,PWRHYD,2026,3.0
RE1,PWRHYD,2027,3.0
RE1,PWRHYD,2028,3.0
RE1,PWRHYD,2029,3.0
RE1,PWRHYD,2030,3.0
RE1,PWRHYD,2031,3.0
RE1,PWRHYD,2032,3.0
RE1,PWRHYD,2033,3.0
RE1,PWRHYD,2034,3.0
RE1,PWRHYD,2035,3.0
RE1,RSCLND,2020,300.0
RE1,RSCLND,2021,300.0
RE1,RSCLND,2022,300.0
RE1,RSCLND,2023,300.0
RE1,RSCLND,2024,300.0
RE1,RSCLND,2025,300.0
RE1,RSCLND,2026,300.0
RE1,RSCLND,2027,300.0
RE1,RSCLND,2028,300.0
RE1,RSCLND,2029,300.0
RE1,RSCLND,2030,300.0
RE1,RSCLND,2031,300.0
RE1,RSCLND,2032,300.0
RE1,RSCLND,2033,300.0
RE1,RSCLND,2034,300.0
RE1,RSCLND,2035,300.0
RE1,LNDMAIRNF,2020,4.1
RE1,LNDMAIRNF,2021,4.1872
RE1,LNDMAIRNF,2022,4.2912
RE1,LNDMAIRNF,2023,4.391
RE1,LNDMAIRNF,2024,4.4926
RE1,LNDMAIRNF,2025,4.6247
RE1,LNDMAIRNF,2026,4.7235
RE1,LNDMAIRNF,2027,4.8237
RE1,LNDMAIRNF,2028,4.9544
RE1,LNDMAIRNF,2029,5.0834
RE1,LNDMAIRNF,2030,5.2137
RE1,LNDMAIRNF,2031,5.3422
RE1,LNDMAIRNF,2032,5.4689
RE1,LNDMAIRNF,2033,5.5936
RE1,LNDMAIRNF,2034,5.7162
RE1,LNDMAIRNF,2035,5.8396
RE1,LNDRICRNF,2020,1.423
RE1,LNDRICRNF,2021,1.4211
RE1,LNDRICRNF,2022,1.4192
RE1,LNDRICRNF,2023,1.4166
RE1,LNDRICRNF,2024,1.413
RE1,LNDRICRNF,2025,1.4067
RE1,LNDRICRNF,2026,1.3992
RE1,LNDRICRNF,2027,1.3886
RE1,LNDRICRNF,2028,1.3766
RE1,LNDRICRNF,2029,1.3629
RE1,LNDRICRNF,2030,1.3457
RE1,LNDRICRNF,2031,1.3265
RE1,LNDRICRNF,2032,1.3051
RE1,LNDRICRNF,2033,1.2813
RE1,LNDRICRNF,2034,1.2534
RE1,LNDRICRNF,2035,1.2226
RE1,LNDMAIIRR,2020,0.339
RE1,LNDMAIIRR,2021,0.356
RE1,LNDMAIIRR,2022,0.3737
RE1,LNDMAIIRR,2023,0.3924
RE1,LNDMAIIRR,2024,0.4121
RE1,LNDMAIIRR,2025,0.4327
RE1,LNDMAIIRR,2026,0.4543
RE1,LNDMAIIRR,2027,0.477
RE1,LNDMAIIRR,2028,0.5009
RE1,LNDMAIIRR,2029,0.5259
RE1,LNDMAIIRR,2030,0.5522
RE1,LNDMAIIRR,2031,0.5798
RE1,LNDMAIIRR,2032,0.6088
RE1,LNDMAIIRR,2033,0.6392
RE1,LNDMAIIRR,2034,0.6712
RE1,LNDMAIIRR,2035,0.7048
RE1,LNDRICIRR,2020,0.531
RE1,LNDRICIRR,2021,0.5576
RE1,LNDRICIRR,2022,0.5854
RE1,LNDRICIRR,2023,0.6147
RE1,LNDRICIRR,2024,0.6454
RE1,LNDRICIRR,2025,0.6777
RE1,LNDRICIRR,2026,0.7116
RE1,LNDRICIRR,2027,0.7472
RE1,LNDRICIRR,2028,0.7845
RE1,LNDRICIRR,2029,0.8238
RE1,LNDRICIRR,2030,0.8649
RE1,LNDRICIRR,2031,0.9082
RE1,LNDRICIRR,2032,0.9536
RE1,LNDRICIRR,2033,1.0013
RE1,LNDRICIRR,2034,1.0513
RE1,LNDRICIRR,2035,1.1039
RE1,LNDFOR,2020,253.6
RE1,LNDFOR,2021,253.6
RE1,LNDFOR,2022,253.6
RE1,LNDFOR,2023,253.6
RE1,LNDFOR,2024,253.6
RE1,LNDFOR,2025,253.6
RE1,LNDFOR,2026,253.6
RE1,LNDFOR,2027,253.6
RE1,LNDFOR,2028,253.6
RE1,LNDFOR,2029,253.6
RE1,LNDFOR,2030,253.6
RE1,LNDFOR,2031,253.6
RE1,LNDFOR,2032,253.6
RE1,LNDFOR,2033,253.6
RE1,LNDFOR,2034,253.6
RE1,LNDFOR,2035,253.6
RE1,LNDBLT,2020,15.0
RE1,LNDBLT,2021,15.15
RE1,LNDBLT,2022,15.3
RE1,LNDBLT,2023,15.45
RE1,LNDBLT,2024,15.61
RE1,LNDBLT,2025,15.77
RE1,LNDBLT,2026,15.92
RE1,LNDBLT,2027,16.08
RE1,LNDBLT,2028,16.24
RE1,LNDBLT,2029,16.41
RE1,LNDBLT,2030,16.57
RE1,LNDBLT,2031,16.74
RE1,LNDBLT,2032,16.9
RE1,LNDBLT,2033,17.07
RE1,LNDBLT,2034,17.24
RE1,LNDBLT,2035,17.41
RE1,LNDWAT,2020,25.021
RE1,LNDWAT,2021,25.7412
RE1,LNDWAT,2022,26.474
RE1,LNDWAT,2023,27.2002
RE1,LNDWAT,2024,27.9586
RE1,LNDWAT,2025,28.7918
RE1,LNDWAT,2026,29.5219
RE1,LNDWAT,2027,30.2798
RE1,LNDWAT,2028,31.1158
RE1,LNDWAT,2029,31.9759
RE1,LNDWAT,2030,32.8138
RE1,LNDWAT,2031,33.6753
RE1,LNDWAT,2032,34.5109
RE1,LNDWAT,2033,35.3697
RE1,LNDWAT,2034,36.2225
RE1,LNDWAT,2035,37.0805
RE1,RSCPRC,2020,360.0
RE1,RSCPRC,2021,360.0
RE1,RSCPRC,2022,360.0
RE1,RSCPRC,2023,360.0
RE1,RSCPRC,2024,360.0
RE1,RSCPRC,2025,360.0
RE1,RSCPRC,2026,360.0
RE1,RSCPRC,2027,360.0
RE1,RSCPRC,2028,360.0
RE1,RSCPRC,2029,360.0
RE1,RSCPRC,2030,360.0
RE1,RSCPRC,2031,360.0
RE1,RSCPRC,2032,360.0
RE1,RSCPRC,2033,360.0
RE1,RSCPRC,2034,360.0
RE1,RSCPRC,2035,360.0
RE1,UPSWTRSUR,2020,0.0
RE1,UPSWTRSUR,2021,0.0
RE1,UPSWTRSUR,2022,0.0
RE1,UPSWTRSUR,2023,0.0
RE1,UPSWTRSUR,2024,0.0
RE1,UPSWTRSUR,2025,0.0
RE1,UPSWTRSUR,2026,0.0
RE1,UPSWTRSUR,2027,0.0
RE1,UPSWTRSUR,2028,0.0
RE1,UPSWTRSUR,2029,0.0
RE1,UPSWTRSUR,2030,0.0
RE1,UPSWTRSUR,2031,0.0
RE1,UPSWTRSUR,2032,0.0
RE1,UPSWTRSUR,2033,0.0
RE1,UPSWTRSUR,2034,0.0
RE1,UPSWTRSUR,2035,0.0
RE1,DEMPUBSURWAT,2020,0.92
RE1,DEMPUBSURWAT,2021,1.0978
RE1,DEMPUBSURWAT,2022,1.278
RE1,DEMPUBSURWAT,2023,1.4718
RE1,DEMPUBSURWAT,2024,1.6609
RE1,DEMPUBSURWAT,2025,1.867
RE1,DEMPUBSURWAT,2026,2.0684
RE1,DEMPUBSURWAT,2027,2.2851
RE1,DEMPUBSURWAT,2028,2.5005
RE1,DEMPUBSURWAT,2029,2.7313
RE1,DEMPUBSURWAT,2030,2.9609
RE1,DEMPUBSURWAT,2031,3.2075
RE1,DEMPUBSURWAT,2032,3.4511
RE1,DEMPUBSURWAT,2033,3.7135
RE1,DEMPUBSURWAT,2034,3.9748
RE1,DEMPUBSURWAT,2035,4.2566
RE1,DEMPUBGWTWAT,2020,0.83
RE1,DEMPUBGWTWAT,2021,0.77
RE1,DEMPUBGWTWAT,2022,0.72
RE1,DEMPUBGWTWAT,2023,0.66
RE1,DEMPUBGWTWAT,2024,0.61
RE1,DEMPUBGWTWAT,2025,0.55
RE1,DEMPUBGWTWAT,2026,0.5
RE1,DEMPUBGWTWAT,2027,0.44
RE1,DEMPUBGWTWAT,2028,0.39
RE1,DEMPUBGWTWAT,2029,0.33
RE1,DEMPUBGWTWAT,2030,0.28
RE1,DEMPUBGWTWAT,2031,0.22
RE1,DEMPUBGWTWAT,2032,0.17
RE1,DEMPUBGWTWAT,2033,0.11
RE1,DEMPUBGWTWAT,2034,0.06
RE1,DEMPUBGWTWAT,2035,0.0
RE1,DEMAGRSURWAT,2020,1.0
RE1,DEMAGRSURWAT,2021,0.93
RE1,DEMAGRSURWAT,2022,0.87
RE1,DEMAGRSURWAT,2023,0.8
RE1,DEMAGRSURWAT,2024,0.73
RE1,DEMAGRSURWAT,2025,0.67
RE1,DEMAGRSURWAT,2026,0.6
RE1,DEMAGRSURWAT,2027,0.53
RE1,DEMAGRSURWAT,2028,0.489
RE1,DEMAGRSURWAT,2029,0.5549
RE1,DEMAGRSURWAT,2030,0.6227
RE1,DEMAGRSURWAT,2031,0.7023
RE1,DEMAGRSURWAT,2032,0.7739
RE1,DEMAGRSURWAT,2033,0.8476
RE1,DEMAGRSURWAT,2034,0.9335
RE1,DEMAGRSURWAT,2035,1.0117
RE1,DEMAGRGWTWAT,2020,0.5
RE1,DEMAGRGWTWAT,2021,0.47
RE1,DEMAGRGWTWAT,2022,0.43
RE1,DEMAGRGWTWAT,2023,0.4
RE1,DEMAGRGWTWAT,2024,0.37
RE1,DEMAGRGWTWAT,2025,0.33
RE1,DEMAGRGWTWAT,2026,0.3
RE1,DEMAGRGWTWAT,2027,0.27
RE1,DEMAGRGWTWAT,2028,0.23
RE1,DEMAGRGWTWAT,2029,0.2
RE1,DEMAGRGWTWAT,2030,0.17
RE1,DEMAGRGWTWAT,2031,0.13
RE1,DEMAGRGWTWAT,2032,0.1
RE1,DEMAGRGWTWAT,2033,0.07
RE1,DEMAGRGWTWAT,2034,0.03
RE1,DEMAGRGWTWAT,2035,0.0
RE1,DEMPWRSURWAT,2020,0.14
RE1,DEMPWRSURWAT,2021,0.14
RE1,DEMPWRSURWAT,2022,0.14
RE1,DEMPWRSURWAT,2023,0.14
RE1,DEMPWRSURWAT,2024,0.14
RE1,DEMPWRSURWAT,2025,0.14
RE1,DEMPWRSURWAT,2026,0.14
RE1,DEMPWRSURWAT,2027,0.14
RE1,DEMPWRSURWAT,2028,0.14
RE1,DEMPWRSURWAT,2029,0.14
RE1,DEMPWRSURWAT,2030,0.14
RE1,DEMPWRSURWAT,2031,0.14
RE1,DEMPWRSURWAT,2032,0.14
RE1,DEMPWRSURWAT,2033,0.14
RE1,DEMPWRSURWAT,2034,0.14
RE1,DEMPWRSURWAT,2035,0.14
RE1,IMPDSL,2020,3.1798
RE1,IMPDSL,2021,2.6046
RE1,IMPDSL,2022,2.6189
RE1,IMPDSL,2023,2.6754
RE1,IMPDSL,2024,2.7292
RE1,IMPDSL,2025,2.7966
RE1,IMPDSL,2026,2.8598
RE1,IMPDSL,2027,2.9451
RE1,IMPDSL,2028,3.0488
RE1,IMPDSL,2029,3.1385
RE1,IMPDSL,2030,3.2174
RE1,IMPDSL,2031,3.2965
RE1,IMPDSL,2032,3.3888
RE1,IMPDSL,2033,3.469
RE1,IMPDSL,2034,3.5619
RE1,IMPDSL,2035,3.6437
RE1,DEMTRABIO,2020,1.1848
RE1,DEMTRABIO,2021,1.2204
RE1,DEMTRABIO,2022,1.2559
RE1,DEMTRABIO,2023,1.2915
RE1,DEMTRABIO,2024,1.327
RE1,DEMTRABIO,2025,1.3744
RE1,DEMTRABIO,2026,1.41
RE1,DEMTRABIO,2027,1.4455
RE1,DEMTRABIO,2028,1.4929
RE1,DEMTRABIO,2029,1.5403
RE1,DEMTRABIO,2030,1.5877
RE1,DEMTRABIO,2031,1.6351
RE1,DEMTRABIO,2032,1.6825
RE1,DEMTRABIO,2033,1.7299
RE1,DEMTRABIO,2034,1.7773
RE1,DEMTRABIO,2035,1.8246
RE1,STGIN,2020,0.0
RE1,STGIN,2021,0.0
RE1,STGIN,2022,0.0
RE1,STGIN,2023,0.0
RE1,STGIN,2024,0.0
RE1,STGIN,2025,0.0
RE1,STGIN,2026,0.0
RE1,STGIN,2027,0.0666
RE1,STGIN,2028,0.2079
RE1,STGIN,2029,0.5734
RE1,STGIN,2030,0.8383
RE1,STGIN,2031,1.0589
RE1,STGIN,2032,1.3707
RE1,STGIN,2033,1.8953
RE1,STGIN,2034,2.4956
RE1,STGIN,2035,3.1333
RE1,STGOUT,2020,0.0
RE1,STGOUT,2021,0.0
RE1,STGOUT,2022,0.0
RE1,STGOUT,2023,0.0
RE1,STGOUT,2024,0.0
RE1,STGOUT,2025,0.0
RE1,STGOUT,2026,0.0
RE1,STGOUT,2027,0.1154
RE1,STGOUT,2028,0.3599
RE1,STGOUT,2029,0.6617
RE1,STGOUT,2030,0.9938
RE1,STGOUT,2031,1.3552
RE1,STGOUT,2032,1.7755
RE1,STGOUT,2033,2.2253
RE1,STGOUT,2034,2.734
RE1,STGOUT,2035,3.2722
