r,t,y,AnnualVariableOperatingCost
RE1,MINCOA,2020,573.7493
RE1,MINCOA,2021,584.346
RE1,MINCOA,2022,601.6628
RE1,MINCOA,2023,595.3062
RE1,MINCOA,2024,588.9597
RE1,MINCOA,2025,583.1652
RE1,MINCOA,2026,482.6705
RE1,MINCOA,2027,484.5041
RE1,MINCOA,2028,486.0435
RE1,MINCOA,2029,489.0569
RE1,MINCOA,2030,492.9362
RE1,MINCOA,2031,497.5978
RE1,MINCOA,2032,503.3146
RE1,MINCOA,2033,503.3146
RE1,MINCOA,2034,503.3146
RE1,MINCOA,2035,503.3146
RE1,MINGAS,2020,109.3668
RE1,MINGAS,2021,109.3668
RE1,MINGAS,2022,109.3668
RE1,MINGAS,2023,109.3668
RE1,MINGAS,2024,109.3668
RE1,MINGAS,2025,109.3668
RE1,MINGAS,2026,209.5014
RE1,MINGAS,2027,213.5883
RE1,MINGAS,2028,213.5883
RE1,MINGAS,2029,213.5883
RE1,MINGAS,2030,213.5883
RE1,MINGAS,2031,213.5883
RE1,MINGAS,2032,216.3224
RE1,MINGAS,2033,241.7312
RE1,MINGAS,2034,272.1834
RE1,MINGAS,2035,305.2561
RE1,PWRCOA,2020,276.8089
RE1,PWRCOA,2021,281.9213
RE1,PWRCOA,2022,290.2759
RE1,PWRCOA,2023,287.2091
RE1,PWRCOA,2024,284.1472
RE1,PWRCOA,2025,281.3516
RE1,PWRCOA,2026,232.8674
RE1,PWRCOA,2027,233.752
RE1,PWRCOA,2028,234.4947
RE1,PWRCOA,2029,235.9485
RE1,PWRCOA,2030,237.8201
RE1,PWRCOA,2031,240.0691
RE1,PWRCOA,2032,242.8272
RE1,PWRCOA,2033,242.8272
RE1,PWRCOA,2034,242.8272
RE1,PWRCOA,2035,242.8272
RE1,PWRGAS,2020,4.557
RE1,PWRGAS,2021,4.557
RE1,PWRGAS,2022,4.557
RE1,PWRGAS,2023,4.557
RE1,PWRGAS,2024,4.557
RE1,PWRGAS,2025,4.557
RE1,PWRGAS,2026,8.7292
RE1,PWRGAS,2027,8.8995
RE1,PWRGAS,2028,8.8995
RE1,PWRGAS,2029,8.8995
RE1,PWRGAS,2030,8.8995
RE1,PWRGAS,2031,8.8995
RE1,PWRGAS,2032,9.0134
RE1,PWRGAS,2033,10.0721
RE1,PWRGAS,2034,11.341
RE1,PWRGAS,2035,12.719
RE1,PWRTRN,2020,0.0185
RE1,PWRTRN,2021,0.0199
RE1,PWRTRN,2022,0.0215
RE1,PWRTRN,2023,0.0225
RE1,PWRTRN,2024,0.0235
RE1,PWRTRN,2025,0.0245
RE1,PWRTRN,2026,0.0243
RE1,PWRTRN,2027,0.0255
RE1,PWRTRN,2028,0.0267
RE1,PWRTRN,2029,0.0279
RE1,PWRTRN,2030,0.0292
RE1,PWRTRN,2031,0.0304
RE1,PWRTRN,2032,0.0317
RE1,PWRTRN,2033,0.0331
RE1,PWRTRN,2034,0.0345
RE1,PWRTRN,2035,0.0359
RE1,RSCWND,2020,0.001
RE1,RSCWND,2021,0.0021
RE1,RSCWND,2022,0.0033
RE1,RSCWND,2023,0.0044
RE1,RSCWND,2024,0.0056
RE1,RSCWND,2025,0.0067
RE1,RSCWND,2026,0.0079
RE1,RSCWND,2027,0.009
RE1,RSCWND,2028,0.0102
RE1,RSCWND,2029,0.0113
RE1,RSCWND,2030,0.0125
RE1,RSCWND,2031,0.0136
RE1,RSCWND,2032,0.0148
RE1,RSCWND,2033,0.0159
RE1,RSCWND,2034,0.0171
RE1,RSCWND,2035,0.0182
RE1,RSCSOL,2020,0.0
RE1,RSCSOL,2021,0.0
RE1,RSCSOL,2022,0.0002
RE1,RSCSOL,2023,0.0009
RE1,RSCSOL,2024,0.0016
RE1,RSCSOL,2025,0.0024
RE1,RSCSOL,2026,0.0045
RE1,RSCSOL,2027,0.0053
RE1,RSCSOL,2028,0.0063
RE1,RSCSOL,2029,0.0075
RE1,RSCSOL,2030,0.0087
RE1,RSCSOL,2031,0.01
RE1,RSCSOL,2032,0.0115
RE1,RSCSOL,2033,0.013
RE1,RSCSOL,2034,0.0147
RE1,RSCSOL,2035,0.0165
RE1,RSCHYD,2020,0.0102
RE1,RSCHYD,2021,0.0102
RE1,RSCHYD,2022,0.0102
RE1,RSCHYD,2023,0.0102
RE1,RSCHYD,2024,0.0102
RE1,RSCHYD,2025,0.0102
RE1,RSCHYD,2026,0.0102
RE1,RSCHYD,2027,0.0103
RE1,RSCHYD,2028,0.0103
RE1,RSCHYD,2029,0.0103
RE1,RSCHYD,2030,0.0103
RE1,RSCHYD,2031,0.0103
RE1,RSCHYD,2032,0.0103
RE1,RSCHYD,2033,0.0103
RE1,RSCHYD,2034,0.0103
RE1,RSCHYD,2035,0.0103
RE1,PWRWND,2020,0.001
RE1,PWRWND,2021,0.0021
RE1,PWRWND,2022,0.0033
RE1,PWRWND,2023,0.0044
RE1,PWRWND,2024,0.0056
RE1,PWRWND,2025,0.0067
RE1,PWRWND,2026,0.0079
RE1,PWRWND,2027,0.009
RE1,PWRWND,2028,0.0102
RE1,PWRWND,2029,0.0113
RE1,PWRWND,2030,0.0125
RE1,PWRWND,2031,0.0136
RE1,PWRWND,2032,0.0148
RE1,PWRWND,2033,0.0159
RE1,PWRWND,2034,0.0171
RE1,PWRWND,2035,0.0182
RE1,PWRSOL,2020,0.0
RE1,PWRSOL,2021,0.0
RE1,PWRSOL,2022,0.0002
RE1,PWRSOL,2023,0.0009
RE1,PWRSOL,2024,0.0016
RE1,PWRSOL,2025,0.0024
RE1,PWRSOL,2026,0.0045
RE1,PWRSOL,2027,0.0053
RE1,PWRSOL,2028,0.0063
RE1,PWRSOL,2029,0.0075
RE1,PWRSOL,2030,0.0087
RE1,PWRSOL,2031,0.01
RE1,PWRSOL,2032,0.0115
RE1,PWRSOL,2033,0.013
RE1,PWRSOL,2034,0.0147
RE1,PWRSOL,2035,0.0165
RE1,PWRHYD,2020,0.0041
RE1,PWRHYD,2021,0.0041
RE1,PWRHYD,2022,0.0041
RE1,PWRHYD,2023,0.0041
RE1,PWRHYD,2024,0.0041
RE1,PWRHYD,2025,0.0041
RE1,PWRHYD,2026,0.0041
RE1,PWRHYD,2027,0.0041
RE1,PWRHYD,2028,0.0041
RE1,PWRHYD,2029,0.0041
RE1,PWRHYD,2030,0.0041
RE1,PWRHYD,2031,0.0041
RE1,PWRHYD,2032,0.0041
RE1,PWRHYD,2033,0.0041
RE1,PWRHYD,2034,0.0041
RE1,PWRHYD,2035,0.0041
RE1,RSCLND,2020,0.03
RE1,RSCLND,2021,0.03
RE1,RSCLND,2022,0.03
RE1,RSCLND,2023,0.03
RE1,RSCLND,2024,0.03
RE1,RSCLND,2025,0.03
RE1,RSCLND,2026,0.03
RE1,RSCLND,2027,0.03
RE1,RSCLND,2028,0.03
RE1,RSCLND,2029,0.03
RE1,RSCLND,2030,0.03
RE1,RSCLND,2031,0.03
RE1,RSCLND,2032,0.03
RE1,RSCLND,2033,0.03
RE1,RSCLND,2034,0.03
RE1,RSCLND,2035,0.03
RE1,LNDMAIRNF,2020,171.5693
RE1,LNDMAIRNF,2021,175.8617
RE1,LNDMAIRNF,2022,180.2295
RE1,LNDMAIRNF,2023,184.4231
RE1,LNDMAIRNF,2024,188.6872
RE1,LNDMAIRNF,2025,194.2357
RE1,LNDMAIRNF,2026,198.3855
RE1,LNDMAIRNF,2027,202.5974
RE1,LNDMAIRNF,2028,208.0849
RE1,LNDMAIRNF,2029,213.5046
RE1,LNDMAIRNF,2030,218.9766
RE1,LNDMAIRNF,2031,224.374
RE1,LNDMAIRNF,2032,229.6929
RE1,LNDMAIRNF,2033,234.9294
RE1,LNDMAIRNF,2034,240.0795
RE1,LNDMAIRNF,2035,245.2623
RE1,LNDRICRNF,2020,80.9699
RE1,LNDRICRNF,2021,81.0004
RE1,LNDRICRNF,2022,80.8969
RE1,LNDRICRNF,2023,80.7461
RE1,LNDRICRNF,2024,80.5411
RE1,LNDRICRNF,2025,80.1811
RE1,LNDRICRNF,2026,79.7516
RE1,LNDRICRNF,2027,79.1511
RE1,LNDRICRNF,2028,78.4646
RE1,LNDRICRNF,2029,77.683
RE1,LNDRICRNF,2030,76.7035
RE1,LNDRICRNF,2031,75.6095
RE1,LNDRICRNF,2032,74.3908
RE1,LNDRICRNF,2033,73.0364
RE1,LNDRICRNF,2034,71.4414
RE1,LNDRICRNF,2035,69.6873
RE1,LNDMAIIRR,2020,17.967
RE1,LNDMAIIRR,2021,18.8654
RE1,LNDMAIIRR,2022,19.8086
RE1,LNDMAIIRR,2023,20.799
RE1,LNDMAIIRR,2024,21.839
RE1,LNDMAIIRR,2025,22.931
RE1,LNDMAIIRR,2026,24.0775
RE1,LNDMAIIRR,2027,25.2814
RE1,LNDMAIIRR,2028,26.5454
RE1,LNDMAIIRR,2029,27.8727
RE1,LNDMAIIRR,2030,29.2664
RE1,LNDMAIIRR,2031,30.7297
RE1,LNDMAIIRR,2032,32.2662
RE1,LNDMAIIRR,2033,33.8795
RE1,LNDMAIIRR,2034,35.5734
RE1,LNDMAIIRR,2035,37.3521
RE1,LNDRICIRR,2020,40.887
RE1,LNDRICIRR,2021,42.9314
RE1,LNDRICIRR,2022,45.0779
RE1,LNDRICIRR,2023,47.3318
RE1,LNDRICIRR,2024,49.6984
RE1,LNDRICIRR,2025,52.1833
RE1,LNDRICIRR,2026,54.7925
RE1,LNDRICIRR,2027,57.5321
RE1,LNDRICIRR,2028,60.4087
RE1,LNDRICIRR,2029,63.4292
RE1,LNDRICIRR,2030,66.6006
RE1,LNDRICIRR,2031,69.9306
RE1,LNDRICIRR,2032,73.4272
RE1,LNDRICIRR,2033,77.0985
RE1,LNDRICIRR,2034,80.9535
RE1,LNDRICIRR,2035,85.0011
RE1,LNDFOR,2020,-7455.84
RE1,LNDFOR,2021,-7447.2334
RE1,LNDFOR,2022,-7438.4765
RE1,LNDFOR,2023,-7429.7987
RE1,LNDFOR,2024,-7420.735
RE1,LNDFOR,2025,-7410.7783
RE1,LNDFOR,2026,-7402.0527
RE1,LNDFOR,2027,-7392.9963
RE1,LNDFOR,2028,-7383.0056
RE1,LNDFOR,2029,-7372.7275
RE1,LNDFOR,2030,-7362.7143
RE1,LNDFOR,2031,-7352.4192
RE1,LNDFOR,2032,-7342.4332
RE1,LNDFOR,2033,-7332.1714
RE1,LNDFOR,2034,-7321.9795
RE1,LNDFOR,2035,-7311.7262
RE1,LNDBLT,2020,0.0015
RE1,LNDBLT,2021,0.0015
RE1,LNDBLT,2022,0.0015
RE1,LNDBLT,2023,0.0015
RE1,LNDBLT,2024,0.0016
RE1,LNDBLT,2025,0.0016
RE1,LNDBLT,2026,0.0016
RE1,LNDBLT,2027,0.0016
RE1,LNDBLT,2028,0.0016
RE1,LNDBLT,2029,0.0016
RE1,LNDBLT,2030,0.0017
RE1,LNDBLT,2031,0.0017
RE1,LNDBLT,2032,0.0017
RE1,LNDBLT,2033,0.0017
RE1,LNDBLT,2034,0.0017
RE1,LNDBLT,2035,0.0017
RE1,LNDWAT,2020,0.0025
RE1,LNDWAT,2021,0.0025
RE1,LNDWAT,2022,0.0025
RE1,LNDWAT,2023,0.0025
RE1,LNDWAT,2024,0.0025
RE1,LNDWAT,2025,0.0025
RE1,LNDWAT,2026,0.0025
RE1,LNDWAT,2027,0.0025
RE1,LNDWAT,2028,0.0025
RE1,LNDWAT,2029,0.0025
RE1,LNDWAT,2030,0.0025
RE1,LNDWAT,2031,0.0025
RE1,LNDWAT,2032,0.0025
RE1,LNDWAT,2033,0.0025
RE1,LNDWAT,2034,0.0025
RE1,LNDWAT,2035,0.0025
RE1,RSCPRC,2020,0.036
RE1,RSCPRC,2021,0.036
RE1,RSCPRC,2022,0.036
RE1,RSCPRC,2023,0.036
RE1,RSCPRC,2024,0.036
RE1,RSCPRC,2025,0.036
RE1,RSCPRC,2026,0.036
RE1,RSCPRC,2027,0.036
RE1,RSCPRC,2028,0.036
RE1,RSCPRC,2029,0.036
RE1,RSCPRC,2030,0.036
RE1,RSCPRC,2031,0.036
RE1,RSCPRC,2032,0.036
RE1,RSCPRC,2033,0.036
RE1,RSCPRC,2034,0.036
RE1,RSCPRC,2035,0.036
RE1,UPSWTRSUR,2020,0.0
RE1,UPSWTRSUR,2021,0.0
RE1,UPSWTRSUR,2022,0.0
RE1,UPSWTRSUR,2023,0.0
RE1,UPSWTRSUR,2024,0.0
RE1,UPSWTRSUR,2025,0.0
RE1,UPSWTRSUR,2026,0.0
RE1,UPSWTRSUR,2027,0.0
RE1,UPSWTRSUR,2028,0.0
RE1,UPSWTRSUR,2029,0.0
RE1,UPSWTRSUR,2030,0.0
RE1,UPSWTRSUR,2031,0.0
RE1,UPSWTRSUR,2032,0.0
RE1,UPSWTRSUR,2033,0.0
RE1,UPSWTRSUR,2034,0.0
RE1,UPSWTRSUR,2035,0.0
RE1,DEMPUBSURWAT,2020,0.0001
RE1,DEMPUBSURWAT,2021,0.0001
RE1,DEMPUBSURWAT,2022,0.0001
RE1,DEMPUBSURWAT,2023,0.0001
RE1,DEMPUBSURWAT,2024,0.0001
RE1,DEMPUBSURWAT,2025,0.0001
RE1,DEMPUBSURWAT,2026,0.0002
RE1,DEMPUBSURWAT,2027,0.0002
RE1,DEMPUBSURWAT,2028,0.0002
RE1,DEMPUBSURWAT,2029,0.0002
RE1,DEMPUBSURWAT,2030,0.0002
RE1,DEMPUBSURWAT,2031,0.0002
RE1,DEMPUBSURWAT,2032,0.0003
RE1,DEMPUBSURWAT,2033,0.0003
RE1,DEMPUBSURWAT,2034,0.0003
RE1,DEMPUBSURWAT,2035,0.0003
RE1,DEMPUBGWTWAT,2020,0.0
RE1,DEMPUBGWTWAT,2021,0.0
RE1,DEMPUBGWTWAT,2022,0.0
RE1,DEMPUBGWTWAT,2023,0.0
RE1,DEMPUBGWTWAT,2024,0.0
RE1,DEMPUBGWTWAT,2025,0.0
RE1,DEMPUBGWTWAT,2026,0.0
RE1,DEMPUBGWTWAT,2027,0.0
RE1,DEMPUBGWTWAT,2028,0.0
RE1,DEMPUBGWTWAT,2029,0.0
RE1,DEMPUBGWTWAT,2030,0.0
RE1,DEMPUBGWTWAT,2031,0.0
RE1,DEMPUBGWTWAT,2032,0.0
RE1,DEMPUBGWTWAT,2033,0.0
RE1,DEMPUBGWTWAT,2034,0.0
RE1,DEMPUBGWTWAT,2035,0.0
RE1,DEMAGRSURWAT,2020,0.0
RE1,DEMAGRSURWAT,2021,0.0001
RE1,DEMAGRSURWAT,2022,0.0001
RE1,DEMAGRSURWAT,2023,0.0001
RE1,DEMAGRSURWAT,2024,0.0001
RE1,DEMAGRSURWAT,2025,0.0001
RE1,DEMAGRSURWAT,2026,0.0001
RE1,DEMAGRSURWAT,2027,0.0001
RE1,DEMAGRSURWAT,2028,0.0
RE1,DEMAGRSURWAT,2029,0.0001
RE1,DEMAGRSURWAT,2030,0.0001
RE1,DEMAGRSURWAT,2031,0.0001
RE1,DEMAGRSURWAT,2032,0.0001
RE1,DEMAGRSURWAT,2033,0.0001
RE1,DEMAGRSURWAT,2034,0.0001
RE1,DEMAGRSURWAT,2035,0.0001
RE1,DEMAGRGWTWAT,2020,0.0
RE1,DEMAGRGWTWAT,2021,0.0
RE1,DEMAGRGWTWAT,2022,0.0
RE1,DEMAGRGWTWAT,2023,0.0
RE1,DEMAGRGWTWAT,2024,0.0
RE1,DEMAGRGWTWAT,2025,0.0
RE1,DEMAGRGWTWAT,2026,0.0
RE1,DEMAGRGWTWAT,2027,0.0
RE1,DEMAGRGWTWAT,2028,0.0
RE1,DEMAGRGWTWAT,2029,0.0
RE1,DEMAGRGWTWAT,2030,0.0
RE1,DEMAGRGWTWAT,2031,0.0
RE1,DEMAGRGWTWAT,2032,0.0
RE1,DEMAGRGWTWAT,2033,0.0
RE1,DEMAGRGWTWAT,2034,0.0
RE1,DEMAGRGWTWAT,2035,0.0
RE1,DEMPWRSURWAT,2020,0.0
RE1,DEMPWRSURWAT,2021,0.0
RE1,DEMPWRSURWAT,2022,0.0
RE1,DEMPWRSURWAT,2023,0.0
RE1,DEMPWRSURWAT,2024,0.0
RE1,DEMPWRSURWAT,2025,0.0
RE1,DEMPWRSURWAT,2026,0.0
RE1,DEMPWRSURWAT,2027,0.0
RE1,DEMPWRSURWAT,2028,0.0
RE1,DEMPWRSURWAT,2029,0.0
RE1,DEMPWRSURWAT,2030,0.0
RE1,DEMPWRSURWAT,2031,0.0
RE1,DEMPWRSURWAT,2032,0.0
RE1,DEMPWRSURWAT,2033,0.0
RE1,DEMPWRSURWAT,2034,0.0
RE1,DEMPWRSURWAT,2035,0.0
RE1,IMPDSL,2020,66.7382
RE1,IMPDSL,2021,69.9003
RE1,IMPDSL,2022,72.2124
RE1,IMPDSL,2023,76.2241
RE1,IMPDSL,2024,77.7293
RE1,IMPDSL,2025,79.9177
RE1,IMPDSL,2026,95.4251
RE1,IMPDSL,2027,83.4279
RE1,IMPDSL,2028,85.5995
RE1,IMPDSL,2029,88.2419
RE1,IMPDSL,2030,90.5331
RE1,IMPDSL,2031,92.8181
RE1,IMPDSL,2032,95.498
RE1,IMPDSL,2033,97.6099
RE1,IMPDSL,2034,100.3077
RE1,IMPDSL,2035,102.6497
RE1,DEMTRABIO,2020,0.0001
RE1,DEMTRABIO,2021,0.0001
RE1,DEMTRABIO,2022,0.0001
RE1,DEMTRABIO,2023,0.0001
RE1,DEMTRABIO,2024,0.0001
RE1,DEMTRABIO,2025,0.0001
RE1,DEMTRABIO,2026,0.0001
RE1,DEMTRABIO,2027,0.0001
RE1,DEMTRABIO,2028,0.0001
RE1,DEMTRABIO,2029,0.0002
RE1,DEMTRABIO,2030,0.0002
RE1,DEMTRABIO,2031,0.0002
RE1,DEMTRABIO,2032,0.0002
RE1,DEMTRABIO,2033,0.0002
RE1,DEMTRABIO,2034,0.0002
RE1,DEMTRABIO,2035,0.0002
RE1,STGIN,2020,0.0
RE1,STGIN,2021,0.0005
RE1,STGIN,2022,0.0012
RE1,STGIN,2023,0.0012
RE1,STGIN,2024,0.0012
RE1,STGIN,2025,0.0012
RE1,STGIN,2026,0.0012
RE1,STGIN,2027,0.0013
RE1,STGIN,2028,0.0014
RE1,STGIN,2029,0.0016
RE1,STGIN,2030,0.0019
RE1,STGIN,2031,0.0021
RE1,STGIN,2032,0.0025
RE1,STGIN,2033,0.0028
RE1,STGIN,2034,0.0031
RE1,STGIN,2035,0.0035
RE1,STGOUT,2020,0.0
RE1,STGOUT,2021,0.0005
RE1,STGOUT,2022,0.0012
RE1,STGOUT,2023,0.0012
RE1,STGOUT,2024,0.0012
RE1,STGOUT,2025,0.0012
RE1,STGOUT,2026,0.0012
RE1,STGOUT,2027,0.0013
RE1,STGOUT,2028,0.0014
RE1,STGOUT,2029,0.0016
RE1,STGOUT,2030,0.0019
RE1,STGOUT,2031,0.0021
RE1,STGOUT,2032,0.0025
RE1,STGOUT,2033,0.0028
RE1,STGOUT,2034,0.0031
RE1,STGOUT,2035,0.0035
