r,t,e,y,AnnualTechnologyEmission
RE1,MINCOA,CO2,2020,36274.546
RE1,MINCOA,CO2,2021,36944.506
RE1,MINCOA,CO2,2022,38039.342
RE1,MINCOA,CO2,2023,37637.448
RE1,MINCOA,CO2,2024,37236.202
RE1,MINCOA,CO2,2025,36869.854
RE1,MINCOA,CO2,2026,30516.208
RE1,MINCOA,CO2,2027,30632.132
RE1,MINCOA,CO2,2028,30729.459
RE1,MINCOA,CO2,2029,30919.977
RE1,MINCOA,CO2,2030,31165.246
RE1,MINCOA,CO2,2031,31459.967
RE1,MINCOA,CO2,2032,31821.401
RE1,MINCOA,CO2,2033,31821.401
RE1,MINCOA,CO2,2034,31821.401
RE1,MINCOA,CO2,2035,31821.401
RE1,MINCOA,N2O,2020,0.0
RE1,MINCOA,N2O,2021,0.0
RE1,MINCOA,N2O,2022,0.0
RE1,MINCOA,N2O,2023,0.0
RE1,MINCOA,N2O,2024,0.0
RE1,MINCOA,N2O,2025,0.0
RE1,MINCOA,N2O,2026,0.0
RE1,MINCOA,N2O,2027,0.0
RE1,MINCOA,N2O,2028,0.0
RE1,MINCOA,N2O,2029,0.0
RE1,MINCOA,N2O,2030,0.0
RE1,MINCOA,N2O,2031,0.0
RE1,MINCOA,N2O,2032,0.0
RE1,MINCOA,N2O,2033,0.0
RE1,MINCOA,N2O,2034,0.0
RE1,MINCOA,N2O,2035,0.0
RE1,MINCOA,CH4,2020,0.0
RE1,MINCOA,CH4,2021,0.0
RE1,MINCOA,CH4,2022,0.0
RE1,MINCOA,CH4,2023,0.0
RE1,MINCOA,CH4,2024,0.0
RE1,MINCOA,CH4,2025,0.0
RE1,MINCOA,CH4,2026,0.0
RE1,MINCOA,CH4,2027,0.0
RE1,MINCOA,CH4,2028,0.0
RE1,MINCOA,CH4,2029,0.0
RE1,MINCOA,CH4,2030,0.0
RE1,MINCOA,CH4,2031,0.0
RE1,MINCOA,CH4,2032,0.0
RE1,MINCOA,CH4,2033,0.0
RE1,MINCOA,CH4,2034,0.0
RE1,MINCOA,CH4,2035,0.0
RE1,MINCOA,CO2EQ,2020,36425.533
RE1,MINCOA,CO2EQ,2021,37098.281
RE1,MINCOA,CO2EQ,2022,38197.674
RE1,MINCOA,CO2EQ,2023,37794.108
RE1,MINCOA,CO2EQ,2024,37391.191
RE1,MINCOA,CO2EQ,2025,37023.319
RE1,MINCOA,CO2EQ,2026,30643.227
RE1,MINCOA,CO2EQ,2027,30759.633
RE1,MINCOA,CO2EQ,2028,30857.365
RE1,MINCOA,CO2EQ,2029,31048.676
RE1,MINCOA,CO2EQ,2030,31294.966
RE1,MINCOA,CO2EQ,2031,31590.914
RE1,MINCOA,CO2EQ,2032,31953.852
RE1,MINCOA,CO2EQ,2033,31953.852
RE1,MINCOA,CO2EQ,2034,31953.852
RE1,MINCOA,CO2EQ,2035,31953.852
RE1,MINGAS,CO2,2020,1022.58
RE1,MINGAS,CO2,2021,1022.58
RE1,MINGAS,CO2,2022,1022.58
RE1,MINGAS,CO2,2023,1022.58
RE1,MINGAS,CO2,2024,1022.58
RE1,MINGAS,CO2,2025,1022.58
RE1,MINGAS,CO2,2026,1958.8376
RE1,MINGAS,CO2,2027,1997.0509
RE1,MINGAS,CO2,2028,1997.0509
RE1,MINGAS,CO2,2029,1997.0509
RE1,MINGAS,CO2,2030,1997.0509
RE1,MINGAS,CO2,2031,1997.0509
RE1,MINGAS,CO2,2032,2022.6148
RE1,MINGAS,CO2,2033,2260.187
RE1,MINGAS,CO2,2034,2544.9151
RE1,MINGAS,CO2,2035,2854.1446
RE1,MINGAS,N2O,2020,0.0
RE1,MINGAS,N2O,2021,0.0
RE1,MINGAS,N2O,2022,0.0
RE1,MINGAS,N2O,2023,0.0
RE1,MINGAS,N2O,2024,0.0
RE1,MINGAS,N2O,2025,0.0
RE1,MINGAS,N2O,2026,0.0
RE1,MINGAS,N2O,2027,0.0
RE1,MINGAS,N2O,2028,0.0
RE1,MINGAS,N2O,2029,0.0
RE1,MINGAS,N2O,2030,0.0
RE1,MINGAS,N2O,2031,0.0
RE1,MINGAS,N2O,2032,0.0
RE1,MINGAS,N2O,2033,0.0
RE1,MINGAS,N2O,2034,0.0
RE1,MINGAS,N2O,2035,0.0
RE1,MINGAS,CH4,2020,0.0
RE1,MINGAS,CH4,2021,0.0
RE1,MINGAS,CH4,2022,0.0
RE1,MINGAS,CH4,2023,0.0
RE1,MINGAS,CH4,2024,0.0
RE1,MINGAS,CH4,2025,0.0
RE1,MINGAS,CH4,2026,0.0
RE1,MINGAS,CH4,2027,0.0
RE1,MINGAS,CH4,2028,0.0
RE1,MINGAS,CH4,2029,0.0
RE1,MINGAS,CH4,2030,0.0
RE1,MINGAS,CH4,2031,0.0
RE1,MINGAS,CH4,2032,0.0
RE1,MINGAS,CH4,2033,0.0
RE1,MINGAS,CH4,2034,0.0
RE1,MINGAS,CH4,2035,0.0
RE1,MINGAS,CO2EQ,2020,1024.4028
RE1,MINGAS,CO2EQ,2021,1024.4028
RE1,MINGAS,CO2EQ,2022,1024.4028
RE1,MINGAS,CO2EQ,2023,1024.4028
RE1,MINGAS,CO2EQ,2024,1024.4028
RE1,MINGAS,CO2EQ,2025,1024.4028
RE1,MINGAS,CO2EQ,2026,1962.3293
RE1,MINGAS,CO2EQ,2027,2000.6107
RE1,MINGAS,CO2EQ,2028,2000.6107
RE1,MINGAS,CO2EQ,2029,2000.6107
RE1,MINGAS,CO2EQ,2030,2000.6107
RE1,MINGAS,CO2EQ,2031,2000.6107
RE1,MINGAS,CO2EQ,2032,2026.2202
RE1,MINGAS,CO2EQ,2033,2264.2158
RE1,MINGAS,CO2EQ,2034,2549.4515
RE1,MINGAS,CO2EQ,2035,2859.2322
RE1,PWRCOA,CO2,2020,0.0
RE1,PWRCOA,CO2,2021,0.0
RE1,PWRCOA,CO2,2022,0.0
RE1,PWRCOA,CO2,2023,0.0
RE1,PWRCOA,CO2,2024,0.0
RE1,PWRCOA,CO2,2025,0.0
RE1,PWRCOA,CO2,2026,0.0
RE1,PWRCOA,CO2,2027,0.0
RE1,PWRCOA,CO2,2028,0.0
RE1,PWRCOA,CO2,2029,0.0
RE1,PWRCOA,CO2,2030,0.0
RE1,PWRCOA,CO2,2031,0.0
RE1,PWRCOA,CO2,2032,0.0
RE1,PWRCOA,CO2,2033,0.0
RE1,PWRCOA,CO2,2034,0.0
RE1,PWRCOA,CO2,2035,0.0
RE1,PWRCOA,N2O,2020,0.0
RE1,PWRCOA,N2O,2021,0.0
RE1,PWRCOA,N2O,2022,0.0
RE1,PWRCOA,N2O,2023,0.0
RE1,PWRCOA,N2O,2024,0.0
RE1,PWRCOA,N2O,2025,0.0
RE1,PWRCOA,N2O,2026,0.0
RE1,PWRCOA,N2O,2027,0.0
RE1,PWRCOA,N2O,2028,0.0
RE1,PWRCOA,N2O,2029,0.0
RE1,PWRCOA,N2O,2030,0.0
RE1,PWRCOA,N2O,2031,0.0
RE1,PWRCOA,N2O,2032,0.0
RE1,PWRCOA,N2O,2033,0.0
RE1,PWRCOA,N2O,2034,0.0
RE1,PWRCOA,N2O,2035,0.0
RE1,PWRCOA,CH4,2020,0.0
RE1,PWRCOA,CH4,2021,0.0
RE1,PWRCOA,CH4,2022,0.0
RE1,PWRCOA,CH4,2023,0.0
RE1,PWRCOA,CH4,2024,0.0
RE1,PWRCOA,CH4,2025,0.0
RE1,PWRCOA,CH4,2026,0.0
RE1,PWRCOA,CH4,2027,0.0
RE1,PWRCOA,CH4,2028,0.0
RE1,PWRCOA,CH4,2029,0.0
RE1,PWRCOA,CH4,2030,0.0
RE1,PWRCOA,CH4,2031,0.0
RE1,PWRCOA,CH4,2032,0.0
RE1,PWRCOA,CH4,2033,0.0
RE1,PWRCOA,CH4,2034,0.0
RE1,PWRCOA,CH4,2035,0.0
RE1,PWRCOA,CO2EQ,2020,0.0
RE1,PWRCOA,CO2EQ,2021,0.0
RE1,PWRCOA,CO2EQ,2022,0.0
RE1,PWRCOA,CO2EQ,2023,0.0
RE1,PWRCOA,CO2EQ,2024,0.0
RE1,PWRCOA,CO2EQ,2025,0.0
RE1,PWRCOA,CO2EQ,2026,0.0
RE1,PWRCOA,CO2EQ,2027,0.0
RE1,PWRCOA,CO2EQ,2028,0.0
RE1,PWRCOA,CO2EQ,2029,0.0
RE1,PWRCOA,CO2EQ,2030,0.0
RE1,PWRCOA,CO2EQ,2031,0.0
RE1,PWRCOA,CO2EQ,2032,0.0
RE1,PWRCOA,CO2EQ,2033,0.0
RE1,PWRCOA,CO2EQ,2034,0.0
RE1,PWRCOA,CO2EQ,2035,0.0
RE1,PWRGAS,CO2,2020,0.0
RE1,PWRGAS,CO2,2021,0.0
RE1,PWRGAS,CO2,2022,0.0
RE1,PWRGAS,CO2,2023,0.0
RE1,PWRGAS,CO2,2024,0.0
RE1,PWRGAS,CO2,2025,0.0
RE1,PWRGAS,CO2,2026,0.0
RE1,PWRGAS,CO2,2027,0.0
RE1,PWRGAS,CO2,2028,0.0
RE1,PWRGAS,CO2,2029,0.0
RE1,PWRGAS,CO2,2030,0.0
RE1,PWRGAS,CO2,2031,0.0
RE1,PWRGAS,CO2,2032,0.0
RE1,PWRGAS,CO2,2033,0.0
RE1,PWRGAS,CO2,2034,0.0
RE1,PWRGAS,CO2,2035,0.0
RE1,PWRGAS,N2O,2020,0.0
RE1,PWRGAS,N2O,2021,0.0
RE1,PWRGAS,N2O,2022,0.0
RE1,PWRGAS,N2O,2023,0.0
RE1,PWRGAS,N2O,2024,0.0
RE1,PWRGAS,N2O,2025,0.0
RE1,PWRGAS,N2O,2026,0.0
RE1,PWRGAS,N2O,2027,0.0
RE1,PWRGAS,N2O,2028,0.0
RE1,PWRGAS,N2O,2029,0.0
RE1,PWRGAS,N2O,2030,0.0
RE1,PWRGAS,N2O,2031,0.0
RE1,PWRGAS,N2O,2032,0.0
RE1,PWRGAS,N2O,2033,0.0
RE1,PWRGAS,N2O,2034,0.0
RE1,PWRGAS,N2O,2035,0.0
RE1,PWRGAS,CH4,2020,0.0
RE1,PWRGAS,CH4,2021,0.0
RE1,PWRGAS,CH4,2022,0.0
RE1,PWRGAS,CH4,2023,0.0
RE1,PWRGAS,CH4,2024,0.0
RE1,PWRGAS,CH4,2025,0.0
RE1,PWRGAS,CH4,2026,0.0
RE1,PWRGAS,CH4,2027,0.0
RE1,PWRGAS,CH4,2028,0.0
RE1,PWRGAS,CH4,2029,0.0
RE1,PWRGAS,CH4,2030,0.0
RE1,PWRGAS,CH4,2031,0.0
RE1,PWRGAS,CH4,2032,0.0
RE1,PWRGAS,CH4,2033,0.0
RE1,PWRGAS,CH4,2034,0.0
RE1,PWRGAS,CH4,2035,0.0
RE1,PWRGAS,CO2EQ,2020,0.0
RE1,PWRGAS,CO2EQ,2021,0.0
RE1,PWRGAS,CO2EQ,2022,0.0
RE1,PWRGAS,CO2EQ,2023,0.0
RE1,PWRGAS,CO2EQ,2024,0.0
RE1,PWRGAS,CO2EQ,2025,0.0
RE1,PWRGAS,CO2EQ,2026,0.0
RE1,PWRGAS,CO2EQ,2027,0.0
RE1,PWRGAS,CO2EQ,2028,0.0
RE1,PWRGAS,CO2EQ,2029,0.0
RE1,PWRGAS,CO2EQ,2030,0.0
RE1,PWRGAS,CO2EQ,2031,0.0
RE1,PWRGAS,CO2EQ,2032,0.0
RE1,PWRGAS,CO2EQ,2033,0.0
RE1,PWRGAS,CO2EQ,2034,0.0
RE1,PWRGAS,CO2EQ,2035,0.0
RE1,PWRTRN,CO2,2020,0.0
RE1,PWRTRN,CO2,2021,0.0
RE1,PWRTRN,CO2,2022,0.0
RE1,PWRTRN,CO2,2023,0.0
RE1,PWRTRN,CO2,2024,0.0
RE1,PWRTRN,CO2,2025,0.0
RE1,PWRTRN,CO2,2026,0.0
RE1,PWRTRN,CO2,2027,0.0
RE1,PWRTRN,CO2,2028,0.0
RE1,PWRTRN,CO2,2029,0.0
RE1,PWRTRN,CO2,2030,0.0
RE1,PWRTRN,CO2,2031,0.0
RE1,PWRTRN,CO2,2032,0.0
RE1,PWRTRN,CO2,2033,0.0
RE1,PWRTRN,CO2,2034,0.0
RE1,PWRTRN,CO2,2035,0.0
RE1,PWRTRN,N2O,2020,0.0
RE1,PWRTRN,N2O,2021,0.0
RE1,PWRTRN,N2O,2022,0.0
RE1,PWRTRN,N2O,2023,0.0
RE1,PWRTRN,N2O,2024,0.0
RE1,PWRTRN,N2O,2025,0.0
RE1,PWRTRN,N2O,2026,0.0
RE1,PWRTRN,N2O,2027,0.0
RE1,PWRTRN,N2O,2028,0.0
RE1,PWRTRN,N2O,2029,0.0
RE1,PWRTRN,N2O,2030,0.0
RE1,PWRTRN,N2O,2031,0.0
RE1,PWRTRN,N2O,2032,0.0
RE1,PWRTRN,N2O,2033,0.0
RE1,PWRTRN,N2O,2034,0.0
RE1,PWRTRN,N2O,2035,0.0
RE1,PWRTRN,CH4,2020,0.0
RE1,PWRTRN,CH4,2021,0.0
RE1,PWRTRN,CH4,2022,0.0
RE1,PWRTRN,CH4,2023,0.0
RE1,PWRTRN,CH4,2024,0.0
RE1,PWRTRN,CH4,2025,0.0
RE1,PWRTRN,CH4,2026,0.0
RE1,PWRTRN,CH4,2027,0.0
RE1,PWRTRN,CH4,2028,0.0
RE1,PWRTRN,CH4,2029,0.0
RE1,PWRTRN,CH4,2030,0.0
RE1,PWRTRN,CH4,2031,0.0
RE1,PWRTRN,CH4,2032,0.0
RE1,PWRTRN,CH4,2033,0.0
RE1,PWRTRN,CH4,2034,0.0
RE1,PWRTRN,CH4,2035,0.0
RE1,PWRTRN,CO2EQ,2020,0.0
RE1,PWRTRN,CO2EQ,2021,0.0
RE1,PWRTRN,CO2EQ,2022,0.0
RE1,PWRTRN,CO2EQ,2023,0.0
RE1,PWRTRN,CO2EQ,2024,0.0
RE1,PWRTRN,CO2EQ,2025,0.0
RE1,PWRTRN,CO2EQ,2026,0.0
RE1,PWRTRN,CO2EQ,2027,0.0
RE1,PWRTRN,CO2EQ,2028,0.0
RE1,PWRTRN,CO2EQ,2029,0.0
RE1,PWRTRN,CO2EQ,2030,0.0
RE1,PWRTRN,CO2EQ,2031,0.0
RE1,PWRTRN,CO2EQ,2032,0.0
RE1,PWRTRN,CO2EQ,2033,0.0
RE1,PWRTRN,CO2EQ,2034,0.0
RE1,PWRTRN,CO2EQ,2035,0.0
RE1,RSCWND,CO2,2020,0.0
RE1,RSCWND,CO2,2021,0.0
RE1,RSCWND,CO2,2022,0.0
RE1,RSCWND,CO2,2023,0.0
RE1,RSCWND,CO2,2024,0.0
RE1,RSCWND,CO2,2025,0.0
RE1,RSCWND,CO2,2026,0.0
RE1,RSCWND,CO2,2027,0.0
RE1,RSCWND,CO2,2028,0.0
RE1,RSCWND,CO2,2029,0.0
RE1,RSCWND,CO2,2030,0.0
RE1,RSCWND,CO2,2031,0.0
RE1,RSCWND,CO2,2032,0.0
RE1,RSCWND,CO2,2033,0.0
RE1,RSCWND,CO2,2034,0.0
RE1,RSCWND,CO2,2035,0.0
RE1,RSCWND,N2O,2020,0.0
RE1,RSCWND,N2O,2021,0.0
RE1,RSCWND,N2O,2022,0.0
RE1,RSCWND,N2O,2023,0.0
RE1,RSCWND,N2O,2024,0.0
RE1,RSCWND,N2O,2025,0.0
RE1,RSCWND,N2O,2026,0.0
RE1,RSCWND,N2O,2027,0.0
RE1,RSCWND,N2O,2028,0.0
RE1,RSCWND,N2O,2029,0.0
RE1,RSCWND,N2O,2030,0.0
RE1,RSCWND,N2O,2031,0.0
RE1,RSCWND,N2O,2032,0.0
RE1,RSCWND,N2O,2033,0.0
RE1,RSCWND,N2O,2034,0.0
RE1,RSCWND,N2O,2035,0.0
RE1,RSCWND,CH4,2020,0.0
RE1,RSCWND,CH4,2021,0.0
RE1,RSCWND,CH4,2022,0.0
RE1,RSCWND,CH4,2023,0.0
RE1,RSCWND,CH4,2024,0.0
RE1,RSCWND,CH4,2025,0.0
RE1,RSCWND,CH4,2026,0.0
RE1,RSCWND,CH4,2027,0.0
RE1,RSCWND,CH4,2028,0.0
RE1,RSCWND,CH4,2029,0.0
RE1,RSCWND,CH4,2030,0.0
RE1,RSCWND,CH4,2031,0.0
RE1,RSCWND,CH4,2032,0.0
RE1,RSCWND,CH4,2033,0.0
RE1,RSCWND,CH4,2034,0.0
RE1,RSCWND,CH4,2035,0.0
RE1,RSCWND,CO2EQ,2020,0.0
RE1,RSCWND,CO2EQ,2021,0.0
RE1,RSCWND,CO2EQ,2022,0.0
RE1,RSCWND,CO2EQ,2023,0.0
RE1,RSCWND,CO2EQ,2024,0.0
RE1,RSCWND,CO2EQ,2025,0.0
RE1,RSCWND,CO2EQ,2026,0.0
RE1,RSCWND,CO2EQ,2027,0.0
RE1,RSCWND,CO2EQ,2028,0.0
RE1,RSCWND,CO2EQ,2029,0.0
RE1,RSCWND,CO2EQ,2030,0.0
RE1,RSCWND,CO2EQ,2031,0.0
RE1,RSCWND,CO2EQ,2032,0.0
RE1,RSCWND,CO2EQ,2033,0.0
RE1,RSCWND,CO2EQ,2034,0.0
RE1,RSCWND,CO2EQ,2035,0.0
RE1,RSCSOL,CO2,2020,0.0
RE1,RSCSOL,CO2,2021,0.0
RE1,RSCSOL,CO2,2022,0.0
RE1,RSCSOL,CO2,2023,0.0
RE1,RSCSOL,CO2,2024,0.0
RE1,RSCSOL,CO2,2025,0.0
RE1,RSCSOL,CO2,2026,0.0
RE1,RSCSOL,CO2,2027,0.0
RE1,RSCSOL,CO2,2028,0.0
RE1,RSCSOL,CO2,2029,0.0
RE1,RSCSOL,CO2,2030,0.0
RE1,RSCSOL,CO2,2031,0.0
RE1,RSCSOL,CO2,2032,0.0
RE1,RSCSOL,CO2,2033,0.0
RE1,RSCSOL,CO2,2034,0.0
RE1,RSCSOL,CO2,2035,0.0
RE1,RSCSOL,N2O,2020,0.0
RE1,RSCSOL,N2O,2021,0.0
RE1,RSCSOL,N2O,2022,0.0
RE1,RSCSOL,N2O,2023,0.0
RE1,RSCSOL,N2O,2024,0.0
RE1,RSCSOL,N2O,2025,0.0
RE1,RSCSOL,N2O,2026,0.0
RE1,RSCSOL,N2O,2027,0.0
RE1,RSCSOL,N2O,2028,0.0
RE1,RSCSOL,N2O,2029,0.0
RE1,RSCSOL,N2O,2030,0.0
RE1,RSCSOL,N2O,2031,0.0
RE1,RSCSOL,N2O,2032,0.0
RE1,RSCSOL,N2O,2033,0.0
RE1,RSCSOL,N2O,2034,0.0
RE1,RSCSOL,N2O,2035,0.0
RE1,RSCSOL,CH4,2020,0.0
RE1,RSCSOL,CH4,2021,0.0
RE1,RSCSOL,CH4,2022,0.0
RE1,RSCSOL,CH4,2023,0.0
RE1,RSCSOL,CH4,2024,0.0
RE1,RSCSOL,CH4,2025,0.0
RE1,RSCSOL,CH4,2026,0.0
RE1,RSCSOL,CH4,2027,0.0
RE1,RSCSOL,CH4,2028,0.0
RE1,RSCSOL,CH4,2029,0.0
RE1,RSCSOL,CH4,2030,0.0
RE1,RSCSOL,CH4,2031,0.0
RE1,RSCSOL,CH4,2032,0.0
RE1,RSCSOL,CH4,2033,0.0
RE1,RSCSOL,CH4,2034,0.0
RE1,RSCSOL,CH4,2035,0.0
RE1,RSCSOL,CO2EQ,2020,0.0
RE1,RSCSOL,CO2EQ,2021,0.0
RE1,RSCSOL,CO2EQ,2022,0.0
RE1,RSCSOL,CO2EQ,2023,0.0
RE1,RSCSOL,CO2EQ,2024,0.0
RE1,RSCSOL,CO2EQ,2025,0.0
RE1,RSCSOL,CO2EQ,2026,0.0
RE1,RSCSOL,CO2EQ,2027,0.0
RE1,RSCSOL,CO2EQ,2028,0.0
RE1,RSCSOL,CO2EQ,2029,0.0
RE1,RSCSOL,CO2EQ,2030,0.0
RE1,RSCSOL,CO2EQ,2031,0.0
RE1,RSCSOL,CO2EQ,2032,0.0
RE1,RSCSOL,CO2EQ,2033,0.0
RE1,RSCSOL,CO2EQ,2034,0.0
RE1,RSCSOL,CO2EQ,2035,0.0
RE1,RSCHYD,CO2,2020,0.0
RE1,RSCHYD,CO2,2021,0.0
RE1,RSCHYD,CO2,2022,0.0
RE1,RSCHYD,CO2,2023,0.0
RE1,RSCHYD,CO2,2024,0.0
RE1,RSCHYD,CO2,2025,0.0
RE1,RSCHYD,CO2,2026,0.0
RE1,RSCHYD,CO2,2027,0.0
RE1,RSCHYD,CO2,2028,0.0
RE1,RSCHYD,CO2,2029,0.0
RE1,RSCHYD,CO2,2030,0.0
RE1,RSCHYD,CO2,2031,0.0
RE1,RSCHYD,CO2,2032,0.0
RE1,RSCHYD,CO2,2033,0.0
RE1,RSCHYD,CO2,2034,0.0
RE1,RSCHYD,CO2,2035,0.0
RE1,RSCHYD,N2O,2020,0.0
RE1,RSCHYD,N2O,2021,0.0
RE1,RSCHYD,N2O,2022,0.0
RE1,RSCHYD,N2O,2023,0.0
RE1,RSCHYD,N2O,2024,0.0
RE1,RSCHYD,N2O,2025,0.0
RE1,RSCHYD,N2O,2026,0.0
RE1,RSCHYD,N2O,2027,0.0
RE1,RSCHYD,N2O,2028,0.0
RE1,RSCHYD,N2O,2029,0.0
RE1,RSCHYD,N2O,2030,0.0
RE1,RSCHYD,N2O,2031,0.0
RE1,RSCHYD,N2O,2032,0.0
RE1,RSCHYD,N2O,2033,0.0
RE1,RSCHYD,N2O,2034,0.0
RE1,RSCHYD,N2O,2035,0.0
RE1,RSCHYD,CH4,2020,0.0
RE1,RSCHYD,CH4,2021,0.0
RE1,RSCHYD,CH4,2022,0.0
RE1,RSCHYD,CH4,2023,0.0
RE1,RSCHYD,CH4,2024,0.0
RE1,RSCHYD,CH4,2025,0.0
RE1,RSCHYD,CH4,2026,0.0
RE1,RSCHYD,CH4,2027,0.0
RE1,RSCHYD,CH4,2028,0.0
RE1,RSCHYD,CH4,2029,0.0
RE1,RSCHYD,CH4,2030,0.0
RE1,RSCHYD,CH4,2031,0.0
RE1,RSCHYD,CH4,2032,0.0
RE1,RSCHYD,CH4,2033,0.0
RE1,RSCHYD,CH4,2034,0.0
RE1,RSCHYD,CH4,2035,0.0
RE1,RSCHYD,CO2EQ,2020,0.0
RE1,RSCHYD,CO2EQ,2021,0.0
RE1,RSCHYD,CO2EQ,2022,0.0
RE1,RSCHYD,CO2EQ,2023,0.0
RE1,RSCHYD,CO2EQ,2024,0.0
RE1,RSCHYD,CO2EQ,2025,0.0
RE1,RSCHYD,CO2EQ,2026,0.0
RE1,RSCHYD,CO2EQ,2027,0.0
RE1,RSCHYD,CO2EQ,2028,0.0
RE1,RSCHYD,CO2EQ,2029,0.0
RE1,RSCHYD,CO2EQ,2030,0.0
RE1,RSCHYD,CO2EQ,2031,0.0
RE1,RSCHYD,CO2EQ,2032,0.0
RE1,RSCHYD,CO2EQ,2033,0.0
RE1,RSCHYD,CO2EQ,2034,0.0
RE1,RSCHYD,CO2EQ,2035,0.0
RE1,PWRWND,CO2,2020,0.0
RE1,PWRWND,CO2,2021,0.0
RE1,PWRWND,CO2,2022,0.0
RE1,PWRWND,CO2,2023,0.0
RE1,PWRWND,CO2,2024,0.0
RE1,PWRWND,CO2,2025,0.0
RE1,PWRWND,CO2,2026,0.0
RE1,PWRWND,CO2,2027,0.0
RE1,PWRWND,CO2,2028,0.0
RE1,PWRWND,CO2,2029,0.0
RE1,PWRWND,CO2,2030,0.0
RE1,PWRWND,CO2,2031,0.0
RE1,PWRWND,CO2,2032,0.0
RE1,PWRWND,CO2,2033,0.0
RE1,PWRWND,CO2,2034,0.0
RE1,PWRWND,CO2,2035,0.0
RE1,PWRWND,N2O,2020,0.0
RE1,PWRWND,N2O,2021,0.0
RE1,PWRWND,N2O,2022,0.0
RE1,PWRWND,N2O,2023,0.0
RE1,PWRWND,N2O,2024,0.0
RE1,PWRWND,N2O,2025,0.0
RE1,PWRWND,N2O,2026,0.0
RE1,PWRWND,N2O,2027,0.0
RE1,PWRWND,N2O,2028,0.0
RE1,PWRWND,N2O,2029,0.0
RE1,PWRWND,N2O,2030,0.0
RE1,PWRWND,N2O,2031,0.0
RE1,PWRWND,N2O,2032,0.0
RE1,PWRWND,N2O,2033,0.0
RE1,PWRWND,N2O,2034,0.0
RE1,PWRWND,N2O,2035,0.0
RE1,PWRWND,CH4,2020,0.0
RE1,PWRWND,CH4,2021,0.0
RE1,PWRWND,CH4,2022,0.0
RE1,PWRWND,CH4,2023,0.0
RE1,PWRWND,CH4,2024,0.0
RE1,PWRWND,CH4,2025,0.0
RE1,PWRWND,CH4,2026,0.0
RE1,PWRWND,CH4,2027,0.0
RE1,PWRWND,CH4,2028,0.0
RE1,PWRWND,CH4,2029,0.0
RE1,PWRWND,CH4,2030,0.0
RE1,PWRWND,CH4,2031,0.0
RE1,PWRWND,CH4,2032,0.0
RE1,PWRWND,CH4,2033,0.0
RE1,PWRWND,CH4,2034,0.0
RE1,PWRWND,CH4,2035,0.0
RE1,PWRWND,CO2EQ,2020,0.0
RE1,PWRWND,CO2EQ,2021,0.0
RE1,PWRWND,CO2EQ,2022,0.0
RE1,PWRWND,CO2EQ,2023,0.0
RE1,PWRWND,CO2EQ,2024,0.0
RE1,PWRWND,CO2EQ,2025,0.0
RE1,PWRWND,CO2EQ,2026,0.0
RE1,PWRWND,CO2EQ,2027,0.0
RE1,PWRWND,CO2EQ,2028,0.0
RE1,PWRWND,CO2EQ,2029,0.0
RE1,PWRWND,CO2EQ,2030,0.0
RE1,PWRWND,CO2EQ,2031,0.0
RE1,PWRWND,CO2EQ,2032,0.0
RE1,PWRWND,CO2EQ,2033,0.0
RE1,PWRWND,CO2EQ,2034,0.0
RE1,PWRWND,CO2EQ,2035,0.0
RE1,PWRSOL,CO2,2020,0.0
RE1,PWRSOL,CO2,2021,0.0
RE1,PWRSOL,CO2,2022,0.0
RE1,PWRSOL,CO2,2023,0.0
RE1,PWRSOL,CO2,2024,0.0
RE1,PWRSOL,CO2,2025,0.0
RE1,PWRSOL,CO2,2026,0.0
RE1,PWRSOL,CO2,2027,0.0
RE1,PWRSOL,CO2,2028,0.0
RE1,PWRSOL,CO2,2029,0.0
RE1,PWRSOL,CO2,2030,0.0
RE1,PWRSOL,CO2,2031,0.0
RE1,PWRSOL,CO2,2032,0.0
RE1,PWRSOL,CO2,2033,0.0
RE1,PWRSOL,CO2,2034,0.0
RE1,PWRSOL,CO2,2035,0.0
RE1,PWRSOL,N2O,2020,0.0
RE1,PWRSOL,N2O,2021,0.0
RE1,PWRSOL,N2O,2022,0.0
RE1,PWRSOL,N2O,2023,0.0
RE1,PWRSOL,N2O,2024,0.0
RE1,PWRSOL,N2O,2025,0.0
RE1,PWRSOL,N2O,2026,0.0
RE1,PWRSOL,N2O,2027,0.0
RE1,PWRSOL,N2O,2028,0.0
RE1,PWRSOL,N2O,2029,0.0
RE1,PWRSOL,N2O,2030,0.0
RE1,PWRSOL,N2O,2031,0.0
RE1,PWRSOL,N2O,2032,0.0
RE1,PWRSOL,N2O,2033,0.0
RE1,PWRSOL,N2O,2034,0.0
RE1,PWRSOL,N2O,2035,0.0
RE1,PWRSOL,CH4,2020,0.0
RE1,PWRSOL,CH4,2021,0.0
RE1,PWRSOL,CH4,2022,0.0
RE1,PWRSOL,CH4,2023,0.0
RE1,PWRSOL,CH4,2024,0.0
RE1,PWRSOL,CH4,2025,0.0
RE1,PWRSOL,CH4,2026,0.0
RE1,PWRSOL,CH4,2027,0.0
RE1,PWRSOL,CH4,2028,0.0
RE1,PWRSOL,CH4,2029,0.0
RE1,PWRSOL,CH4,2030,0.0
RE1,PWRSOL,CH4,2031,0.0
RE1,PWRSOL,CH4,2032,0.0
RE1,PWRSOL,CH4,2033,0.0
RE1,PWRSOL,CH4,2034,0.0
RE1,PWRSOL,CH4,2035,0.0
RE1,PWRSOL,CO2EQ,2020,0.0
RE1,PWRSOL,CO2EQ,2021,0.0
RE1,PWRSOL,CO2EQ,2022,0.0
RE1,PWRSOL,CO2EQ,2023,0.0
RE1,PWRSOL,CO2EQ,2024,0.0
RE1,PWRSOL,CO2EQ,2025,0.0
RE1,PWRSOL,CO2EQ,2026,0.0
RE1,PWRSOL,CO2EQ,2027,0.0
RE1,PWRSOL,CO2EQ,2028,0.0
RE1,PWRSOL,CO2EQ,2029,0.0
RE1,PWRSOL,CO2EQ,2030,0.0
RE1,PWRSOL,CO2EQ,2031,0.0
RE1,PWRSOL,CO2EQ,2032,0.0
RE1,PWRSOL,CO2EQ,2033,0.0
RE1,PWRSOL,CO2EQ,2034,0.0
RE1,PWRSOL,CO2EQ,2035,0.0
RE1,PWRHYD,CO2,2020,0.0
RE1,PWRHYD,CO2,2021,0.0
RE1,PWRHYD,CO2,2022,0.0
RE1,PWRHYD,CO2,2023,0.0
RE1,PWRHYD,CO2,2024,0.0
RE1,PWRHYD,CO2,2025,0.0
RE1,PWRHYD,CO2,2026,0.0
RE1,PWRHYD,CO2,2027,0.0
RE1,PWRHYD,CO2,2028,0.0
RE1,PWRHYD,CO2,2029,0.0
RE1,PWRHYD,CO2,2030,0.0
RE1,PWRHYD,CO2,2031,0.0
RE1,PWRHYD,CO2,2032,0.0
RE1,PWRHYD,CO2,2033,0.0
RE1,PWRHYD,CO2,2034,0.0
RE1,PWRHYD,CO2,2035,0.0
RE1,PWRHYD,N2O,2020,0.0
RE1,PWRHYD,N2O,2021,0.0
RE1,PWRHYD,N2O,2022,0.0
RE1,PWRHYD,N2O,2023,0.0
RE1,PWRHYD,N2O,2024,0.0
RE1,PWRHYD,N2O,2025,0.0
RE1,PWRHYD,N2O,2026,0.0
RE1,PWRHYD,N2O,2027,0.0
RE1,PWRHYD,N2O,2028,0.0
RE1,PWRHYD,N2O,2029,0.0
RE1,PWRHYD,N2O,2030,0.0
RE1,PWRHYD,N2O,2031,0.0
RE1,PWRHYD,N2O,2032,0.0
RE1,PWRHYD,N2O,2033,0.0
RE1,PWRHYD,N2O,2034,0.0
RE1,PWRHYD,N2O,2035,0.0
RE1,PWRHYD,CH4,2020,0.0
RE1,PWRHYD,CH4,2021,0.0
RE1,PWRHYD,CH4,2022,0.0
RE1,PWRHYD,CH4,2023,0.0
RE1,PWRHYD,CH4,2024,0.0
RE1,PWRHYD,CH4,2025,0.0
RE1,PWRHYD,CH4,2026,0.0
RE1,PWRHYD,CH4,2027,0.0
RE1,PWRHYD,CH4,2028,0.0
RE1,PWRHYD,CH4,2029,0.0
RE1,PWRHYD,CH4,2030,0.0
RE1,PWRHYD,CH4,2031,0.0
RE1,PWRHYD,CH4,2032,0.0
RE1,PWRHYD,CH4,2033,0.0
RE1,PWRHYD,CH4,2034,0.0
RE1,PWRHYD,CH4,2035,0.0
RE1,PWRHYD,CO2EQ,2020,0.0
RE1,PWRHYD,CO2EQ,2021,0.0
RE1,PWRHYD,CO2EQ,2022,0.0
RE1,PWRHYD,CO2EQ,2023,0.0
RE1,PWRHYD,CO2EQ,2024,0.0
RE1,PWRHYD,CO2EQ,2025,0.0
RE1,PWRHYD,CO2EQ,2026,0.0
RE1,PWRHYD,CO2EQ,2027,0.0
RE1,PWRHYD,CO2EQ,2028,0.0
RE1,PWRHYD,CO2EQ,2029,0.0
RE1,PWRHYD,CO2EQ,2030,0.0
RE1,PWRHYD,CO2EQ,2031,0.0
RE1,PWRHYD,CO2EQ,2032,0.0
RE1,PWRHYD,CO2EQ,2033,0.0
RE1,PWRHYD,CO2EQ,2034,0.0
RE1,PWRHYD,CO2EQ,2035,0.0
RE1,RSCLND,CO2,2020,0.0
RE1,RSCLND,CO2,2021,0.0
RE1,RSCLND,CO2,2022,0.0
RE1,RSCLND,CO2,2023,0.0
RE1,RSCLND,CO2,2024,0.0
RE1,RSCLND,CO2,2025,0.0
RE1,RSCLND,CO2,2026,0.0
RE1,RSCLND,CO2,2027,0.0
RE1,RSCLND,CO2,2028,0.0
RE1,RSCLND,CO2,2029,0.0
RE1,RSCLND,CO2,2030,0.0
RE1,RSCLND,CO2,2031,0.0
RE1,RSCLND,CO2,2032,0.0
RE1,RSCLND,CO2,2033,0.0
RE1,RSCLND,CO2,2034,0.0
RE1,RSCLND,CO2,2035,0.0
RE1,RSCLND,N2O,2020,0.0
RE1,RSCLND,N2O,2021,0.0
RE1,RSCLND,N2O,2022,0.0
RE1,RSCLND,N2O,2023,0.0
RE1,RSCLND,N2O,2024,0.0
RE1,RSCLND,N2O,2025,0.0
RE1,RSCLND,N2O,2026,0.0
RE1,RSCLND,N2O,2027,0.0
RE1,RSCLND,N2O,2028,0.0
RE1,RSCLND,N2O,2029,0.0
RE1,RSCLND,N2O,2030,0.0
RE1,RSCLND,N2O,2031,0.0
RE1,RSCLND,N2O,2032,0.0
RE1,RSCLND,N2O,2033,0.0
RE1,RSCLND,N2O,2034,0.0
RE1,RSCLND,N2O,2035,0.0
RE1,RSCLND,CH4,2020,0.0
RE1,RSCLND,CH4,2021,0.0
RE1,RSCLND,CH4,2022,0.0
RE1,RSCLND,CH4,2023,0.0
RE1,RSCLND,CH4,2024,0.0
RE1,RSCLND,CH4,2025,0.0
RE1,RSCLND,CH4,2026,0.0
RE1,RSCLND,CH4,2027,0.0
RE1,RSCLND,CH4,2028,0.0
RE1,RSCLND,CH4,2029,0.0
RE1,RSCLND,CH4,2030,0.0
RE1,RSCLND,CH4,2031,0.0
RE1,RSCLND,CH4,2032,0.0
RE1,RSCLND,CH4,2033,0.0
RE1,RSCLND,CH4,2034,0.0
RE1,RSCLND,CH4,2035,0.0
RE1,RSCLND,CO2EQ,2020,0.0
RE1,RSCLND,CO2EQ,2021,0.0
RE1,RSCLND,CO2EQ,2022,0.0
RE1,RSCLND,CO2EQ,2023,0.0
RE1,RSCLND,CO2EQ,2024,0.0
RE1,RSCLND,CO2EQ,2025,0.0
RE1,RSCLND,CO2EQ,2026,0.0
RE1,RSCLND,CO2EQ,2027,0.0
RE1,RSCLND,CO2EQ,2028,0.0
RE1,RSCLND,CO2EQ,2029,0.0
RE1,RSCLND,CO2EQ,2030,0.0
RE1,RSCLND,CO2EQ,2031,0.0
RE1,RSCLND,CO2EQ,2032,0.0
RE1,RSCLND,CO2EQ,2033,0.0
RE1,RSCLND,CO2EQ,2034,0.0
RE1,RSCLND,CO2EQ,2035,0.0
RE1,LNDMAIRNF,CO2,2020,0.0
RE1,LNDMAIRNF,CO2,2021,0.0
RE1,LNDMAIRNF,CO2,2022,0.0
RE1,LNDMAIRNF,CO2,2023,0.0
RE1,LNDMAIRNF,CO2,2024,0.0
RE1,LNDMAIRNF,CO2,2025,0.0
RE1,LNDMAIRNF,CO2,2026,0.0
RE1,LNDMAIRNF,CO2,2027,0.0
RE1,LNDMAIRNF,CO2,2028,0.0
RE1,LNDMAIRNF,CO2,2029,0.0
RE1,LNDMAIRNF,CO2,2030,0.0
RE1,LNDMAIRNF,CO2,2031,0.0
RE1,LNDMAIRNF,CO2,2032,0.0
RE1,LNDMAIRNF,CO2,2033,0.0
RE1,LNDMAIRNF,CO2,2034,0.0
RE1,LNDMAIRNF,CO2,2035,0.0
RE1,LNDMAIRNF,N2O,2020,0.817
RE1,LNDMAIRNF,N2O,2021,0.8374
RE1,LNDMAIRNF,N2O,2022,0.8582
RE1,LNDMAIRNF,N2O,2023,0.8782
RE1,LNDMAIRNF,N2O,2024,0.8985
RE1,LNDMAIRNF,N2O,2025,0.9249
RE1,LNDMAIRNF,N2O,2026,0.9447
RE1,LNDMAIRNF,N2O,2027,0.9647
RE1,LNDMAIRNF,N2O,2028,0.9909
RE1,LNDMAIRNF,N2O,2029,1.0167
RE1,LNDMAIRNF,N2O,2030,1.0427
RE1,LNDMAIRNF,N2O,2031,1.0684
RE1,LNDMAIRNF,N2O,2032,1.0938
RE1,LNDMAIRNF,N2O,2033,1.1187
RE1,LNDMAIRNF,N2O,2034,1.1432
RE1,LNDMAIRNF,N2O,2035,1.1679
RE1,LNDMAIRNF,CH4,2020,0.0
RE1,LNDMAIRNF,CH4,2021,0.0
RE1,LNDMAIRNF,CH4,2022,0.0
RE1,LNDMAIRNF,CH4,2023,0.0
RE1,LNDMAIRNF,CH4,2024,0.0
RE1,LNDMAIRNF,CH4,2025,0.0
RE1,LNDMAIRNF,CH4,2026,0.0
RE1,LNDMAIRNF,CH4,2027,0.0
RE1,LNDMAIRNF,CH4,2028,0.0
RE1,LNDMAIRNF,CH4,2029,0.0
RE1,LNDMAIRNF,CH4,2030,0.0
RE1,LNDMAIRNF,CH4,2031,0.0
RE1,LNDMAIRNF,CH4,2032,0.0
RE1,LNDMAIRNF,CH4,2033,0.0
RE1,LNDMAIRNF,CH4,2034,0.0
RE1,LNDMAIRNF,CH4,2035,0.0
RE1,LNDMAIRNF,CO2EQ,2020,416.6682
RE1,LNDMAIRNF,CO2EQ,2021,427.0926
RE1,LNDMAIRNF,CO2EQ,2022,437.7001
RE1,LNDMAIRNF,CO2EQ,2023,447.8848
RE1,LNDMAIRNF,CO2EQ,2024,458.2404
RE1,LNDMAIRNF,CO2EQ,2025,471.7153
RE1,LNDMAIRNF,CO2EQ,2026,481.7934
RE1,LNDMAIRNF,CO2EQ,2027,492.0223
RE1,LNDMAIRNF,CO2EQ,2028,505.349
RE1,LNDMAIRNF,CO2EQ,2029,518.5111
RE1,LNDMAIRNF,CO2EQ,2030,531.8004
RE1,LNDMAIRNF,CO2EQ,2031,544.9082
RE1,LNDMAIRNF,CO2EQ,2032,557.8256
RE1,LNDMAIRNF,CO2EQ,2033,570.5429
RE1,LNDMAIRNF,CO2EQ,2034,583.0502
RE1,LNDMAIRNF,CO2EQ,2035,595.637
RE1,LNDRICRNF,CO2,2020,0.0
RE1,LNDRICRNF,CO2,2021,0.0
RE1,LNDRICRNF,CO2,2022,0.0
RE1,LNDRICRNF,CO2,2023,0.0
RE1,LNDRICRNF,CO2,2024,0.0
RE1,LNDRICRNF,CO2,2025,0.0
RE1,LNDRICRNF,CO2,2026,0.0
RE1,LNDRICRNF,CO2,2027,0.0
RE1,LNDRICRNF,CO2,2028,0.0
RE1,LNDRICRNF,CO2,2029,0.0
RE1,LNDRICRNF,CO2,2030,0.0
RE1,LNDRICRNF,CO2,2031,0.0
RE1,LNDRICRNF,CO2,2032,0.0
RE1,LNDRICRNF,CO2,2033,0.0
RE1,LNDRICRNF,CO2,2034,0.0
RE1,LNDRICRNF,CO2,2035,0.0
RE1,LNDRICRNF,N2O,2020,0.0
RE1,LNDRICRNF,N2O,2021,0.0
RE1,LNDRICRNF,N2O,2022,0.0
RE1,LNDRICRNF,N2O,2023,0.0
RE1,LNDRICRNF,N2O,2024,0.0
RE1,LNDRICRNF,N2O,2025,0.0
RE1,LNDRICRNF,N2O,2026,0.0
RE1,LNDRICRNF,N2O,2027,0.0
RE1,LNDRICRNF,N2O,2028,0.0
RE1,LNDRICRNF,N2O,2029,0.0
RE1,LNDRICRNF,N2O,2030,0.0
RE1,LNDRICRNF,N2O,2031,0.0
RE1,LNDRICRNF,N2O,2032,0.0
RE1,LNDRICRNF,N2O,2033,0.0
RE1,LNDRICRNF,N2O,2034,0.0
RE1,LNDRICRNF,N2O,2035,0.0
RE1,LNDRICRNF,CH4,2020,8.5231
RE1,LNDRICRNF,CH4,2021,8.5264
RE1,LNDRICRNF,CH4,2022,8.5155
RE1,LNDRICRNF,CH4,2023,8.4996
RE1,LNDRICRNF,CH4,2024,8.478
RE1,LNDRICRNF,CH4,2025,8.4401
RE1,LNDRICRNF,CH4,2026,8.3949
RE1,LNDRICRNF,CH4,2027,8.3317
RE1,LNDRICRNF,CH4,2028,8.2594
RE1,LNDRICRNF,CH4,2029,8.1772
RE1,LNDRICRNF,CH4,2030,8.074
RE1,LNDRICRNF,CH4,2031,7.9589
RE1,LNDRICRNF,CH4,2032,7.8306
RE1,LNDRICRNF,CH4,2033,7.688
RE1,LNDRICRNF,CH4,2034,7.5202
RE1,LNDRICRNF,CH4,2035,7.3355
RE1,LNDRICRNF,CO2EQ,2020,230.8352
RE1,LNDRICRNF,CO2EQ,2021,230.9221
RE1,LNDRICRNF,CO2EQ,2022,230.627
RE1,LNDRICRNF,CO2EQ,2023,230.1973
RE1,LNDRICRNF,CO2EQ,2024,229.6129
RE1,LNDRICRNF,CO2EQ,2025,228.5864
RE1,LNDRICRNF,CO2EQ,2026,227.362
RE1,LNDRICRNF,CO2EQ,2027,225.6502
RE1,LNDRICRNF,CO2EQ,2028,223.6929
RE1,LNDRICRNF,CO2EQ,2029,221.4647
RE1,LNDRICRNF,CO2EQ,2030,218.6721
RE1,LNDRICRNF,CO2EQ,2031,215.5535
RE1,LNDRICRNF,CO2EQ,2032,212.0791
RE1,LNDRICRNF,CO2EQ,2033,208.2179
RE1,LNDRICRNF,CO2EQ,2034,203.6708
RE1,LNDRICRNF,CO2EQ,2035,198.6699
RE1,LNDMAIIRR,CO2,2020,0.0
RE1,LNDMAIIRR,CO2,2021,0.0
RE1,LNDMAIIRR,CO2,2022,0.0
RE1,LNDMAIIRR,CO2,2023,0.0
RE1,LNDMAIIRR,CO2,2024,0.0
RE1,LNDMAIIRR,CO2,2025,0.0
RE1,LNDMAIIRR,CO2,2026,0.0
RE1,LNDMAIIRR,CO2,2027,0.0
RE1,LNDMAIIRR,CO2,2028,0.0
RE1,LNDMAIIRR,CO2,2029,0.0
RE1,LNDMAIIRR,CO2,2030,0.0
RE1,LNDMAIIRR,CO2,2031,0.0
RE1,LNDMAIIRR,CO2,2032,0.0
RE1,LNDMAIIRR,CO2,2033,0.0
RE1,LNDMAIIRR,CO2,2034,0.0
RE1,LNDMAIIRR,CO2,2035,0.0
RE1,LNDMAIIRR,N2O,2020,0.1356
RE1,LNDMAIIRR,N2O,2021,0.1424
RE1,LNDMAIIRR,N2O,2022,0.1495
RE1,LNDMAIIRR,N2O,2023,0.157
RE1,LNDMAIIRR,N2O,2024,0.1648
RE1,LNDMAIIRR,N2O,2025,0.1731
RE1,LNDMAIIRR,N2O,2026,0.1817
RE1,LNDMAIIRR,N2O,2027,0.1908
RE1,LNDMAIIRR,N2O,2028,0.2003
RE1,LNDMAIIRR,N2O,2029,0.2104
RE1,LNDMAIIRR,N2O,2030,0.2209
RE1,LNDMAIIRR,N2O,2031,0.2319
RE1,LNDMAIIRR,N2O,2032,0.2435
RE1,LNDMAIIRR,N2O,2033,0.2557
RE1,LNDMAIIRR,N2O,2034,0.2685
RE1,LNDMAIIRR,N2O,2035,0.2819
RE1,LNDMAIIRR,CH4,2020,0.0
RE1,LNDMAIIRR,CH4,2021,0.0
RE1,LNDMAIIRR,CH4,2022,0.0
RE1,LNDMAIIRR,CH4,2023,0.0
RE1,LNDMAIIRR,CH4,2024,0.0
RE1,LNDMAIIRR,CH4,2025,0.0
RE1,LNDMAIIRR,CH4,2026,0.0
RE1,LNDMAIIRR,CH4,2027,0.0
RE1,LNDMAIIRR,CH4,2028,0.0
RE1,LNDMAIIRR,CH4,2029,0.0
RE1,LNDMAIIRR,CH4,2030,0.0
RE1,LNDMAIIRR,CH4,2031,0.0
RE1,LNDMAIIRR,CH4,2032,0.0
RE1,LNDMAIIRR,CH4,2033,0.0
RE1,LNDMAIIRR,CH4,2034,0.0
RE1,LNDMAIIRR,CH4,2035,0.0
RE1,LNDMAIIRR,CO2EQ,2020,47.121
RE1,LNDMAIIRR,CO2EQ,2021,49.477
RE1,LNDMAIIRR,CO2EQ,2022,51.9509
RE1,LNDMAIIRR,CO2EQ,2023,54.5484
RE1,LNDMAIIRR,CO2EQ,2024,57.2759
RE1,LNDMAIIRR,CO2EQ,2025,60.1397
RE1,LNDMAIIRR,CO2EQ,2026,63.1466
RE1,LNDMAIIRR,CO2EQ,2027,66.304
RE1,LNDMAIIRR,CO2EQ,2028,69.6192
RE1,LNDMAIIRR,CO2EQ,2029,73.1001
RE1,LNDMAIIRR,CO2EQ,2030,76.7551
RE1,LNDMAIIRR,CO2EQ,2031,80.5929
RE1,LNDMAIIRR,CO2EQ,2032,84.6225
RE1,LNDMAIIRR,CO2EQ,2033,88.8537
RE1,LNDMAIIRR,CO2EQ,2034,93.2964
RE1,LNDMAIIRR,CO2EQ,2035,97.9612
RE1,LNDRICIRR,CO2,2020,0.0
RE1,LNDRICIRR,CO2,2021,0.0
RE1,LNDRICIRR,CO2,2022,0.0
RE1,LNDRICIRR,CO2,2023,0.0
RE1,LNDRICIRR,CO2,2024,0.0
RE1,LNDRICIRR,CO2,2025,0.0
RE1,LNDRICIRR,CO2,2026,0.0
RE1,LNDRICIRR,CO2,2027,0.0
RE1,LNDRICIRR,CO2,2028,0.0
RE1,LNDRICIRR,CO2,2029,0.0
RE1,LNDRICIRR,CO2,2030,0.0
RE1,LNDRICIRR,CO2,2031,0.0
RE1,LNDRICIRR,CO2,2032,0.0
RE1,LNDRICIRR,CO2,2033,0.0
RE1,LNDRICIRR,CO2,2034,0.0
RE1,LNDRICIRR,CO2,2035,0.0
RE1,LNDRICIRR,N2O,2020,0.0
RE1,LNDRICIRR,N2O,2021,0.0
RE1,LNDRICIRR,N2O,2022,0.0
RE1,LNDRICIRR,N2O,2023,0.0
RE1,LNDRICIRR,N2O,2024,0.0
RE1,LNDRICIRR,N2O,2025,0.0
RE1,LNDRICIRR,N2O,2026,0.0
RE1,LNDRICIRR,N2O,2027,0.0
RE1,LNDRICIRR,N2O,2028,0.0
RE1,LNDRICIRR,N2O,2029,0.0
RE1,LNDRICIRR,N2O,2030,0.0
RE1,LNDRICIRR,N2O,2031,0.0
RE1,LNDRICIRR,N2O,2032,0.0
RE1,LNDRICIRR,N2O,2033,0.0
RE1,LNDRICIRR,N2O,2034,0.0
RE1,LNDRICIRR,N2O,2035,0.0
RE1,LNDRICIRR,CH4,2020,4.4073
RE1,LNDRICIRR,CH4,2021,4.6277
RE1,LNDRICIRR,CH4,2022,4.859
RE1,LNDRICIRR,CH4,2023,5.102
RE1,LNDRICIRR,CH4,2024,5.3571
RE1,LNDRICIRR,CH4,2025,5.625
RE1,LNDRICIRR,CH4,2026,5.9062
RE1,LNDRICIRR,CH4,2027,6.2015
RE1,LNDRICIRR,CH4,2028,6.5116
RE1,LNDRICIRR,CH4,2029,6.8372
RE1,LNDRICIRR,CH4,2030,7.179
RE1,LNDRICIRR,CH4,2031,7.538
RE1,LNDRICIRR,CH4,2032,7.9149
RE1,LNDRICIRR,CH4,2033,8.3106
RE1,LNDRICIRR,CH4,2034,8.7262
RE1,LNDRICIRR,CH4,2035,9.1625
RE1,LNDRICIRR,CO2EQ,2020,118.4661
RE1,LNDRICIRR,CO2EQ,2021,124.3894
RE1,LNDRICIRR,CO2EQ,2022,130.6089
RE1,LNDRICIRR,CO2EQ,2023,137.1393
RE1,LNDRICIRR,CO2EQ,2024,143.9963
RE1,LNDRICIRR,CO2EQ,2025,151.1961
RE1,LNDRICIRR,CO2EQ,2026,158.7559
RE1,LNDRICIRR,CO2EQ,2027,166.6937
RE1,LNDRICIRR,CO2EQ,2028,175.0284
RE1,LNDRICIRR,CO2EQ,2029,183.7798
RE1,LNDRICIRR,CO2EQ,2030,192.9688
RE1,LNDRICIRR,CO2EQ,2031,202.6172
RE1,LNDRICIRR,CO2EQ,2032,212.7481
RE1,LNDRICIRR,CO2EQ,2033,223.3855
RE1,LNDRICIRR,CO2EQ,2034,234.5548
RE1,LNDRICIRR,CO2EQ,2035,246.2825
RE1,LNDFOR,CO2,2020,-3651.84
RE1,LNDFOR,CO2,2021,12160.433
RE1,LNDFOR,CO2,2022,12440.766
RE1,LNDFOR,CO2,2023,12299.763
RE1,LNDFOR,CO2,2024,13012.848
RE1,LNDFOR,CO2,2025,14658.06
RE1,LNDFOR,CO2,2026,12401.117
RE1,LNDFOR,CO2,2027,13013.269
RE1,LNDFOR,CO2,2028,14733.996
RE1,LNDFOR,CO2,2029,15267.109
RE1,LNDFOR,CO2,2030,14785.369
RE1,LNDFOR,CO2,2031,15308.194
RE1,LNDFOR,CO2,2032,14745.331
RE1,LNDFOR,CO2,2033,15256.789
RE1,LNDFOR,CO2,2034,15133.584
RE1,LNDFOR,CO2,2035,15251.347
RE1,LNDFOR,N2O,2020,0.0
RE1,LNDFOR,N2O,2021,0.0
RE1,LNDFOR,N2O,2022,0.0
RE1,LNDFOR,N2O,2023,0.0
RE1,LNDFOR,N2O,2024,0.0
RE1,LNDFOR,N2O,2025,0.0
RE1,LNDFOR,N2O,2026,0.0
RE1,LNDFOR,N2O,2027,0.0
RE1,LNDFOR,N2O,2028,0.0
RE1,LNDFOR,N2O,2029,0.0
RE1,LNDFOR,N2O,2030,0.0
RE1,LNDFOR,N2O,2031,0.0
RE1,LNDFOR,N2O,2032,0.0
RE1,LNDFOR,N2O,2033,0.0
RE1,LNDFOR,N2O,2034,0.0
RE1,LNDFOR,N2O,2035,0.0
RE1,LNDFOR,CH4,2020,0.0
RE1,LNDFOR,CH4,2021,0.0
RE1,LNDFOR,CH4,2022,0.0
RE1,LNDFOR,CH4,2023,0.0
RE1,LNDFOR,CH4,2024,0.0
RE1,LNDFOR,CH4,2025,0.0
RE1,LNDFOR,CH4,2026,0.0
RE1,LNDFOR,CH4,2027,0.0
RE1,LNDFOR,CH4,2028,0.0
RE1,LNDFOR,CH4,2029,0.0
RE1,LNDFOR,CH4,2030,0.0
RE1,LNDFOR,CH4,2031,0.0
RE1,LNDFOR,CH4,2032,0.0
RE1,LNDFOR,CH4,2033,0.0
RE1,LNDFOR,CH4,2034,0.0
RE1,LNDFOR,CH4,2035,0.0
RE1,LNDFOR,CO2EQ,2020,-3651.84
RE1,LNDFOR,CO2EQ,2021,12160.433
RE1,LNDFOR,CO2EQ,2022,12440.766
RE1,LNDFOR,CO2EQ,2023,12299.763
RE1,LNDFOR,CO2EQ,2024,13012.848
RE1,LNDFOR,CO2EQ,2025,14658.06
RE1,LNDFOR,CO2EQ,2026,12401.117
RE1,LNDFOR,CO2EQ,2027,13013.269
RE1,LNDFOR,CO2EQ,2028,14733.996
RE1,LNDFOR,CO2EQ,2029,15267.109
RE1,LNDFOR,CO2EQ,2030,14785.369
RE1,LNDFOR,CO2EQ,2031,15308.194
RE1,LNDFOR,CO2EQ,2032,14745.331
RE1,LNDFOR,CO2EQ,2033,15256.789
RE1,LNDFOR,CO2EQ,2034,15133.584
RE1,LNDFOR,CO2EQ,2035,15251.347
RE1,LNDBLT,CO2,2020,0.0
RE1,LNDBLT,CO2,2021,0.0
RE1,LNDBLT,CO2,2022,0.0
RE1,LNDBLT,CO2,2023,0.0
RE1,LNDBLT,CO2,2024,0.0
RE1,LNDBLT,CO2,2025,0.0
RE1,LNDBLT,CO2,2026,0.0
RE1,LNDBLT,CO2,2027,0.0
RE1,LNDBLT,CO2,2028,0.0
RE1,LNDBLT,CO2,2029,0.0
RE1,LNDBLT,CO2,2030,0.0
RE1,LNDBLT,CO2,2031,0.0
RE1,LNDBLT,CO2,2032,0.0
RE1,LNDBLT,CO2,2033,0.0
RE1,LNDBLT,CO2,2034,0.0
RE1,LNDBLT,CO2,2035,0.0
RE1,LNDBLT,N2O,2020,0.0
RE1,LNDBLT,N2O,2021,0.0
RE1,LNDBLT,N2O,2022,0.0
RE1,LNDBLT,N2O,2023,0.0
RE1,LNDBLT,N2O,2024,0.0
RE1,LNDBLT,N2O,2025,0.0
RE1,LNDBLT,N2O,2026,0.0
RE1,LNDBLT,N2O,2027,0.0
RE1,LNDBLT,N2O,2028,0.0
RE1,LNDBLT,N2O,2029,0.0
RE1,LNDBLT,N2O,2030,0.0
RE1,LNDBLT,N2O,2031,0.0
RE1,LNDBLT,N2O,2032,0.0
RE1,LNDBLT,N2O,2033,0.0
RE1,LNDBLT,N2O,2034,0.0
RE1,LNDBLT,N2O,2035,0.0
RE1,LNDBLT,CH4,2020,0.0
RE1,LNDBLT,CH4,2021,0.0
RE1,LNDBLT,CH4,2022,0.0
RE1,LNDBLT,CH4,2023,0.0
RE1,LNDBLT,CH4,2024,0.0
RE1,LNDBLT,CH4,2025,0.0
RE1,LNDBLT,CH4,2026,0.0
RE1,LNDBLT,CH4,2027,0.0
RE1,LNDBLT,CH4,2028,0.0
RE1,LNDBLT,CH4,2029,0.0
RE1,LNDBLT,CH4,2030,0.0
RE1,LNDBLT,CH4,2031,0.0
RE1,LNDBLT,CH4,2032,0.0
RE1,LNDBLT,CH4,2033,0.0
RE1,LNDBLT,CH4,2034,0.0
RE1,LNDBLT,CH4,2035,0.0
RE1,LNDBLT,CO2EQ,2020,0.0
RE1,LNDBLT,CO2EQ,2021,0.0
RE1,LNDBLT,CO2EQ,2022,0.0
RE1,LNDBLT,CO2EQ,2023,0.0
RE1,LNDBLT,CO2EQ,2024,0.0
RE1,LNDBLT,CO2EQ,2025,0.0
RE1,LNDBLT,CO2EQ,2026,0.0
RE1,LNDBLT,CO2EQ,2027,0.0
RE1,LNDBLT,CO2EQ,2028,0.0
RE1,LNDBLT,CO2EQ,2029,0.0
RE1,LNDBLT,CO2EQ,2030,0.0
RE1,LNDBLT,CO2EQ,2031,0.0
RE1,LNDBLT,CO2EQ,2032,0.0
RE1,LNDBLT,CO2EQ,2033,0.0
RE1,LNDBLT,CO2EQ,2034,0.0
RE1,LNDBLT,CO2EQ,2035,0.0
RE1,LNDWAT,CO2,2020,0.0
RE1,LNDWAT,CO2,2021,0.0
RE1,LNDWAT,CO2,2022,0.0
RE1,LNDWAT,CO2,2023,0.0
RE1,LNDWAT,CO2,2024,0.0
RE1,LNDWAT,CO2,2025,0.0
RE1,LNDWAT,CO2,2026,0.0
RE1,LNDWAT,CO2,2027,0.0
RE1,LNDWAT,CO2,2028,0.0
RE1,LNDWAT,CO2,2029,0.0
RE1,LNDWAT,CO2,2030,0.0
RE1,LNDWAT,CO2,2031,0.0
RE1,LNDWAT,CO2,2032,0.0
RE1,LNDWAT,CO2,2033,0.0
RE1,LNDWAT,CO2,2034,0.0
RE1,LNDWAT,CO2,2035,0.0
RE1,LNDWAT,N2O,2020,0.0
RE1,LNDWAT,N2O,2021,0.0
RE1,LNDWAT,N2O,2022,0.0
RE1,LNDWAT,N2O,2023,0.0
RE1,LNDWAT,N2O,2024,0.0
RE1,LNDWAT,N2O,2025,0.0
RE1,LNDWAT,N2O,2026,0.0
RE1,LNDWAT,N2O,2027,0.0
RE1,LNDWAT,N2O,2028,0.0
RE1,LNDWAT,N2O,2029,0.0
RE1,LNDWAT,N2O,2030,0.0
RE1,LNDWAT,N2O,2031,0.0
RE1,LNDWAT,N2O,2032,0.0
RE1,LNDWAT,N2O,2033,0.0
RE1,LNDWAT,N2O,2034,0.0
RE1,LNDWAT,N2O,2035,0.0
RE1,LNDWAT,CH4,2020,0.0
RE1,LNDWAT,CH4,2021,0.0
RE1,LNDWAT,CH4,2022,0.0
RE1,LNDWAT,CH4,2023,0.0
RE1,LNDWAT,CH4,2024,0.0
RE1,LNDWAT,CH4,2025,0.0
RE1,LNDWAT,CH4,2026,0.0
RE1,LNDWAT,CH4,2027,0.0
RE1,LNDWAT,CH4,2028,0.0
RE1,LNDWAT,CH4,2029,0.0
RE1,LNDWAT,CH4,2030,0.0
RE1,LNDWAT,CH4,2031,0.0
RE1,LNDWAT,CH4,2032,0.0
RE1,LNDWAT,CH4,2033,0.0
RE1,LNDWAT,CH4,2034,0.0
RE1,LNDWAT,CH4,2035,0.0
RE1,LNDWAT,CO2EQ,2020,0.0
RE1,LNDWAT,CO2EQ,2021,0.0
RE1,LNDWAT,CO2EQ,2022,0.0
RE1,LNDWAT,CO2EQ,2023,0.0
RE1,LNDWAT,CO2EQ,2024,0.0
RE1,LNDWAT,CO2EQ,2025,0.0
RE1,LNDWAT,CO2EQ,2026,0.0
RE1,LNDWAT,CO2EQ,2027,0.0
RE1,LNDWAT,CO2EQ,2028,0.0
RE1,LNDWAT,CO2EQ,2029,0.0
RE1,LNDWAT,CO2EQ,2030,0.0
RE1,LNDWAT,CO2EQ,2031,0.0
RE1,LNDWAT,CO2EQ,2032,0.0
RE1,LNDWAT,CO2EQ,2033,0.0
RE1,LNDWAT,CO2EQ,2034,0.0
RE1,LNDWAT,CO2EQ,2035,0.0
RE1,RSCPRC,CO2,2020,0.0
RE1,RSCPRC,CO2,2021,0.0
RE1,RSCPRC,CO2,2022,0.0
RE1,RSCPRC,CO2,2023,0.0
RE1,RSCPRC,CO2,2024,0.0
RE1,RSCPRC,CO2,2025,0.0
RE1,RSCPRC,CO2,2026,0.0
RE1,RSCPRC,CO2,2027,0.0
RE1,RSCPRC,CO2,2028,0.0
RE1,RSCPRC,CO2,2029,0.0
RE1,RSCPRC,CO2,2030,0.0
RE1,RSCPRC,CO2,2031,0.0
RE1,RSCPRC,CO2,2032,0.0
RE1,RSCPRC,CO2,2033,0.0
RE1,RSCPRC,CO2,2034,0.0
RE1,RSCPRC,CO2,2035,0.0
RE1,RSCPRC,N2O,2020,0.0
RE1,RSCPRC,N2O,2021,0.0
RE1,RSCPRC,N2O,2022,0.0
RE1,RSCPRC,N2O,2023,0.0
RE1,RSCPRC,N2O,2024,0.0
RE1,RSCPRC,N2O,2025,0.0
RE1,RSCPRC,N2O,2026,0.0
RE1,RSCPRC,N2O,2027,0.0
RE1,RSCPRC,N2O,2028,0.0
RE1,RSCPRC,N2O,2029,0.0
RE1,RSCPRC,N2O,2030,0.0
RE1,RSCPRC,N2O,2031,0.0
RE1,RSCPRC,N2O,2032,0.0
RE1,RSCPRC,N2O,2033,0.0
RE1,RSCPRC,N2O,2034,0.0
RE1,RSCPRC,N2O,2035,0.0
RE1,RSCPRC,CH4,2020,0.0
RE1,RSCPRC,CH4,2021,0.0
RE1,RSCPRC,CH4,2022,0.0
RE1,RSCPRC,CH4,2023,0.0
RE1,RSCPRC,CH4,2024,0.0
RE1,RSCPRC,CH4,2025,0.0
RE1,RSCPRC,CH4,2026,0.0
RE1,RSCPRC,CH4,2027,0.0
RE1,RSCPRC,CH4,2028,0.0
RE1,RSCPRC,CH4,2029,0.0
RE1,RSCPRC,CH4,2030,0.0
RE1,RSCPRC,CH4,2031,0.0
RE1,RSCPRC,CH4,2032,0.0
RE1,RSCPRC,CH4,2033,0.0
RE1,RSCPRC,CH4,2034,0.0
RE1,RSCPRC,CH4,2035,0.0
RE1,RSCPRC,CO2EQ,2020,0.0
RE1,RSCPRC,CO2EQ,2021,0.0
RE1,RSCPRC,CO2EQ,2022,0.0
RE1,RSCPRC,CO2EQ,2023,0.0
RE1,RSCPRC,CO2EQ,2024,0.0
RE1,RSCPRC,CO2EQ,2025,0.0
RE1,RSCPRC,CO2EQ,2026,0.0
RE1,RSCPRC,CO2EQ,2027,0.0
RE1,RSCPRC,CO2EQ,2028,0.0
RE1,RSCPRC,CO2EQ,2029,0.0
RE1,RSCPRC,CO2EQ,2030,0.0
RE1,RSCPRC,CO2EQ,2031,0.0
RE1,RSCPRC,CO2EQ,2032,0.0
RE1,RSCPRC,CO2EQ,2033,0.0
RE1,RSCPRC,CO2EQ,2034,0.0
RE1,RSCPRC,CO2EQ,2035,0.0
RE1,UPSWTRSUR,CO2,2020,0.0
RE1,UPSWTRSUR,CO2,2021,0.0
RE1,UPSWTRSUR,CO2,2022,0.0
RE1,UPSWTRSUR,CO2,2023,0.0
RE1,UPSWTRSUR,CO2,2024,0.0
RE1,UPSWTRSUR,CO2,2025,0.0
RE1,UPSWTRSUR,CO2,2026,0.0
RE1,UPSWTRSUR,CO2,2027,0.0
RE1,UPSWTRSUR,CO2,2028,0.0
RE1,UPSWTRSUR,CO2,2029,0.0
RE1,UPSWTRSUR,CO2,2030,0.0
RE1,UPSWTRSUR,CO2,2031,0.0
RE1,UPSWTRSUR,CO2,2032,0.0
RE1,UPSWTRSUR,CO2,2033,0.0
RE1,UPSWTRSUR,CO2,2034,0.0
RE1,UPSWTRSUR,CO2,2035,0.0
RE1,UPSWTRSUR,N2O,2020,0.0
RE1,UPSWTRSUR,N2O,2021,0.0
RE1,UPSWTRSUR,N2O,2022,0.0
RE1,UPSWTRSUR,N2O,2023,0.0
RE1,UPSWTRSUR,N2O,2024,0.0
RE1,UPSWTRSUR,N2O,2025,0.0
RE1,UPSWTRSUR,N2O,2026,0.0
RE1,UPSWTRSUR,N2O,2027,0.0
RE1,UPSWTRSUR,N2O,2028,0.0
RE1,UPSWTRSUR,N2O,2029,0.0
RE1,UPSWTRSUR,N2O,2030,0.0
RE1,UPSWTRSUR,N2O,2031,0.0
RE1,UPSWTRSUR,N2O,2032,0.0
RE1,UPSWTRSUR,N2O,2033,0.0
RE1,UPSWTRSUR,N2O,2034,0.0
RE1,UPSWTRSUR,N2O,2035,0.0
RE1,UPSWTRSUR,CH4,2020,0.0
RE1,UPSWTRSUR,CH4,2021,0.0
RE1,UPSWTRSUR,CH4,2022,0.0
RE1,UPSWTRSUR,CH4,2023,0.0
RE1,UPSWTRSUR,CH4,2024,0.0
RE1,UPSWTRSUR,CH4,2025,0.0
RE1,UPSWTRSUR,CH4,2026,0.0
RE1,UPSWTRSUR,CH4,2027,0.0
RE1,UPSWTRSUR,CH4,2028,0.0
RE1,UPSWTRSUR,CH4,2029,0.0
RE1,UPSWTRSUR,CH4,2030,0.0
RE1,UPSWTRSUR,CH4,2031,0.0
RE1,UPSWTRSUR,CH4,2032,0.0
RE1,UPSWTRSUR,CH4,2033,0.0
RE1,UPSWTRSUR,CH4,2034,0.0
RE1,UPSWTRSUR,CH4,2035,0.0
RE1,UPSWTRSUR,CO2EQ,2020,0.0
RE1,UPSWTRSUR,CO2EQ,2021,0.0
RE1,UPSWTRSUR,CO2EQ,2022,0.0
RE1,UPSWTRSUR,CO2EQ,2023,0.0
RE1,UPSWTRSUR,CO2EQ,2024,0.0
RE1,UPSWTRSUR,CO2EQ,2025,0.0
RE1,UPSWTRSUR,CO2EQ,2026,0.0
RE1,UPSWTRSUR,CO2EQ,2027,0.0
RE1,UPSWTRSUR,CO2EQ,2028,0.0
RE1,UPSWTRSUR,CO2EQ,2029,0.0
RE1,UPSWTRSUR,CO2EQ,2030,0.0
RE1,UPSWTRSUR,CO2EQ,2031,0.0
RE1,UPSWTRSUR,CO2EQ,2032,0.0
RE1,UPSWTRSUR,CO2EQ,2033,0.0
RE1,UPSWTRSUR,CO2EQ,2034,0.0
RE1,UPSWTRSUR,CO2EQ,2035,0.0
RE1,DEMPUBSURWAT,CO2,2020,0.0
RE1,DEMPUBSURWAT,CO2,2021,0.0
RE1,DEMPUBSURWAT,CO2,2022,0.0
RE1,DEMPUBSURWAT,CO2,2023,0.0
RE1,DEMPUBSURWAT,CO2,2024,0.0
RE1,DEMPUBSURWAT,CO2,2025,0.0
RE1,DEMPUBSURWAT,CO2,2026,0.0
RE1,DEMPUBSURWAT,CO2,2027,0.0
RE1,DEMPUBSURWAT,CO2,2028,0.0
RE1,DEMPUBSURWAT,CO2,2029,0.0
RE1,DEMPUBSURWAT,CO2,2030,0.0
RE1,DEMPUBSURWAT,CO2,2031,0.0
RE1,DEMPUBSURWAT,CO2,2032,0.0
RE1,DEMPUBSURWAT,CO2,2033,0.0
RE1,DEMPUBSURWAT,CO2,2034,0.0
RE1,DEMPUBSURWAT,CO2,2035,0.0
RE1,DEMPUBSURWAT,N2O,2020,0.0
RE1,DEMPUBSURWAT,N2O,2021,0.0
RE1,DEMPUBSURWAT,N2O,2022,0.0
RE1,DEMPUBSURWAT,N2O,2023,0.0
RE1,DEMPUBSURWAT,N2O,2024,0.0
RE1,DEMPUBSURWAT,N2O,2025,0.0
RE1,DEMPUBSURWAT,N2O,2026,0.0
RE1,DEMPUBSURWAT,N2O,2027,0.0
RE1,DEMPUBSURWAT,N2O,2028,0.0
RE1,DEMPUBSURWAT,N2O,2029,0.0
RE1,DEMPUBSURWAT,N2O,2030,0.0
RE1,DEMPUBSURWAT,N2O,2031,0.0
RE1,DEMPUBSURWAT,N2O,2032,0.0
RE1,DEMPUBSURWAT,N2O,2033,0.0
RE1,DEMPUBSURWAT,N2O,2034,0.0
RE1,DEMPUBSURWAT,N2O,2035,0.0
RE1,DEMPUBSURWAT,CH4,2020,0.0
RE1,DEMPUBSURWAT,CH4,2021,0.0
RE1,DEMPUBSURWAT,CH4,2022,0.0
RE1,DEMPUBSURWAT,CH4,2023,0.0
RE1,DEMPUBSURWAT,CH4,2024,0.0
RE1,DEMPUBSURWAT,CH4,2025,0.0
RE1,DEMPUBSURWAT,CH4,2026,0.0
RE1,DEMPUBSURWAT,CH4,2027,0.0
RE1,DEMPUBSURWAT,CH4,2028,0.0
RE1,DEMPUBSURWAT,CH4,2029,0.0
RE1,DEMPUBSURWAT,CH4,2030,0.0
RE1,DEMPUBSURWAT,CH4,2031,0.0
RE1,DEMPUBSURWAT,CH4,2032,0.0
RE1,DEMPUBSURWAT,CH4,2033,0.0
RE1,DEMPUBSURWAT,CH4,2034,0.0
RE1,DEMPUBSURWAT,CH4,2035,0.0
RE1,DEMPUBSURWAT,CO2EQ,2020,0.0
RE1,DEMPUBSURWAT,CO2EQ,2021,0.0
RE1,DEMPUBSURWAT,CO2EQ,2022,0.0
RE1,DEMPUBSURWAT,CO2EQ,2023,0.0
RE1,DEMPUBSURWAT,CO2EQ,2024,0.0
RE1,DEMPUBSURWAT,CO2EQ,2025,0.0
RE1,DEMPUBSURWAT,CO2EQ,2026,0.0
RE1,DEMPUBSURWAT,CO2EQ,2027,0.0
RE1,DEMPUBSURWAT,CO2EQ,2028,0.0
RE1,DEMPUBSURWAT,CO2EQ,2029,0.0
RE1,DEMPUBSURWAT,CO2EQ,2030,0.0
RE1,DEMPUBSURWAT,CO2EQ,2031,0.0
RE1,DEMPUBSURWAT,CO2EQ,2032,0.0
RE1,DEMPUBSURWAT,CO2EQ,2033,0.0
RE1,DEMPUBSURWAT,CO2EQ,2034,0.0
RE1,DEMPUBSURWAT,CO2EQ,2035,0.0
RE1,DEMPUBGWTWAT,CO2,2020,0.0
RE1,DEMPUBGWTWAT,CO2,2021,0.0
RE1,DEMPUBGWTWAT,CO2,2022,0.0
RE1,DEMPUBGWTWAT,CO2,2023,0.0
RE1,DEMPUBGWTWAT,CO2,2024,0.0
RE1,DEMPUBGWTWAT,CO2,2025,0.0
RE1,DEMPUBGWTWAT,CO2,2026,0.0
RE1,DEMPUBGWTWAT,CO2,2027,0.0
RE1,DEMPUBGWTWAT,CO2,2028,0.0
RE1,DEMPUBGWTWAT,CO2,2029,0.0
RE1,DEMPUBGWTWAT,CO2,2030,0.0
RE1,DEMPUBGWTWAT,CO2,2031,0.0
RE1,DEMPUBGWTWAT,CO2,2032,0.0
RE1,DEMPUBGWTWAT,CO2,2033,0.0
RE1,DEMPUBGWTWAT,CO2,2034,0.0
RE1,DEMPUBGWTWAT,CO2,2035,0.0
RE1,DEMPUBGWTWAT,N2O,2020,0.0
RE1,DEMPUBGWTWAT,N2O,2021,0.0
RE1,DEMPUBGWTWAT,N2O,2022,0.0
RE1,DEMPUBGWTWAT,N2O,2023,0.0
RE1,DEMPUBGWTWAT,N2O,2024,0.0
RE1,DEMPUBGWTWAT,N2O,2025,0.0
RE1,DEMPUBGWTWAT,N2O,2026,0.0
RE1,DEMPUBGWTWAT,N2O,2027,0.0
RE1,DEMPUBGWTWAT,N2O,2028,0.0
RE1,DEMPUBGWTWAT,N2O,2029,0.0
RE1,DEMPUBGWTWAT,N2O,2030,0.0
RE1,DEMPUBGWTWAT,N2O,2031,0.0
RE1,DEMPUBGWTWAT,N2O,2032,0.0
RE1,DEMPUBGWTWAT,N2O,2033,0.0
RE1,DEMPUBGWTWAT,N2O,2034,0.0
RE1,DEMPUBGWTWAT,N2O,2035,0.0
RE1,DEMPUBGWTWAT,CH4,2020,0.0
RE1,DEMPUBGWTWAT,CH4,2021,0.0
RE1,DEMPUBGWTWAT,CH4,2022,0.0
RE1,DEMPUBGWTWAT,CH4,2023,0.0
RE1,DEMPUBGWTWAT,CH4,2024,0.0
RE1,DEMPUBGWTWAT,CH4,2025,0.0
RE1,DEMPUBGWTWAT,CH4,2026,0.0
RE1,DEMPUBGWTWAT,CH4,2027,0.0
RE1,DEMPUBGWTWAT,CH4,2028,0.0
RE1,DEMPUBGWTWAT,CH4,2029,0.0
RE1,DEMPUBGWTWAT,CH4,2030,0.0
RE1,DEMPUBGWTWAT,CH4,2031,0.0
RE1,DEMPUBGWTWAT,CH4,2032,0.0
RE1,DEMPUBGWTWAT,CH4,2033,0.0
RE1,DEMPUBGWTWAT,CH4,2034,0.0
RE1,DEMPUBGWTWAT,CH4,2035,0.0
RE1,DEMPUBGWTWAT,CO2EQ,2020,0.0
RE1,DEMPUBGWTWAT,CO2EQ,2021,0.0
RE1,DEMPUBGWTWAT,CO2EQ,2022,0.0
RE1,DEMPUBGWTWAT,CO2EQ,2023,0.0
RE1,DEMPUBGWTWAT,CO2EQ,2024,0.0
RE1,DEMPUBGWTWAT,CO2EQ,2025,0.0
RE1,DEMPUBGWTWAT,CO2EQ,2026,0.0
RE1,DEMPUBGWTWAT,CO2EQ,2027,0.0
RE1,DEMPUBGWTWAT,CO2EQ,2028,0.0
RE1,DEMPUBGWTWAT,CO2EQ,2029,0.0
RE1,DEMPUBGWTWAT,CO2EQ,2030,0.0
RE1,DEMPUBGWTWAT,CO2EQ,2031,0.0
RE1,DEMPUBGWTWAT,CO2EQ,2032,0.0
RE1,DEMPUBGWTWAT,CO2EQ,2033,0.0
RE1,DEMPUBGWTWAT,CO2EQ,2034,0.0
RE1,DEMPUBGWTWAT,CO2EQ,2035,0.0
RE1,DEMAGRSURWAT,CO2,2020,0.0
RE1,DEMAGRSURWAT,CO2,2021,0.0
RE1,DEMAGRSURWAT,CO2,2022,0.0
RE1,DEMAGRSURWAT,CO2,2023,0.0
RE1,DEMAGRSURWAT,CO2,2024,0.0
RE1,DEMAGRSURWAT,CO2,2025,0.0
RE1,DEMAGRSURWAT,CO2,2026,0.0
RE1,DEMAGRSURWAT,CO2,2027,0.0
RE1,DEMAGRSURWAT,CO2,2028,0.0
RE1,DEMAGRSURWAT,CO2,2029,0.0
RE1,DEMAGRSURWAT,CO2,2030,0.0
RE1,DEMAGRSURWAT,CO2,2031,0.0
RE1,DEMAGRSURWAT,CO2,2032,0.0
RE1,DEMAGRSURWAT,CO2,2033,0.0
RE1,DEMAGRSURWAT,CO2,2034,0.0
RE1,DEMAGRSURWAT,CO2,2035,0.0
RE1,DEMAGRSURWAT,N2O,2020,0.0
RE1,DEMAGRSURWAT,N2O,2021,0.0
RE1,DEMAGRSURWAT,N2O,2022,0.0
RE1,DEMAGRSURWAT,N2O,2023,0.0
RE1,DEMAGRSURWAT,N2O,2024,0.0
RE1,DEMAGRSURWAT,N2O,2025,0.0
RE1,DEMAGRSURWAT,N2O,2026,0.0
RE1,DEMAGRSURWAT,N2O,2027,0.0
RE1,DEMAGRSURWAT,N2O,2028,0.0
RE1,DEMAGRSURWAT,N2O,2029,0.0
RE1,DEMAGRSURWAT,N2O,2030,0.0
RE1,DEMAGRSURWAT,N2O,2031,0.0
RE1,DEMAGRSURWAT,N2O,2032,0.0
RE1,DEMAGRSURWAT,N2O,2033,0.0
RE1,DEMAGRSURWAT,N2O,2034,0.0
RE1,DEMAGRSURWAT,N2O,2035,0.0
RE1,DEMAGRSURWAT,CH4,2020,0.0
RE1,DEMAGRSURWAT,CH4,2021,0.0
RE1,DEMAGRSURWAT,CH4,2022,0.0
RE1,DEMAGRSURWAT,CH4,2023,0.0
RE1,DEMAGRSURWAT,CH4,2024,0.0
RE1,DEMAGRSURWAT,CH4,2025,0.0
RE1,DEMAGRSURWAT,CH4,2026,0.0
RE1,DEMAGRSURWAT,CH4,2027,0.0
RE1,DEMAGRSURWAT,CH4,2028,0.0
RE1,DEMAGRSURWAT,CH4,2029,0.0
RE1,DEMAGRSURWAT,CH4,2030,0.0
RE1,DEMAGRSURWAT,CH4,2031,0.0
RE1,DEMAGRSURWAT,CH4,2032,0.0
RE1,DEMAGRSURWAT,CH4,2033,0.0
RE1,DEMAGRSURWAT,CH4,2034,0.0
RE1,DEMAGRSURWAT,CH4,2035,0.0
RE1,DEMAGRSURWAT,CO2EQ,2020,0.0
RE1,DEMAGRSURWAT,CO2EQ,2021,0.0
RE1,DEMAGRSURWAT,CO2EQ,2022,0.0
RE1,DEMAGRSURWAT,CO2EQ,2023,0.0
RE1,DEMAGRSURWAT,CO2EQ,2024,0.0
RE1,DEMAGRSURWAT,CO2EQ,2025,0.0
RE1,DEMAGRSURWAT,CO2EQ,2026,0.0
RE1,DEMAGRSURWAT,CO2EQ,2027,0.0
RE1,DEMAGRSURWAT,CO2EQ,2028,0.0
RE1,DEMAGRSURWAT,CO2EQ,2029,0.0
RE1,DEMAGRSURWAT,CO2EQ,2030,0.0
RE1,DEMAGRSURWAT,CO2EQ,2031,0.0
RE1,DEMAGRSURWAT,CO2EQ,2032,0.0
RE1,DEMAGRSURWAT,CO2EQ,2033,0.0
RE1,DEMAGRSURWAT,CO2EQ,2034,0.0
RE1,DEMAGRSURWAT,CO2EQ,2035,0.0
RE1,DEMAGRGWTWAT,CO2,2020,0.0
RE1,DEMAGRGWTWAT,CO2,2021,0.0
RE1,DEMAGRGWTWAT,CO2,2022,0.0
RE1,DEMAGRGWTWAT,CO2,2023,0.0
RE1,DEMAGRGWTWAT,CO2,2024,0.0
RE1,DEMAGRGWTWAT,CO2,2025,0.0
RE1,DEMAGRGWTWAT,CO2,2026,0.0
RE1,DEMAGRGWTWAT,CO2,2027,0.0
RE1,DEMAGRGWTWAT,CO2,2028,0.0
RE1,DEMAGRGWTWAT,CO2,2029,0.0
RE1,DEMAGRGWTWAT,CO2,2030,0.0
RE1,DEMAGRGWTWAT,CO2,2031,0.0
RE1,DEMAGRGWTWAT,CO2,2032,0.0
RE1,DEMAGRGWTWAT,CO2,2033,0.0
RE1,DEMAGRGWTWAT,CO2,2034,0.0
RE1,DEMAGRGWTWAT,CO2,2035,0.0
RE1,DEMAGRGWTWAT,N2O,2020,0.0
RE1,DEMAGRGWTWAT,N2O,2021,0.0
RE1,DEMAGRGWTWAT,N2O,2022,0.0
RE1,DEMAGRGWTWAT,N2O,2023,0.0
RE1,DEMAGRGWTWAT,N2O,2024,0.0
RE1,DEMAGRGWTWAT,N2O,2025,0.0
RE1,DEMAGRGWTWAT,N2O,2026,0.0
RE1,DEMAGRGWTWAT,N2O,2027,0.0
RE1,DEMAGRGWTWAT,N2O,2028,0.0
RE1,DEMAGRGWTWAT,N2O,2029,0.0
RE1,DEMAGRGWTWAT,N2O,2030,0.0
RE1,DEMAGRGWTWAT,N2O,2031,0.0
RE1,DEMAGRGWTWAT,N2O,2032,0.0
RE1,DEMAGRGWTWAT,N2O,2033,0.0
RE1,DEMAGRGWTWAT,N2O,2034,0.0
RE1,DEMAGRGWTWAT,N2O,2035,0.0
RE1,DEMAGRGWTWAT,CH4,2020,0.0
RE1,DEMAGRGWTWAT,CH4,2021,0.0
RE1,DEMAGRGWTWAT,CH4,2022,0.0
RE1,DEMAGRGWTWAT,CH4,2023,0.0
RE1,DEMAGRGWTWAT,CH4,2024,0.0
RE1,DEMAGRGWTWAT,CH4,2025,0.0
RE1,DEMAGRGWTWAT,CH4,2026,0.0
RE1,DEMAGRGWTWAT,CH4,2027,0.0
RE1,DEMAGRGWTWAT,CH4,2028,0.0
RE1,DEMAGRGWTWAT,CH4,2029,0.0
RE1,DEMAGRGWTWAT,CH4,2030,0.0
RE1,DEMAGRGWTWAT,CH4,2031,0.0
RE1,DEMAGRGWTWAT,CH4,2032,0.0
RE1,DEMAGRGWTWAT,CH4,2033,0.0
RE1,DEMAGRGWTWAT,CH4,2034,0.0
RE1,DEMAGRGWTWAT,CH4,2035,0.0
RE1,DEMAGRGWTWAT,CO2EQ,2020,0.0
RE1,DEMAGRGWTWAT,CO2EQ,2021,0.0
RE1,DEMAGRGWTWAT,CO2EQ,2022,0.0
RE1,DEMAGRGWTWAT,CO2EQ,2023,0.0
RE1,DEMAGRGWTWAT,CO2EQ,2024,0.0
RE1,DEMAGRGWTWAT,CO2EQ,2025,0.0
RE1,DEMAGRGWTWAT,CO2EQ,2026,0.0
RE1,DEMAGRGWTWAT,CO2EQ,2027,0.0
RE1,DEMAGRGWTWAT,CO2EQ,2028,0.0
RE1,DEMAGRGWTWAT,CO2EQ,2029,0.0
RE1,DEMAGRGWTWAT,CO2EQ,2030,0.0
RE1,DEMAGRGWTWAT,CO2EQ,2031,0.0
RE1,DEMAGRGWTWAT,CO2EQ,2032,0.0
RE1,DEMAGRGWTWAT,CO2EQ,2033,0.0
RE1,DEMAGRGWTWAT,CO2EQ,2034,0.0
RE1,DEMAGRGWTWAT,CO2EQ,2035,0.0
RE1,DEMPWRSURWAT,CO2,2020,0.0
RE1,DEMPWRSURWAT,CO2,2021,0.0
RE1,DEMPWRSURWAT,CO2,2022,0.0
RE1,DEMPWRSURWAT,CO2,2023,0.0
RE1,DEMPWRSURWAT,CO2,2024,0.0
RE1,DEMPWRSURWAT,CO2,2025,0.0
RE1,DEMPWRSURWAT,CO2,2026,0.0
RE1,DEMPWRSURWAT,CO2,2027,0.0
RE1,DEMPWRSURWAT,CO2,2028,0.0
RE1,DEMPWRSURWAT,CO2,2029,0.0
RE1,DEMPWRSURWAT,CO2,2030,0.0
RE1,DEMPWRSURWAT,CO2,2031,0.0
RE1,DEMPWRSURWAT,CO2,2032,0.0
RE1,DEMPWRSURWAT,CO2,2033,0.0
RE1,DEMPWRSURWAT,CO2,2034,0.0
RE1,DEMPWRSURWAT,CO2,2035,0.0
RE1,DEMPWRSURWAT,N2O,2020,0.0
RE1,DEMPWRSURWAT,N2O,2021,0.0
RE1,DEMPWRSURWAT,N2O,2022,0.0
RE1,DEMPWRSURWAT,N2O,2023,0.0
RE1,DEMPWRSURWAT,N2O,2024,0.0
RE1,DEMPWRSURWAT,N2O,2025,0.0
RE1,DEMPWRSURWAT,N2O,2026,0.0
RE1,DEMPWRSURWAT,N2O,2027,0.0
RE1,DEMPWRSURWAT,N2O,2028,0.0
RE1,DEMPWRSURWAT,N2O,2029,0.0
RE1,DEMPWRSURWAT,N2O,2030,0.0
RE1,DEMPWRSURWAT,N2O,2031,0.0
RE1,DEMPWRSURWAT,N2O,2032,0.0
RE1,DEMPWRSURWAT,N2O,2033,0.0
RE1,DEMPWRSURWAT,N2O,2034,0.0
RE1,DEMPWRSURWAT,N2O,2035,0.0
RE1,DEMPWRSURWAT,CH4,2020,0.0
RE1,DEMPWRSURWAT,CH4,2021,0.0
RE1,DEMPWRSURWAT,CH4,2022,0.0
RE1,DEMPWRSURWAT,CH4,2023,0.0
RE1,DEMPWRSURWAT,CH4,2024,0.0
RE1,DEMPWRSURWAT,CH4,2025,0.0
RE1,DEMPWRSURWAT,CH4,2026,0.0
RE1,DEMPWRSURWAT,CH4,2027,0.0
RE1,DEMPWRSURWAT,CH4,2028,0.0
RE1,DEMPWRSURWAT,CH4,2029,0.0
RE1,DEMPWRSURWAT,CH4,2030,0.0
RE1,DEMPWRSURWAT,CH4,2031,0.0
RE1,DEMPWRSURWAT,CH4,2032,0.0
RE1,DEMPWRSURWAT,CH4,2033,0.0
RE1,DEMPWRSURWAT,CH4,2034,0.0
RE1,DEMPWRSURWAT,CH4,2035,0.0
RE1,DEMPWRSURWAT,CO2EQ,2020,0.0
RE1,DEMPWRSURWAT,CO2EQ,2021,0.0
RE1,DEMPWRSURWAT,CO2EQ,2022,0.0
RE1,DEMPWRSURWAT,CO2EQ,2023,0.0
RE1,DEMPWRSURWAT,CO2EQ,2024,0.0
RE1,DEMPWRSURWAT,CO2EQ,2025,0.0
RE1,DEMPWRSURWAT,CO2EQ,2026,0.0
RE1,DEMPWRSURWAT,CO2EQ,2027,0.0
RE1,DEMPWRSURWAT,CO2EQ,2028,0.0
RE1,DEMPWRSURWAT,CO2EQ,2029,0.0
RE1,DEMPWRSURWAT,CO2EQ,2030,0.0
RE1,DEMPWRSURWAT,CO2EQ,2031,0.0
RE1,DEMPWRSURWAT,CO2EQ,2032,0.0
RE1,DEMPWRSURWAT,CO2EQ,2033,0.0
RE1,DEMPWRSURWAT,CO2EQ,2034,0.0
RE1,DEMPWRSURWAT,CO2EQ,2035,0.0
RE1,IMPDSL,CO2,2020,174.711
RE1,IMPDSL,CO2,2021,182.9889
RE1,IMPDSL,CO2,2022,189.0417
RE1,IMPDSL,CO2,2023,199.5438
RE1,IMPDSL,CO2,2024,203.4843
RE1,IMPDSL,CO2,2025,209.2132
RE1,IMPDSL,CO2,2026,249.8092
RE1,IMPDSL,CO2,2027,218.4024
RE1,IMPDSL,CO2,2028,224.0874
RE1,IMPDSL,CO2,2029,231.0047
RE1,IMPDSL,CO2,2030,237.0028
RE1,IMPDSL,CO2,2031,242.9845
RE1,IMPDSL,CO2,2032,250.0
RE1,IMPDSL,CO2,2033,255.5288
RE1,IMPDSL,CO2,2034,262.5912
RE1,IMPDSL,CO2,2035,268.7222
RE1,IMPDSL,N2O,2020,0.0
RE1,IMPDSL,N2O,2021,0.0
RE1,IMPDSL,N2O,2022,0.0
RE1,IMPDSL,N2O,2023,0.0
RE1,IMPDSL,N2O,2024,0.0
RE1,IMPDSL,N2O,2025,0.0
RE1,IMPDSL,N2O,2026,0.0
RE1,IMPDSL,N2O,2027,0.0
RE1,IMPDSL,N2O,2028,0.0
RE1,IMPDSL,N2O,2029,0.0
RE1,IMPDSL,N2O,2030,0.0
RE1,IMPDSL,N2O,2031,0.0
RE1,IMPDSL,N2O,2032,0.0
RE1,IMPDSL,N2O,2033,0.0
RE1,IMPDSL,N2O,2034,0.0
RE1,IMPDSL,N2O,2035,0.0
RE1,IMPDSL,CH4,2020,0.0
RE1,IMPDSL,CH4,2021,0.0
RE1,IMPDSL,CH4,2022,0.0
RE1,IMPDSL,CH4,2023,0.0
RE1,IMPDSL,CH4,2024,0.0
RE1,IMPDSL,CH4,2025,0.0
RE1,IMPDSL,CH4,2026,0.0
RE1,IMPDSL,CH4,2027,0.0
RE1,IMPDSL,CH4,2028,0.0
RE1,IMPDSL,CH4,2029,0.0
RE1,IMPDSL,CH4,2030,0.0
RE1,IMPDSL,CH4,2031,0.0
RE1,IMPDSL,CH4,2032,0.0
RE1,IMPDSL,CH4,2033,0.0
RE1,IMPDSL,CH4,2034,0.0
RE1,IMPDSL,CH4,2035,0.0
RE1,IMPDSL,CO2EQ,2020,175.426
RE1,IMPDSL,CO2EQ,2021,183.7378
RE1,IMPDSL,CO2EQ,2022,189.8154
RE1,IMPDSL,CO2EQ,2023,200.3604
RE1,IMPDSL,CO2EQ,2024,204.3171
RE1,IMPDSL,CO2EQ,2025,210.0695
RE1,IMPDSL,CO2EQ,2026,250.8316
RE1,IMPDSL,CO2EQ,2027,219.2962
RE1,IMPDSL,CO2EQ,2028,225.0045
RE1,IMPDSL,CO2EQ,2029,231.9502
RE1,IMPDSL,CO2EQ,2030,237.9728
RE1,IMPDSL,CO2EQ,2031,243.979
RE1,IMPDSL,CO2EQ,2032,251.0232
RE1,IMPDSL,CO2EQ,2033,256.5746
RE1,IMPDSL,CO2EQ,2034,263.6659
RE1,IMPDSL,CO2EQ,2035,269.822
RE1,DEMTRABIO,CO2,2020,83.8863
RE1,DEMTRABIO,CO2,2021,86.4028
RE1,DEMTRABIO,CO2,2022,88.9194
RE1,DEMTRABIO,CO2,2023,91.436
RE1,DEMTRABIO,CO2,2024,93.9526
RE1,DEMTRABIO,CO2,2025,97.3081
RE1,DEMTRABIO,CO2,2026,99.8246
RE1,DEMTRABIO,CO2,2027,102.3412
RE1,DEMTRABIO,CO2,2028,105.6967
RE1,DEMTRABIO,CO2,2029,109.0521
RE1,DEMTRABIO,CO2,2030,112.4076
RE1,DEMTRABIO,CO2,2031,115.763
RE1,DEMTRABIO,CO2,2032,119.1185
RE1,DEMTRABIO,CO2,2033,122.4739
RE1,DEMTRABIO,CO2,2034,125.8294
RE1,DEMTRABIO,CO2,2035,129.1848
RE1,DEMTRABIO,N2O,2020,0.0
RE1,DEMTRABIO,N2O,2021,0.0
RE1,DEMTRABIO,N2O,2022,0.0
RE1,DEMTRABIO,N2O,2023,0.0
RE1,DEMTRABIO,N2O,2024,0.0
RE1,DEMTRABIO,N2O,2025,0.0
RE1,DEMTRABIO,N2O,2026,0.0
RE1,DEMTRABIO,N2O,2027,0.0
RE1,DEMTRABIO,N2O,2028,0.0
RE1,DEMTRABIO,N2O,2029,0.0
RE1,DEMTRABIO,N2O,2030,0.0
RE1,DEMTRABIO,N2O,2031,0.0
RE1,DEMTRABIO,N2O,2032,0.0
RE1,DEMTRABIO,N2O,2033,0.0
RE1,DEMTRABIO,N2O,2034,0.0
RE1,DEMTRABIO,N2O,2035,0.0
RE1,DEMTRABIO,CH4,2020,0.0
RE1,DEMTRABIO,CH4,2021,0.0
RE1,DEMTRABIO,CH4,2022,0.0
RE1,DEMTRABIO,CH4,2023,0.0
RE1,DEMTRABIO,CH4,2024,0.0
RE1,DEMTRABIO,CH4,2025,0.0
RE1,DEMTRABIO,CH4,2026,0.0
RE1,DEMTRABIO,CH4,2027,0.0
RE1,DEMTRABIO,CH4,2028,0.0
RE1,DEMTRABIO,CH4,2029,0.0
RE1,DEMTRABIO,CH4,2030,0.0
RE1,DEMTRABIO,CH4,2031,0.0
RE1,DEMTRABIO,CH4,2032,0.0
RE1,DEMTRABIO,CH4,2033,0.0
RE1,DEMTRABIO,CH4,2034,0.0
RE1,DEMTRABIO,CH4,2035,0.0
RE1,DEMTRABIO,CO2EQ,2020,86.2559
RE1,DEMTRABIO,CO2EQ,2021,88.8436
RE1,DEMTRABIO,CO2EQ,2022,91.4313
RE1,DEMTRABIO,CO2EQ,2023,94.019
RE1,DEMTRABIO,CO2EQ,2024,96.6066
RE1,DEMTRABIO,CO2EQ,2025,100.0569
RE1,DEMTRABIO,CO2EQ,2026,102.6446
RE1,DEMTRABIO,CO2EQ,2027,105.2322
RE1,DEMTRABIO,CO2EQ,2028,108.6825
RE1,DEMTRABIO,CO2EQ,2029,112.1327
RE1,DEMTRABIO,CO2EQ,2030,115.5829
RE1,DEMTRABIO,CO2EQ,2031,119.0332
RE1,DEMTRABIO,CO2EQ,2032,122.4834
RE1,DEMTRABIO,CO2EQ,2033,125.9336
RE1,DEMTRABIO,CO2EQ,2034,129.3839
RE1,DEMTRABIO,CO2EQ,2035,132.8341
RE1,STGIN,CO2,2020,0.0
RE1,STGIN,CO2,2021,0.0
RE1,STGIN,CO2,2022,0.0
RE1,STGIN,CO2,2023,0.0
RE1,STGIN,CO2,2024,0.0
RE1,STGIN,CO2,2025,0.0
RE1,STGIN,CO2,2026,0.0
RE1,STGIN,CO2,2027,0.0
RE1,STGIN,CO2,2028,0.0
RE1,STGIN,CO2,2029,0.0
RE1,STGIN,CO2,2030,0.0
RE1,STGIN,CO2,2031,0.0
RE1,STGIN,CO2,2032,0.0
RE1,STGIN,CO2,2033,0.0
RE1,STGIN,CO2,2034,0.0
RE1,STGIN,CO2,2035,0.0
RE1,STGIN,N2O,2020,0.0
RE1,STGIN,N2O,2021,0.0
RE1,STGIN,N2O,2022,0.0
RE1,STGIN,N2O,2023,0.0
RE1,STGIN,N2O,2024,0.0
RE1,STGIN,N2O,2025,0.0
RE1,STGIN,N2O,2026,0.0
RE1,STGIN,N2O,2027,0.0
RE1,STGIN,N2O,2028,0.0
RE1,STGIN,N2O,2029,0.0
RE1,STGIN,N2O,2030,0.0
RE1,STGIN,N2O,2031,0.0
RE1,STGIN,N2O,2032,0.0
RE1,STGIN,N2O,2033,0.0
RE1,STGIN,N2O,2034,0.0
RE1,STGIN,N2O,2035,0.0
RE1,STGIN,CH4,2020,0.0
RE1,STGIN,CH4,2021,0.0
RE1,STGIN,CH4,2022,0.0
RE1,STGIN,CH4,2023,0.0
RE1,STGIN,CH4,2024,0.0
RE1,STGIN,CH4,2025,0.0
RE1,STGIN,CH4,2026,0.0
RE1,STGIN,CH4,2027,0.0
RE1,STGIN,CH4,2028,0.0
RE1,STGIN,CH4,2029,0.0
RE1,STGIN,CH4,2030,0.0
RE1,STGIN,CH4,2031,0.0
RE1,STGIN,CH4,2032,0.0
RE1,STGIN,CH4,2033,0.0
RE1,STGIN,CH4,2034,0.0
RE1,STGIN,CH4,2035,0.0
RE1,STGIN,CO2EQ,2020,0.0
RE1,STGIN,CO2EQ,2021,0.0
RE1,STGIN,CO2EQ,2022,0.0
RE1,STGIN,CO2EQ,2023,0.0
RE1,STGIN,CO2EQ,2024,0.0
RE1,STGIN,CO2EQ,2025,0.0
RE1,STGIN,CO2EQ,2026,0.0
RE1,STGIN,CO2EQ,2027,0.0
RE1,STGIN,CO2EQ,2028,0.0
RE1,STGIN,CO2EQ,2029,0.0
RE1,STGIN,CO2EQ,2030,0.0
RE1,STGIN,CO2EQ,2031,0.0
RE1,STGIN,CO2EQ,2032,0.0
RE1,STGIN,CO2EQ,2033,0.0
RE1,STGIN,CO2EQ,2034,0.0
RE1,STGIN,CO2EQ,2035,0.0
RE1,STGOUT,CO2,2020,0.0
RE1,STGOUT,CO2,2021,0.0
RE1,STGOUT,CO2,2022,0.0
RE1,STGOUT,CO2,2023,0.0
RE1,STGOUT,CO2,2024,0.0
RE1,STGOUT,CO2,2025,0.0
RE1,STGOUT,CO2,2026,0.0
RE1,STGOUT,CO2,2027,0.0
RE1,STGOUT,CO2,2028,0.0
RE1,STGOUT,CO2,2029,0.0
RE1,STGOUT,CO2,2030,0.0
RE1,STGOUT,CO2,2031,0.0
RE1,STGOUT,CO2,2032,0.0
RE1,STGOUT,CO2,2033,0.0
RE1,STGOUT,CO2,2034,0.0
RE1,STGOUT,CO2,2035,0.0
RE1,STGOUT,N2O,2020,0.0
RE1,STGOUT,N2O,2021,0.0
RE1,STGOUT,N2O,2022,0.0
RE1,STGOUT,N2O,2023,0.0
RE1,STGOUT,N2O,2024,0.0
RE1,STGOUT,N2O,2025,0.0
RE1,STGOUT,N2O,2026,0.0
RE1,STGOUT,N2O,2027,0.0
RE1,STGOUT,N2O,2028,0.0
RE1,STGOUT,N2O,2029,0.0
RE1,STGOUT,N2O,2030,0.0
RE1,STGOUT,N2O,2031,0.0
RE1,STGOUT,N2O,2032,0.0
RE1,STGOUT,N2O,2033,0.0
RE1,STGOUT,N2O,2034,0.0
RE1,STGOUT,N2O,2035,0.0
RE1,STGOUT,CH4,2020,0.0
RE1,STGOUT,CH4,2021,0.0
RE1,STGOUT,CH4,2022,0.0
RE1,STGOUT,CH4,2023,0.0
RE1,STGOUT,CH4,2024,0.0
RE1,STGOUT,CH4,2025,0.0
RE1,STGOUT,CH4,2026,0.0
RE1,STGOUT,CH4,2027,0.0
RE1,STGOUT,CH4,2028,0.0
RE1,STGOUT,CH4,2029,0.0
RE1,STGOUT,CH4,2030,0.0
RE1,STGOUT,CH4,2031,0.0
RE1,STGOUT,CH4,2032,0.0
RE1,STGOUT,CH4,2033,0.0
RE1,STGOUT,CH4,2034,0.0
RE1,STGOUT,CH4,2035,0.0
RE1,STGOUT,CO2EQ,2020,0.0
RE1,STGOUT,CO2EQ,2021,0.0
RE1,STGOUT,CO2EQ,2022,0.0
RE1,STGOUT,CO2EQ,2023,0.0
RE1,STGOUT,CO2EQ,2024,0.0
RE1,STGOUT,CO2EQ,2025,0.0
RE1,STGOUT,CO2EQ,2026,0.0
RE1,STGOUT,CO2EQ,2027,0.0
RE1,STGOUT,CO2EQ,2028,0.0
RE1,STGOUT,CO2EQ,2029,0.0
RE1,STGOUT,CO2EQ,2030,0.0
RE1,STGOUT,CO2EQ,2031,0.0
RE1,STGOUT,CO2EQ,2032,0.0
RE1,STGOUT,CO2EQ,2033,0.0
RE1,STGOUT,CO2EQ,2034,0.0
RE1,STGOUT,CO2EQ,2035,0.0
