r,t,y,AnnualFixedOperatingCost
RE1,MINCOA,2020,0.0473
RE1,MINCOA,2021,0.0473
RE1,MINCOA,2022,0.0473
RE1,MINCOA,2023,0.0473
RE1,MINCOA,2024,0.0473
RE1,MINCOA,2025,0.0473
RE1,MINCOA,2026,0.0473
RE1,MINCOA,2027,0.0473
RE1,MINCOA,2028,0.0473
RE1,MINCOA,2029,0.0473
RE1,MINCOA,2030,0.0473
RE1,MINCOA,2031,0.0473
RE1,MINCOA,2032,0.0473
RE1,MINCOA,2033,0.0473
RE1,MINCOA,2034,0.0473
RE1,MINCOA,2035,0.0473
RE1,MINGAS,2020,0.0063
RE1,MINGAS,2021,0.0063
RE1,MINGAS,2022,0.0063
RE1,MINGAS,2023,0.0063
RE1,MINGAS,2024,0.0063
RE1,MINGAS,2025,0.0063
RE1,MINGAS,2026,0.0121
RE1,MINGAS,2027,0.0123
RE1,MINGAS,2028,0.0123
RE1,MINGAS,2029,0.0123
RE1,MINGAS,2030,0.0123
RE1,MINGAS,2031,0.0123
RE1,MINGAS,2032,0.0123
RE1,MINGAS,2033,0.0123
RE1,MINGAS,2034,0.0123
RE1,MINGAS,2035,0.0123
RE1,PWRCOA,2020,360.0
RE1,PWRCOA,2021,360.0
RE1,PWRCOA,2022,360.0
RE1,PWRCOA,2023,360.0
RE1,PWRCOA,2024,360.0
RE1,PWRCOA,2025,360.0
RE1,PWRCOA,2026,252.0
RE1,PWRCOA,2027,252.0
RE1,PWRCOA,2028,252.0
RE1,PWRCOA,2029,252.0
RE1,PWRCOA,2030,252.0
RE1,PWRCOA,2031,252.0
RE1,PWRCOA,2032,252.0
RE1,PWRCOA,2033,252.0
RE1,PWRCOA,2034,252.0
RE1,PWRCOA,2035,252.0
RE1,PWRGAS,2020,27.0
RE1,PWRGAS,2021,27.0
RE1,PWRGAS,2022,27.0
RE1,PWRGAS,2023,27.0
RE1,PWRGAS,2024,27.0
RE1,PWRGAS,2025,27.0
RE1,PWRGAS,2026,51.7208
RE1,PWRGAS,2027,52.7297
RE1,PWRGAS,2028,52.7297
RE1,PWRGAS,2029,52.7297
RE1,PWRGAS,2030,52.7297
RE1,PWRGAS,2031,52.7297
RE1,PWRGAS,2032,52.7297
RE1,PWRGAS,2033,52.7297
RE1,PWRGAS,2034,52.7297
RE1,PWRGAS,2035,52.7297
RE1,PWRTRN,2020,185.0171
RE1,PWRTRN,2021,194.2418
RE1,PWRTRN,2022,203.4689
RE1,PWRTRN,2023,212.6946
RE1,PWRTRN,2024,221.9248
RE1,PWRTRN,2025,231.1677
RE1,PWRTRN,2026,226.3677
RE1,PWRTRN,2027,236.4942
RE1,PWRTRN,2028,245.7371
RE1,PWRTRN,2029,254.983
RE1,PWRTRN,2030,264.2259
RE1,PWRTRN,2031,273.4716
RE1,PWRTRN,2032,282.7137
RE1,PWRTRN,2033,291.9586
RE1,PWRTRN,2034,301.2022
RE1,PWRTRN,2035,310.4466
RE1,RSCWND,2020,0.0011
RE1,RSCWND,2021,0.0024
RE1,RSCWND,2022,0.0038
RE1,RSCWND,2023,0.0051
RE1,RSCWND,2024,0.0064
RE1,RSCWND,2025,0.0077
RE1,RSCWND,2026,0.0091
RE1,RSCWND,2027,0.0104
RE1,RSCWND,2028,0.0117
RE1,RSCWND,2029,0.013
RE1,RSCWND,2030,0.0144
RE1,RSCWND,2031,0.0157
RE1,RSCWND,2032,0.017
RE1,RSCWND,2033,0.0183
RE1,RSCWND,2034,0.0197
RE1,RSCWND,2035,0.021
RE1,RSCSOL,2020,0.0
RE1,RSCSOL,2021,0.0
RE1,RSCSOL,2022,0.0003
RE1,RSCSOL,2023,0.0015
RE1,RSCSOL,2024,0.0027
RE1,RSCSOL,2025,0.004
RE1,RSCSOL,2026,0.0075
RE1,RSCSOL,2027,0.0089
RE1,RSCSOL,2028,0.0106
RE1,RSCSOL,2029,0.0125
RE1,RSCSOL,2030,0.0145
RE1,RSCSOL,2031,0.0167
RE1,RSCSOL,2032,0.0192
RE1,RSCSOL,2033,0.0218
RE1,RSCSOL,2034,0.0246
RE1,RSCSOL,2035,0.0276
RE1,RSCHYD,2020,0.0109
RE1,RSCHYD,2021,0.011
RE1,RSCHYD,2022,0.011
RE1,RSCHYD,2023,0.011
RE1,RSCHYD,2024,0.0111
RE1,RSCHYD,2025,0.0111
RE1,RSCHYD,2026,0.0112
RE1,RSCHYD,2027,0.0112
RE1,RSCHYD,2028,0.0112
RE1,RSCHYD,2029,0.0113
RE1,RSCHYD,2030,0.0113
RE1,RSCHYD,2031,0.0114
RE1,RSCHYD,2032,0.0114
RE1,RSCHYD,2033,0.0114
RE1,RSCHYD,2034,0.0115
RE1,RSCHYD,2035,0.0115
RE1,PWRWND,2020,36.3981
RE1,PWRWND,2021,79.3981
RE1,PWRWND,2022,122.3981
RE1,PWRWND,2023,165.3981
RE1,PWRWND,2024,208.3981
RE1,PWRWND,2025,251.3981
RE1,PWRWND,2026,294.3981
RE1,PWRWND,2027,337.3981
RE1,PWRWND,2028,380.3981
RE1,PWRWND,2029,423.3981
RE1,PWRWND,2030,466.3981
RE1,PWRWND,2031,509.3981
RE1,PWRWND,2032,552.3981
RE1,PWRWND,2033,595.3981
RE1,PWRWND,2034,638.3981
RE1,PWRWND,2035,681.3981
RE1,PWRSOL,2020,0.0
RE1,PWRSOL,2021,0.0
RE1,PWRSOL,2022,5.7293
RE1,PWRSOL,2023,28.786
RE1,PWRSOL,2024,51.8984
RE1,PWRSOL,2025,77.9113
RE1,PWRSOL,2026,146.6972
RE1,PWRSOL,2027,173.6916
RE1,PWRSOL,2028,205.228
RE1,PWRSOL,2029,242.2691
RE1,PWRSOL,2030,282.2571
RE1,PWRSOL,2031,325.047
RE1,PWRSOL,2032,373.2154
RE1,PWRSOL,2033,422.8046
RE1,PWRSOL,2034,477.777
RE1,PWRSOL,2035,535.4491
RE1,PWRHYD,2020,189.0
RE1,PWRHYD,2021,189.0
RE1,PWRHYD,2022,189.0
RE1,PWRHYD,2023,189.0
RE1,PWRHYD,2024,189.0
RE1,PWRHYD,2025,189.0
RE1,PWRHYD,2026,189.0
RE1,PWRHYD,2027,189.0
RE1,PWRHYD,2028,189.0
RE1,PWRHYD,2029,189.0
RE1,PWRHYD,2030,189.0
RE1,PWRHYD,2031,189.0
RE1,PWRHYD,2032,189.0
RE1,PWRHYD,2033,189.0
RE1,PWRHYD,2034,189.0
RE1,PWRHYD,2035,189.0
RE1,RSCLND,2020,0.03
RE1,RSCLND,2021,0.03
RE1,RSCLND,2022,0.03
RE1,RSCLND,2023,0.03
RE1,RSCLND,2024,0.03
RE1,RSCLND,2025,0.03
RE1,RSCLND,2026,0.03
RE1,RSCLND,2027,0.03
RE1,RSCLND,2028,0.03
RE1,RSCLND,2029,0.03
RE1,RSCLND,2030,0.03
RE1,RSCLND,2031,0.03
RE1,RSCLND,2032,0.03
RE1,RSCLND,2033,0.03
RE1,RSCLND,2034,0.03
RE1,RSCLND,2035,0.03
RE1,LNDMAIRNF,2020,287.0
RE1,LNDMAIRNF,2021,293.1028
RE1,LNDMAIRNF,2022,300.3824
RE1,LNDMAIRNF,2023,307.3719
RE1,LNDMAIRNF,2024,314.4787
RE1,LNDMAIRNF,2025,323.7262
RE1,LNDMAIRNF,2026,330.6426
RE1,LNDMAIRNF,2027,337.6624
RE1,LNDMAIRNF,2028,346.8081
RE1,LNDMAIRNF,2029,355.8409
RE1,LNDMAIRNF,2030,364.961
RE1,LNDMAIRNF,2031,373.9566
RE1,LNDMAIRNF,2032,382.8215
RE1,LNDMAIRNF,2033,391.549
RE1,LNDMAIRNF,2034,400.1325
RE1,LNDMAIRNF,2035,408.7704
RE1,LNDRICRNF,2020,156.53
RE1,LNDRICRNF,2021,156.3165
RE1,LNDRICRNF,2022,156.1167
RE1,LNDRICRNF,2023,155.8259
RE1,LNDRICRNF,2024,155.4303
RE1,LNDRICRNF,2025,154.7354
RE1,LNDRICRNF,2026,153.9066
RE1,LNDRICRNF,2027,152.7478
RE1,LNDRICRNF,2028,151.4229
RE1,LNDRICRNF,2029,149.9145
RE1,LNDRICRNF,2030,148.0242
RE1,LNDRICRNF,2031,145.9131
RE1,LNDRICRNF,2032,143.5612
RE1,LNDRICRNF,2033,140.9475
RE1,LNDRICRNF,2034,137.8695
RE1,LNDRICRNF,2035,134.4842
RE1,LNDMAIIRR,2020,25.764
RE1,LNDMAIIRR,2021,27.0522
RE1,LNDMAIIRR,2022,28.4048
RE1,LNDMAIIRR,2023,29.8251
RE1,LNDMAIIRR,2024,31.3163
RE1,LNDMAIIRR,2025,32.8821
RE1,LNDMAIIRR,2026,34.5262
RE1,LNDMAIIRR,2027,36.2525
RE1,LNDMAIIRR,2028,38.0652
RE1,LNDMAIIRR,2029,39.9684
RE1,LNDMAIIRR,2030,41.9668
RE1,LNDMAIIRR,2031,44.0652
RE1,LNDMAIIRR,2032,46.2684
RE1,LNDMAIIRR,2033,48.5819
RE1,LNDMAIIRR,2034,51.011
RE1,LNDMAIIRR,2035,53.5615
RE1,LNDRICIRR,2020,74.871
RE1,LNDRICIRR,2021,78.6145
RE1,LNDRICIRR,2022,82.5453
RE1,LNDRICIRR,2023,86.6725
RE1,LNDRICIRR,2024,91.0062
RE1,LNDRICIRR,2025,95.5565
RE1,LNDRICIRR,2026,100.3343
RE1,LNDRICIRR,2027,105.351
RE1,LNDRICIRR,2028,110.6186
RE1,LNDRICIRR,2029,116.1495
RE1,LNDRICIRR,2030,121.957
RE1,LNDRICIRR,2031,128.0548
RE1,LNDRICIRR,2032,134.4576
RE1,LNDRICIRR,2033,141.1804
RE1,LNDRICIRR,2034,148.2395
RE1,LNDRICIRR,2035,155.6514
RE1,LNDFOR,2020,0.0254
RE1,LNDFOR,2021,0.0254
RE1,LNDFOR,2022,0.0254
RE1,LNDFOR,2023,0.0254
RE1,LNDFOR,2024,0.0254
RE1,LNDFOR,2025,0.0254
RE1,LNDFOR,2026,0.0254
RE1,LNDFOR,2027,0.0254
RE1,LNDFOR,2028,0.0254
RE1,LNDFOR,2029,0.0254
RE1,LNDFOR,2030,0.0254
RE1,LNDFOR,2031,0.0254
RE1,LNDFOR,2032,0.0254
RE1,LNDFOR,2033,0.0254
RE1,LNDFOR,2034,0.0254
RE1,LNDFOR,2035,0.0254
RE1,LNDBLT,2020,0.0015
RE1,LNDBLT,2021,0.0015
RE1,LNDBLT,2022,0.0015
RE1,LNDBLT,2023,0.0015
RE1,LNDBLT,2024,0.0016
RE1,LNDBLT,2025,0.0016
RE1,LNDBLT,2026,0.0016
RE1,LNDBLT,2027,0.0016
RE1,LNDBLT,2028,0.0016
RE1,LNDBLT,2029,0.0016
RE1,LNDBLT,2030,0.0017
RE1,LNDBLT,2031,0.0017
RE1,LNDBLT,2032,0.0017
RE1,LNDBLT,2033,0.0017
RE1,LNDBLT,2034,0.0017
RE1,LNDBLT,2035,0.0017
RE1,LNDWAT,2020,0.0025
RE1,LNDWAT,2021,0.0026
RE1,LNDWAT,2022,0.0026
RE1,LNDWAT,2023,0.0027
RE1,LNDWAT,2024,0.0028
RE1,LNDWAT,2025,0.0029
RE1,LNDWAT,2026,0.003
RE1,LNDWAT,2027,0.003
RE1,LNDWAT,2028,0.0031
RE1,LNDWAT,2029,0.0032
RE1,LNDWAT,2030,0.0033
RE1,LNDWAT,2031,0.0034
RE1,LNDWAT,2032,0.0035
RE1,LNDWAT,2033,0.0035
RE1,LNDWAT,2034,0.0036
RE1,LNDWAT,2035,0.0037
RE1,RSCPRC,2020,0.036
RE1,RSCPRC,2021,0.036
RE1,RSCPRC,2022,0.036
RE1,RSCPRC,2023,0.036
RE1,RSCPRC,2024,0.036
RE1,RSCPRC,2025,0.036
RE1,RSCPRC,2026,0.036
RE1,RSCPRC,2027,0.036
RE1,RSCPRC,2028,0.036
RE1,RSCPRC,2029,0.036
RE1,RSCPRC,2030,0.036
RE1,RSCPRC,2031,0.036
RE1,RSCPRC,2032,0.036
RE1,RSCPRC,2033,0.036
RE1,RSCPRC,2034,0.036
RE1,RSCPRC,2035,0.036
RE1,UPSWTRSUR,2020,0.0
RE1,UPSWTRSUR,2021,0.0
RE1,UPSWTRSUR,2022,0.0
RE1,UPSWTRSUR,2023,0.0
RE1,UPSWTRSUR,2024,0.0
RE1,UPSWTRSUR,2025,0.0
RE1,UPSWTRSUR,2026,0.0
RE1,UPSWTRSUR,2027,0.0
RE1,UPSWTRSUR,2028,0.0
RE1,UPSWTRSUR,2029,0.0
RE1,UPSWTRSUR,2030,0.0
RE1,UPSWTRSUR,2031,0.0
RE1,UPSWTRSUR,2032,0.0
RE1,UPSWTRSUR,2033,0.0
RE1,UPSWTRSUR,2034,0.0
RE1,UPSWTRSUR,2035,0.0
RE1,DEMPUBSURWAT,2020,3.68
RE1,DEMPUBSURWAT,2021,4.3911
RE1,DEMPUBSURWAT,2022,5.1121
RE1,DEMPUBSURWAT,2023,5.8873
RE1,DEMPUBSURWAT,2024,6.6436
RE1,DEMPUBSURWAT,2025,7.468
RE1,DEMPUBSURWAT,2026,8.2736
RE1,DEMPUBSURWAT,2027,9.1403
RE1,DEMPUBSURWAT,2028,10.0022
RE1,DEMPUBSURWAT,2029,10.9252
RE1,DEMPUBSURWAT,2030,11.8434
RE1,DEMPUBSURWAT,2031,12.8298
RE1,DEMPUBSURWAT,2032,13.8044
RE1,DEMPUBSURWAT,2033,14.8542
RE1,DEMPUBSURWAT,2034,15.8992
RE1,DEMPUBSURWAT,2035,17.0264
RE1,DEMPUBGWTWAT,2020,14.11
RE1,DEMPUBGWTWAT,2021,13.09
RE1,DEMPUBGWTWAT,2022,12.24
RE1,DEMPUBGWTWAT,2023,11.22
RE1,DEMPUBGWTWAT,2024,10.37
RE1,DEMPUBGWTWAT,2025,9.35
RE1,DEMPUBGWTWAT,2026,8.5
RE1,DEMPUBGWTWAT,2027,7.48
RE1,DEMPUBGWTWAT,2028,6.63
RE1,DEMPUBGWTWAT,2029,5.61
RE1,DEMPUBGWTWAT,2030,4.76
RE1,DEMPUBGWTWAT,2031,3.74
RE1,DEMPUBGWTWAT,2032,2.89
RE1,DEMPUBGWTWAT,2033,1.87
RE1,DEMPUBGWTWAT,2034,1.02
RE1,DEMPUBGWTWAT,2035,0.0
RE1,DEMAGRSURWAT,2020,7.0
RE1,DEMAGRSURWAT,2021,6.51
RE1,DEMAGRSURWAT,2022,6.09
RE1,DEMAGRSURWAT,2023,5.6
RE1,DEMAGRSURWAT,2024,5.11
RE1,DEMAGRSURWAT,2025,4.69
RE1,DEMAGRSURWAT,2026,4.2
RE1,DEMAGRSURWAT,2027,3.71
RE1,DEMAGRSURWAT,2028,3.423
RE1,DEMAGRSURWAT,2029,3.8846
RE1,DEMAGRSURWAT,2030,4.3588
RE1,DEMAGRSURWAT,2031,4.9163
RE1,DEMAGRSURWAT,2032,5.4176
RE1,DEMAGRSURWAT,2033,5.9335
RE1,DEMAGRSURWAT,2034,6.5346
RE1,DEMAGRSURWAT,2035,7.0819
RE1,DEMAGRGWTWAT,2020,8.5
RE1,DEMAGRGWTWAT,2021,7.99
RE1,DEMAGRGWTWAT,2022,7.31
RE1,DEMAGRGWTWAT,2023,6.8
RE1,DEMAGRGWTWAT,2024,6.29
RE1,DEMAGRGWTWAT,2025,5.61
RE1,DEMAGRGWTWAT,2026,5.1
RE1,DEMAGRGWTWAT,2027,4.59
RE1,DEMAGRGWTWAT,2028,3.91
RE1,DEMAGRGWTWAT,2029,3.4
RE1,DEMAGRGWTWAT,2030,2.89
RE1,DEMAGRGWTWAT,2031,2.21
RE1,DEMAGRGWTWAT,2032,1.7
RE1,DEMAGRGWTWAT,2033,1.19
RE1,DEMAGRGWTWAT,2034,0.51
RE1,DEMAGRGWTWAT,2035,0.0
RE1,DEMPWRSURWAT,2020,0.5834
RE1,DEMPWRSURWAT,2021,0.5834
RE1,DEMPWRSURWAT,2022,0.5834
RE1,DEMPWRSURWAT,2023,0.5834
RE1,DEMPWRSURWAT,2024,0.5834
RE1,DEMPWRSURWAT,2025,0.5834
RE1,DEMPWRSURWAT,2026,0.5834
RE1,DEMPWRSURWAT,2027,0.5834
RE1,DEMPWRSURWAT,2028,0.5834
RE1,DEMPWRSURWAT,2029,0.5834
RE1,DEMPWRSURWAT,2030,0.5834
RE1,DEMPWRSURWAT,2031,0.5834
RE1,DEMPWRSURWAT,2032,0.5834
RE1,DEMPWRSURWAT,2033,0.5834
RE1,DEMPWRSURWAT,2034,0.5834
RE1,DEMPWRSURWAT,2035,0.5834
RE1,IMPDSL,2020,0.0002
RE1,IMPDSL,2021,0.0002
RE1,IMPDSL,2022,0.0003
RE1,IMPDSL,2023,0.0003
RE1,IMPDSL,2024,0.0003
RE1,IMPDSL,2025,0.0003
RE1,IMPDSL,2026,0.0003
RE1,IMPDSL,2027,0.0003
RE1,IMPDSL,2028,0.0003
RE1,IMPDSL,2029,0.0003
RE1,IMPDSL,2030,0.0003
RE1,IMPDSL,2031,0.0003
RE1,IMPDSL,2032,0.0003
RE1,IMPDSL,2033,0.0003
RE1,IMPDSL,2034,0.0004
RE1,IMPDSL,2035,0.0004
RE1,DEMTRABIO,2020,0.0001
RE1,DEMTRABIO,2021,0.0001
RE1,DEMTRABIO,2022,0.0001
RE1,DEMTRABIO,2023,0.0001
RE1,DEMTRABIO,2024,0.0001
RE1,DEMTRABIO,2025,0.0001
RE1,DEMTRABIO,2026,0.0001
RE1,DEMTRABIO,2027,0.0001
RE1,DEMTRABIO,2028,0.0001
RE1,DEMTRABIO,2029,0.0002
RE1,DEMTRABIO,2030,0.0002
RE1,DEMTRABIO,2031,0.0002
RE1,DEMTRABIO,2032,0.0002
RE1,DEMTRABIO,2033,0.0002
RE1,DEMTRABIO,2034,0.0002
RE1,DEMTRABIO,2035,0.0002
RE1,STGIN,2020,0.0
RE1,STGIN,2021,0.0
RE1,STGIN,2022,0.0
RE1,STGIN,2023,0.0
RE1,STGIN,2024,0.0
RE1,STGIN,2025,0.0
RE1,STGIN,2026,0.0
RE1,STGIN,2027,0.0
RE1,STGIN,2028,0.0
RE1,STGIN,2029,0.0
RE1,STGIN,2030,0.0
RE1,STGIN,2031,0.0
RE1,STGIN,2032,0.0
RE1,STGIN,2033,0.0
RE1,STGIN,2034,0.0
RE1,STGIN,2035,0.0
RE1,STGOUT,2020,0.0
RE1,STGOUT,2021,0.0
RE1,STGOUT,2022,0.0
RE1,STGOUT,2023,0.0
RE1,STGOUT,2024,0.0
RE1,STGOUT,2025,0.0
RE1,STGOUT,2026,0.0
RE1,STGOUT,2027,0.0
RE1,STGOUT,2028,0.0
RE1,STGOUT,2029,0.0
RE1,STGOUT,2030,0.0
RE1,STGOUT,2031,0.0
RE1,STGOUT,2032,0.0
RE1,STGOUT,2033,0.0
RE1,STGOUT,2034,0.0
RE1,STGOUT,2035,0.0
