r,t,e,m,y,EmissionByActivityChange
RE1,LNDFOR,CO2,1,2020,0.0
RE1,LNDFOR,CO2,1,2021,15808.057
RE1,LNDFOR,CO2,1,2022,16084.101
RE1,LNDFOR,CO2,1,2023,15938.848
RE1,LNDFOR,CO2,1,2024,16647.494
RE1,LNDFOR,CO2,1,2025,18287.829
RE1,LNDFOR,CO2,1,2026,16026.613
RE1,LNDFOR,CO2,1,2027,16634.329
RE1,LNDFOR,CO2,1,2028,18350.162
RE1,LNDFOR,CO2,1,2029,18878.241
RE1,LNDFOR,CO2,1,2030,18391.596
RE1,LNDFOR,CO2,1,2031,18909.379
RE1,LNDFOR,CO2,1,2032,18341.625
RE1,LNDFOR,CO2,1,2033,18848.057
RE1,LNDFOR,CO2,1,2034,18719.86
RE1,LNDFOR,CO2,1,2035,18832.601
RE1,LNDFOR,CO2EQ,1,2020,0.0
RE1,LNDFOR,CO2EQ,1,2021,15808.057
RE1,LNDFOR,CO2EQ,1,2022,16084.101
RE1,LNDFOR,CO2EQ,1,2023,15938.848
RE1,LNDFOR,CO2EQ,1,2024,16647.494
RE1,LNDFOR,CO2EQ,1,2025,18287.829
RE1,LNDFOR,CO2EQ,1,2026,16026.613
RE1,LNDFOR,CO2EQ,1,2027,16634.329
RE1,LNDFOR,CO2EQ,1,2028,18350.162
RE1,LNDFOR,CO2EQ,1,2029,18878.241
RE1,LNDFOR,CO2EQ,1,2030,18391.596
RE1,LNDFOR,CO2EQ,1,2031,18909.379
RE1,LNDFOR,CO2EQ,1,2032,18341.625
RE1,LNDFOR,CO2EQ,1,2033,18848.057
RE1,LNDFOR,CO2EQ,1,2034,18719.86
RE1,LNDFOR,CO2EQ,1,2035,18832.601
