r,s,ls,ld,y,StorageLevelDayTypeFinish
RE1,PMPSRG,1,1,2020,0.0
RE1,PMPSRG,1,1,2021,10.0753
RE1,PMPSRG,1,1,2022,23.7006
RE1,PMPSRG,1,1,2023,22.8902
RE1,PMPSRG,1,1,2024,22.8902
RE1,PMPSRG,1,1,2025,22.8902
RE1,PMPSRG,1,1,2026,14.1605
RE1,PMPSRG,1,1,2027,10.3645
RE1,PMPSRG,1,1,2028,48.9848
RE1,PMPSRG,1,1,2029,0.5941
RE1,PMPSRG,1,1,2030,0.0
RE1,PMPSRG,1,1,2031,53.8679
RE1,PMPSRG,1,1,2032,53.7789
RE1,PMPSRG,1,1,2033,60.5163
RE1,PMPSRG,1,1,2034,67.8666
RE1,PMPSRG,1,1,2035,75.5119
RE1,PMPSRG,2,1,2020,0.0
RE1,PMPSRG,2,1,2021,0.0
RE1,PMPSRG,2,1,2022,0.0
RE1,PMPSRG,2,1,2023,0.0
RE1,PMPSRG,2,1,2024,0.0
RE1,PMPSRG,2,1,2025,0.0
RE1,PMPSRG,2,1,2026,0.0
RE1,PMPSRG,2,1,2027,0.0
RE1,PMPSRG,2,1,2028,0.0
RE1,PMPSRG,2,1,2029,0.0
RE1,PMPSRG,2,1,2030,0.0
RE1,PMPSRG,2,1,2031,0.0
RE1,PMPSRG,2,1,2032,0.0
RE1,PMPSRG,2,1,2033,0.0
RE1,PMPSRG,2,1,2034,0.0
RE1,PMPSRG,2,1,2035,0.0
