r,s,ls,ld,y,StorageLevelDayTypeStart
RE1,PMPSRG,1,1,2020,0.0
RE1,PMPSRG,1,1,2021,0.0
RE1,PMPSRG,1,1,2022,0.0
RE1,PMPSRG,1,1,2023,0.0
RE1,PMPSRG,1,1,2024,0.0
RE1,PMPSRG,1,1,2025,0.0
RE1,PMPSRG,1,1,2026,0.0
RE1,PMPSRG,1,1,2027,0.0
RE1,PMPSRG,1,1,2028,0.0
RE1,PMPSRG,1,1,2029,0.0
RE1,PMPSRG,1,1,2030,0.0
RE1,PMPSRG,1,1,2031,0.0
RE1,PMPSRG,1,1,2032,0.0
RE1,PMPSRG,1,1,2033,0.0
RE1,PMPSRG,1,1,2034,0.0
RE1,PMPSRG,1,1,2035,0.0
RE1,PMPSRG,2,1,2020,0.0
RE1,PMPSRG,2,1,2021,5.0779
RE1,PMPSRG,2,1,2022,11.5367
RE1,PMPSRG,2,1,2023,11.5367
RE1,PMPSRG,2,1,2024,11.5367
RE1,PMPSRG,2,1,2025,11.5367
RE1,PMPSRG,2,1,2026,11.5367
RE1,PMPSRG,2,1,2027,12.7235
RE1,PMPSRG,2,1,2028,14.2614
RE1,PMPSRG,2,1,2029,15.9239
RE1,PMPSRG,2,1,2030,17.6176
RE1,PMPSRG,2,1,2031,19.3655
RE1,PMPSRG,2,1,2032,21.3612
RE1,PMPSRG,2,1,2033,24.0373
RE1,PMPSRG,2,1,2034,26.9569
RE1,PMPSRG,2,1,2035,29.9936
