r,t,m,y,TotalAnnualTechnologyActivityByMode
RE1,MINCOA,1,2020,377.4667
RE1,MINCOA,1,2021,384.4381
RE1,MINCOA,1,2022,395.8308
RE1,MINCOA,1,2023,391.6488
RE1,MINCOA,1,2024,387.4735
RE1,MINCOA,1,2025,383.6613
RE1,MINCOA,1,2026,317.5464
RE1,MINCOA,1,2027,318.7527
RE1,MINCOA,1,2028,319.7654
RE1,MINCOA,1,2029,321.7479
RE1,MINCOA,1,2030,324.3002
RE1,MINCOA,1,2031,327.367
RE1,MINCOA,1,2032,331.128
RE1,MINCOA,1,2033,331.128
RE1,MINCOA,1,2034,331.128
RE1,MINCOA,1,2035,331.128
RE1,MINGAS,1,2020,18.2278
RE1,MINGAS,1,2021,18.2278
RE1,MINGAS,1,2022,18.2278
RE1,MINGAS,1,2023,18.2278
RE1,MINGAS,1,2024,18.2278
RE1,MINGAS,1,2025,18.2278
RE1,MINGAS,1,2026,34.9169
RE1,MINGAS,1,2027,35.5981
RE1,MINGAS,1,2028,35.5981
RE1,MINGAS,1,2029,35.5981
RE1,MINGAS,1,2030,35.5981
RE1,MINGAS,1,2031,35.5981
RE1,MINGAS,1,2032,36.0537
RE1,MINGAS,1,2033,40.2885
RE1,MINGAS,1,2034,45.3639
RE1,MINGAS,1,2035,50.876
RE1,PWRCOA,1,2020,125.8222
RE1,PWRCOA,1,2021,128.146
RE1,PWRCOA,1,2022,131.9436
RE1,PWRCOA,1,2023,130.5496
RE1,PWRCOA,1,2024,129.1578
RE1,PWRCOA,1,2025,127.8871
RE1,PWRCOA,1,2026,105.8488
RE1,PWRCOA,1,2027,106.2509
RE1,PWRCOA,1,2028,106.5885
RE1,PWRCOA,1,2029,107.2493
RE1,PWRCOA,1,2030,108.1001
RE1,PWRCOA,1,2031,109.1223
RE1,PWRCOA,1,2032,110.376
RE1,PWRCOA,1,2033,110.376
RE1,PWRCOA,1,2034,110.376
RE1,PWRCOA,1,2035,110.376
RE1,PWRGAS,1,2020,9.1139
RE1,PWRGAS,1,2021,9.1139
RE1,PWRGAS,1,2022,9.1139
RE1,PWRGAS,1,2023,9.1139
RE1,PWRGAS,1,2024,9.1139
RE1,PWRGAS,1,2025,9.1139
RE1,PWRGAS,1,2026,17.4584
RE1,PWRGAS,1,2027,17.799
RE1,PWRGAS,1,2028,17.799
RE1,PWRGAS,1,2029,17.799
RE1,PWRGAS,1,2030,17.799
RE1,PWRGAS,1,2031,17.799
RE1,PWRGAS,1,2032,18.0269
RE1,PWRGAS,1,2033,20.1443
RE1,PWRGAS,1,2034,22.682
RE1,PWRGAS,1,2035,25.438
RE1,PWRTRN,1,2020,185.4473
RE1,PWRTRN,1,2021,199.309
RE1,PWRTRN,1,2022,214.6453
RE1,PWRTRN,1,2023,224.7894
RE1,PWRTRN,1,2024,234.9372
RE1,PWRTRN,1,2025,245.2108
RE1,PWRTRN,1,2026,243.0552
RE1,PWRTRN,1,2027,255.3371
RE1,PWRTRN,1,2028,267.2189
RE1,PWRTRN,1,2029,279.4248
RE1,PWRTRN,1,2030,291.8197
RE1,PWRTRN,1,2031,304.3869
RE1,PWRTRN,1,2032,317.4121
RE1,PWRTRN,1,2033,331.0739
RE1,PWRTRN,1,2034,345.1556
RE1,PWRTRN,1,2035,359.4558
RE1,RSCWND,1,2020,9.737
RE1,RSCWND,1,2021,21.24
RE1,RSCWND,1,2022,32.7431
RE1,RSCWND,1,2023,44.2462
RE1,RSCWND,1,2024,55.7493
RE1,RSCWND,1,2025,67.2523
RE1,RSCWND,1,2026,78.7554
RE1,RSCWND,1,2027,90.2585
RE1,RSCWND,1,2028,101.7615
RE1,RSCWND,1,2029,113.2646
RE1,RSCWND,1,2030,124.7677
RE1,RSCWND,1,2031,136.2708
RE1,RSCWND,1,2032,147.7738
RE1,RSCWND,1,2033,159.2769
RE1,RSCWND,1,2034,170.78
RE1,RSCWND,1,2035,182.283
RE1,RSCSOL,1,2020,0.0
RE1,RSCSOL,1,2021,0.0
RE1,RSCSOL,1,2022,1.7645
RE1,RSCSOL,1,2023,8.8653
RE1,RSCSOL,1,2024,15.9833
RE1,RSCSOL,1,2025,23.9947
RE1,RSCSOL,1,2026,45.1789
RE1,RSCSOL,1,2027,53.4925
RE1,RSCSOL,1,2028,63.2049
RE1,RSCSOL,1,2029,74.6126
RE1,RSCSOL,1,2030,86.9278
RE1,RSCSOL,1,2031,100.106
RE1,RSCSOL,1,2032,114.9406
RE1,RSCSOL,1,2033,130.2128
RE1,RSCSOL,1,2034,147.1428
RE1,RSCSOL,1,2035,164.9044
RE1,RSCHYD,1,2020,101.9355
RE1,RSCHYD,1,2021,102.0225
RE1,RSCHYD,1,2022,102.1116
RE1,RSCHYD,1,2023,102.1994
RE1,RSCHYD,1,2024,102.2906
RE1,RSCHYD,1,2025,102.3938
RE1,RSCHYD,1,2026,102.4814
RE1,RSCHYD,1,2027,102.5719
RE1,RSCHYD,1,2028,102.6747
RE1,RSCHYD,1,2029,102.7796
RE1,RSCHYD,1,2030,102.8823
RE1,RSCHYD,1,2031,102.9869
RE1,RSCHYD,1,2032,103.0884
RE1,RSCHYD,1,2033,103.1919
RE1,RSCHYD,1,2034,103.2941
RE1,RSCHYD,1,2035,103.3968
RE1,PWRWND,1,2020,9.737
RE1,PWRWND,1,2021,21.24
RE1,PWRWND,1,2022,32.7431
RE1,PWRWND,1,2023,44.2462
RE1,PWRWND,1,2024,55.7493
RE1,PWRWND,1,2025,67.2523
RE1,PWRWND,1,2026,78.7554
RE1,PWRWND,1,2027,90.2585
RE1,PWRWND,1,2028,101.7615
RE1,PWRWND,1,2029,113.2646
RE1,PWRWND,1,2030,124.7677
RE1,PWRWND,1,2031,136.2708
RE1,PWRWND,1,2032,147.7738
RE1,PWRWND,1,2033,159.2769
RE1,PWRWND,1,2034,170.78
RE1,PWRWND,1,2035,182.283
RE1,PWRSOL,1,2020,0.0
RE1,PWRSOL,1,2021,0.0
RE1,PWRSOL,1,2022,1.7645
RE1,PWRSOL,1,2023,8.8653
RE1,PWRSOL,1,2024,15.9833
RE1,PWRSOL,1,2025,23.9947
RE1,PWRSOL,1,2026,45.1789
RE1,PWRSOL,1,2027,53.4925
RE1,PWRSOL,1,2028,63.2049
RE1,PWRSOL,1,2029,74.6126
RE1,PWRSOL,1,2030,86.9278
RE1,PWRSOL,1,2031,100.106
RE1,PWRSOL,1,2032,114.9406
RE1,PWRSOL,1,2033,130.2128
RE1,PWRSOL,1,2034,147.1428
RE1,PWRSOL,1,2035,164.9044
RE1,PWRHYD,1,2020,40.7742
RE1,PWRHYD,1,2021,40.809
RE1,PWRHYD,1,2022,40.8446
RE1,PWRHYD,1,2023,40.8798
RE1,PWRHYD,1,2024,40.9162
RE1,PWRHYD,1,2025,40.9575
RE1,PWRHYD,1,2026,40.9926
RE1,PWRHYD,1,2027,41.0288
RE1,PWRHYD,1,2028,41.0699
RE1,PWRHYD,1,2029,41.1119
RE1,PWRHYD,1,2030,41.1529
RE1,PWRHYD,1,2031,41.1948
RE1,PWRHYD,1,2032,41.2354
RE1,PWRHYD,1,2033,41.2767
RE1,PWRHYD,1,2034,41.3176
RE1,PWRHYD,1,2035,41.3587
RE1,RSCLND,1,2020,299.9965
RE1,RSCLND,1,2021,300.0
RE1,RSCLND,1,2022,300.0
RE1,RSCLND,1,2023,300.0
RE1,RSCLND,1,2024,300.0
RE1,RSCLND,1,2025,300.0
RE1,RSCLND,1,2026,300.0
RE1,RSCLND,1,2027,300.0
RE1,RSCLND,1,2028,300.0
RE1,RSCLND,1,2029,300.0
RE1,RSCLND,1,2030,300.0
RE1,RSCLND,1,2031,300.0
RE1,RSCLND,1,2032,300.0
RE1,RSCLND,1,2033,300.0
RE1,RSCLND,1,2034,300.0
RE1,RSCLND,1,2035,300.0
RE1,LNDMAIRNF,1,2020,4.085
RE1,LNDMAIRNF,1,2021,4.1872
RE1,LNDMAIRNF,1,2022,4.2912
RE1,LNDMAIRNF,1,2023,4.391
RE1,LNDMAIRNF,1,2024,4.4926
RE1,LNDMAIRNF,1,2025,4.6247
RE1,LNDMAIRNF,1,2026,4.7235
RE1,LNDMAIRNF,1,2027,4.8237
RE1,LNDMAIRNF,1,2028,4.9544
RE1,LNDMAIRNF,1,2029,5.0834
RE1,LNDMAIRNF,1,2030,5.2137
RE1,LNDMAIRNF,1,2031,5.3422
RE1,LNDMAIRNF,1,2032,5.4689
RE1,LNDMAIRNF,1,2033,5.5936
RE1,LNDMAIRNF,1,2034,5.7162
RE1,LNDMAIRNF,1,2035,5.8396
RE1,LNDRICRNF,1,2020,1.4205
RE1,LNDRICRNF,1,2021,1.4211
RE1,LNDRICRNF,1,2022,1.4192
RE1,LNDRICRNF,1,2023,1.4166
RE1,LNDRICRNF,1,2024,1.413
RE1,LNDRICRNF,1,2025,1.4067
RE1,LNDRICRNF,1,2026,1.3992
RE1,LNDRICRNF,1,2027,1.3886
RE1,LNDRICRNF,1,2028,1.3766
RE1,LNDRICRNF,1,2029,1.3629
RE1,LNDRICRNF,1,2030,1.3457
RE1,LNDRICRNF,1,2031,1.3265
RE1,LNDRICRNF,1,2032,1.3051
RE1,LNDRICRNF,1,2033,1.2813
RE1,LNDRICRNF,1,2034,1.2534
RE1,LNDRICRNF,1,2035,1.2226
RE1,LNDMAIIRR,1,2020,0.339
RE1,LNDMAIIRR,1,2021,0.356
RE1,LNDMAIIRR,1,2022,0.3737
RE1,LNDMAIIRR,1,2023,0.3924
RE1,LNDMAIIRR,1,2024,0.4121
RE1,LNDMAIIRR,1,2025,0.4327
RE1,LNDMAIIRR,1,2026,0.4543
RE1,LNDMAIIRR,1,2027,0.477
RE1,LNDMAIIRR,1,2028,0.5009
RE1,LNDMAIIRR,1,2029,0.5259
RE1,LNDMAIIRR,1,2030,0.5522
RE1,LNDMAIIRR,1,2031,0.5798
RE1,LNDMAIIRR,1,2032,0.6088
RE1,LNDMAIIRR,1,2033,0.6392
RE1,LNDMAIIRR,1,2034,0.6712
RE1,LNDMAIIRR,1,2035,0.7048
RE1,LNDRICIRR,1,2020,0.531
RE1,LNDRICIRR,1,2021,0.5576
RE1,LNDRICIRR,1,2022,0.5854
RE1,LNDRICIRR,1,2023,0.6147
RE1,LNDRICIRR,1,2024,0.6454
RE1,LNDRICIRR,1,2025,0.6777
RE1,LNDRICIRR,1,2026,0.7116
RE1,LNDRICIRR,1,2027,0.7472
RE1,LNDRICIRR,1,2028,0.7845
RE1,LNDRICIRR,1,2029,0.8238
RE1,LNDRICIRR,1,2030,0.8649
RE1,LNDRICIRR,1,2031,0.9082
RE1,LNDRICIRR,1,2032,0.9536
RE1,LNDRICIRR,1,2033,1.0013
RE1,LNDRICIRR,1,2034,1.0513
RE1,LNDRICIRR,1,2035,1.1039
RE1,LNDFOR,1,2020,253.6
RE1,LNDFOR,1,2021,253.3073
RE1,LNDFOR,1,2022,253.0094
RE1,LNDFOR,1,2023,252.7142
RE1,LNDFOR,1,2024,252.406
RE1,LNDFOR,1,2025,252.0673
RE1,LNDFOR,1,2026,251.7705
RE1,LNDFOR,1,2027,251.4625
RE1,LNDFOR,1,2028,251.1226
RE1,LNDFOR,1,2029,250.773
RE1,LNDFOR,1,2030,250.4325
RE1,LNDFOR,1,2031,250.0823
RE1,LNDFOR,1,2032,249.7426
RE1,LNDFOR,1,2033,249.3936
RE1,LNDFOR,1,2034,249.0469
RE1,LNDFOR,1,2035,248.6982
RE1,LNDBLT,1,2020,15.0
RE1,LNDBLT,1,2021,15.15
RE1,LNDBLT,1,2022,15.3
RE1,LNDBLT,1,2023,15.45
RE1,LNDBLT,1,2024,15.61
RE1,LNDBLT,1,2025,15.77
RE1,LNDBLT,1,2026,15.92
RE1,LNDBLT,1,2027,16.08
RE1,LNDBLT,1,2028,16.24
RE1,LNDBLT,1,2029,16.41
RE1,LNDBLT,1,2030,16.57
RE1,LNDBLT,1,2031,16.74
RE1,LNDBLT,1,2032,16.9
RE1,LNDBLT,1,2033,17.07
RE1,LNDBLT,1,2034,17.24
RE1,LNDBLT,1,2035,17.41
RE1,LNDWAT,1,2020,25.021
RE1,LNDWAT,1,2021,25.021
RE1,LNDWAT,1,2022,25.021
RE1,LNDWAT,1,2023,25.021
RE1,LNDWAT,1,2024,25.021
RE1,LNDWAT,1,2025,25.021
RE1,LNDWAT,1,2026,25.021
RE1,LNDWAT,1,2027,25.021
RE1,LNDWAT,1,2028,25.021
RE1,LNDWAT,1,2029,25.021
RE1,LNDWAT,1,2030,25.021
RE1,LNDWAT,1,2031,25.021
RE1,LNDWAT,1,2032,25.021
RE1,LNDWAT,1,2033,25.021
RE1,LNDWAT,1,2034,25.021
RE1,LNDWAT,1,2035,25.021
RE1,RSCPRC,1,2020,359.9958
RE1,RSCPRC,1,2021,360.0
RE1,RSCPRC,1,2022,360.0
RE1,RSCPRC,1,2023,360.0
RE1,RSCPRC,1,2024,360.0
RE1,RSCPRC,1,2025,360.0
RE1,RSCPRC,1,2026,360.0
RE1,RSCPRC,1,2027,360.0
RE1,RSCPRC,1,2028,360.0
RE1,RSCPRC,1,2029,360.0
RE1,RSCPRC,1,2030,360.0
RE1,RSCPRC,1,2031,360.0
RE1,RSCPRC,1,2032,360.0
RE1,RSCPRC,1,2033,360.0
RE1,RSCPRC,1,2034,360.0
RE1,RSCPRC,1,2035,360.0
RE1,UPSWTRSUR,1,2020,0.0
RE1,UPSWTRSUR,1,2021,0.0
RE1,UPSWTRSUR,1,2022,0.0
RE1,UPSWTRSUR,1,2023,0.0
RE1,UPSWTRSUR,1,2024,0.0
RE1,UPSWTRSUR,1,2025,0.0
RE1,UPSWTRSUR,1,2026,0.0
RE1,UPSWTRSUR,1,2027,0.0
RE1,UPSWTRSUR,1,2028,0.0
RE1,UPSWTRSUR,1,2029,0.0
RE1,UPSWTRSUR,1,2030,0.0
RE1,UPSWTRSUR,1,2031,0.0
RE1,UPSWTRSUR,1,2032,0.0
RE1,UPSWTRSUR,1,2033,0.0
RE1,UPSWTRSUR,1,2034,0.0
RE1,UPSWTRSUR,1,2035,0.0
RE1,DEMPUBSURWAT,1,2020,0.7608
RE1,DEMPUBSURWAT,1,2021,0.885
RE1,DEMPUBSURWAT,1,2022,1.0116
RE1,DEMPUBSURWAT,1,2023,1.147
RE1,DEMPUBSURWAT,1,2024,1.2799
RE1,DEMPUBSURWAT,1,2025,1.4243
RE1,DEMPUBSURWAT,1,2026,1.5663
RE1,DEMPUBSURWAT,1,2027,1.7184
RE1,DEMPUBSURWAT,1,2028,1.8707
RE1,DEMPUBSURWAT,1,2029,2.0331
RE1,DEMPUBSURWAT,1,2030,2.1957
RE1,DEMPUBSURWAT,1,2031,2.3697
RE1,DEMPUBSURWAT,1,2032,2.5221
RE1,DEMPUBSURWAT,1,2033,2.6832
RE1,DEMPUBSURWAT,1,2034,2.8477
RE1,DEMPUBSURWAT,1,2035,3.0225
RE1,DEMPUBGWTWAT,1,2020,0.4779
RE1,DEMPUBGWTWAT,1,2021,0.4412
RE1,DEMPUBGWTWAT,1,2022,0.4072
RE1,DEMPUBGWTWAT,1,2023,0.3668
RE1,DEMPUBGWTWAT,1,2024,0.3326
RE1,DEMPUBGWTWAT,1,2025,0.2919
RE1,DEMPUBGWTWAT,1,2026,0.2574
RE1,DEMPUBGWTWAT,1,2027,0.2166
RE1,DEMPUBGWTWAT,1,2028,0.1818
RE1,DEMPUBGWTWAT,1,2029,0.1406
RE1,DEMPUBGWTWAT,1,2030,0.1055
RE1,DEMPUBGWTWAT,1,2031,0.064
RE1,DEMPUBGWTWAT,1,2032,0.0491
RE1,DEMPUBGWTWAT,1,2033,0.0318
RE1,DEMPUBGWTWAT,1,2034,0.0173
RE1,DEMPUBGWTWAT,1,2035,0.0
RE1,DEMAGRSURWAT,1,2020,0.4866
RE1,DEMAGRSURWAT,1,2021,0.511
RE1,DEMAGRSURWAT,1,2022,0.5365
RE1,DEMAGRSURWAT,1,2023,0.5633
RE1,DEMAGRSURWAT,1,2024,0.5915
RE1,DEMAGRSURWAT,1,2025,0.6211
RE1,DEMAGRSURWAT,1,2026,0.6
RE1,DEMAGRSURWAT,1,2027,0.53
RE1,DEMAGRSURWAT,1,2028,0.489
RE1,DEMAGRSURWAT,1,2029,0.5549
RE1,DEMAGRSURWAT,1,2030,0.6227
RE1,DEMAGRSURWAT,1,2031,0.7023
RE1,DEMAGRSURWAT,1,2032,0.7739
RE1,DEMAGRSURWAT,1,2033,0.8476
RE1,DEMAGRSURWAT,1,2034,0.9335
RE1,DEMAGRSURWAT,1,2035,1.0117
RE1,DEMAGRGWTWAT,1,2020,0.0
RE1,DEMAGRGWTWAT,1,2021,0.0
RE1,DEMAGRGWTWAT,1,2022,0.0
RE1,DEMAGRGWTWAT,1,2023,0.0
RE1,DEMAGRGWTWAT,1,2024,0.0
RE1,DEMAGRGWTWAT,1,2025,0.0
RE1,DEMAGRGWTWAT,1,2026,0.0521
RE1,DEMAGRGWTWAT,1,2027,0.1548
RE1,DEMAGRGWTWAT,1,2028,0.23
RE1,DEMAGRGWTWAT,1,2029,0.2
RE1,DEMAGRGWTWAT,1,2030,0.17
RE1,DEMAGRGWTWAT,1,2031,0.13
RE1,DEMAGRGWTWAT,1,2032,0.1
RE1,DEMAGRGWTWAT,1,2033,0.07
RE1,DEMAGRGWTWAT,1,2034,0.03
RE1,DEMAGRGWTWAT,1,2035,0.0
RE1,DEMPWRSURWAT,1,2020,0.1124
RE1,DEMPWRSURWAT,1,2021,0.1144
RE1,DEMPWRSURWAT,1,2022,0.1177
RE1,DEMPWRSURWAT,1,2023,0.1165
RE1,DEMPWRSURWAT,1,2024,0.1153
RE1,DEMPWRSURWAT,1,2025,0.1142
RE1,DEMPWRSURWAT,1,2026,0.097
RE1,DEMPWRSURWAT,1,2027,0.0974
RE1,DEMPWRSURWAT,1,2028,0.0977
RE1,DEMPWRSURWAT,1,2029,0.0983
RE1,DEMPWRSURWAT,1,2030,0.099
RE1,DEMPWRSURWAT,1,2031,0.0999
RE1,DEMPWRSURWAT,1,2032,0.1011
RE1,DEMPWRSURWAT,1,2033,0.1016
RE1,DEMPWRSURWAT,1,2034,0.1022
RE1,DEMPWRSURWAT,1,2035,0.1029
RE1,IMPDSL,1,2020,2.3835
RE1,IMPDSL,1,2021,2.4964
RE1,IMPDSL,1,2022,2.579
RE1,IMPDSL,1,2023,2.7223
RE1,IMPDSL,1,2024,2.776
RE1,IMPDSL,1,2025,2.8542
RE1,IMPDSL,1,2026,3.408
RE1,IMPDSL,1,2027,2.9796
RE1,IMPDSL,1,2028,3.0571
RE1,IMPDSL,1,2029,3.1515
RE1,IMPDSL,1,2030,3.2333
RE1,IMPDSL,1,2031,3.3149
RE1,IMPDSL,1,2032,3.4106
RE1,IMPDSL,1,2033,3.4861
RE1,IMPDSL,1,2034,3.5824
RE1,IMPDSL,1,2035,3.6661
RE1,DEMTRABIO,1,2020,1.1848
RE1,DEMTRABIO,1,2021,1.2204
RE1,DEMTRABIO,1,2022,1.2559
RE1,DEMTRABIO,1,2023,1.2915
RE1,DEMTRABIO,1,2024,1.327
RE1,DEMTRABIO,1,2025,1.3744
RE1,DEMTRABIO,1,2026,1.41
RE1,DEMTRABIO,1,2027,1.4455
RE1,DEMTRABIO,1,2028,1.4929
RE1,DEMTRABIO,1,2029,1.5403
RE1,DEMTRABIO,1,2030,1.5877
RE1,DEMTRABIO,1,2031,1.6351
RE1,DEMTRABIO,1,2032,1.6825
RE1,DEMTRABIO,1,2033,1.7299
RE1,DEMTRABIO,1,2034,1.7773
RE1,DEMTRABIO,1,2035,1.8246
RE1,STGIN,1,2020,0.0
RE1,STGIN,1,2021,5.0779
RE1,STGIN,1,2022,11.5367
RE1,STGIN,1,2023,11.5367
RE1,STGIN,1,2024,11.5367
RE1,STGIN,1,2025,11.5367
RE1,STGIN,1,2026,11.5367
RE1,STGIN,1,2027,12.7235
RE1,STGIN,1,2028,14.2614
RE1,STGIN,1,2029,15.9239
RE1,STGIN,1,2030,18.5766
RE1,STGIN,1,2031,21.4904
RE1,STGIN,1,2032,24.6527
RE1,STGIN,1,2033,27.7412
RE1,STGIN,1,2034,31.1106
RE1,STGIN,1,2035,34.6153
RE1,STGOUT,1,2020,0.0
RE1,STGOUT,1,2021,5.0779
RE1,STGOUT,1,2022,11.5367
RE1,STGOUT,1,2023,11.5367
RE1,STGOUT,1,2024,11.5367
RE1,STGOUT,1,2025,11.5367
RE1,STGOUT,1,2026,11.5367
RE1,STGOUT,1,2027,12.7235
RE1,STGOUT,1,2028,14.2614
RE1,STGOUT,1,2029,15.9239
RE1,STGOUT,1,2030,18.5766
RE1,STGOUT,1,2031,21.4904
RE1,STGOUT,1,2032,24.6527
RE1,STGOUT,1,2033,27.7412
RE1,STGOUT,1,2034,31.1106
RE1,STGOUT,1,2035,34.6153
